# Vectary OBJ Export units=mm
mtllib Project Name.mtl
o 000_Corps1
g Corps1
usemtl Acrylic Glass
v -1.709 53.213 0.000
v -3.256 54.606 0.000
v -1.709 53.213 5.314
v -3.256 54.606 5.314
v -21.425 47.363 0.000
v -16.730 49.599 0.000
v -21.425 47.363 5.314
v -16.730 49.599 5.314
v -11.895 51.351 0.000
v -11.895 51.351 5.314
v -6.896 52.572 0.000
v -6.896 52.572 5.314
v -30.828 41.488 0.000
v -26.231 44.589 0.000
v -30.828 41.488 5.314
v -26.231 44.589 5.314
v -34.613 38.737 0.000
v -34.613 38.737 5.314
v -31.815 42.149 0.000
v -31.815 42.149 5.314
v -23.150 52.244 0.000
v -23.150 52.244 5.314
v -16.265 60.823 0.000
v -16.265 60.823 5.314
v -12.333 66.822 0.000
v -12.333 66.822 5.314
v -11.361 79.256 0.000
v -10.828 78.577 0.000
v -11.361 79.256 5.314
v -10.828 78.577 5.314
v -10.408 77.863 0.000
v -10.408 77.863 5.314
v -9.882 76.353 0.000
v -9.882 76.353 5.314
v -9.723 74.761 0.000
v -9.723 74.761 5.314
v -9.871 73.124 0.000
v -9.871 73.124 5.314
v -10.848 69.853 0.000
v -10.848 69.853 5.314
v -19.350 82.987 0.000
v -15.041 81.716 0.000
v -19.350 82.987 5.314
v -15.041 81.716 5.314
v -13.031 80.665 0.000
v -13.031 80.665 5.314
v -12.142 80.010 0.000
v -12.142 80.010 5.314
v -17.936 82.963 0.000
v -17.936 82.963 5.314
v -14.819 82.963 0.000
v -14.819 82.963 5.314
v 9.722 93.074 0.000
v 7.038 90.762 0.000
v 9.722 93.074 5.314
v 7.038 90.762 5.314
v 4.269 88.768 0.000
v 4.269 88.768 5.314
v 1.403 87.084 0.000
v 1.403 87.084 5.314
v -1.572 85.699 0.000
v -1.572 85.699 5.314
v -4.670 84.604 0.000
v -4.670 84.604 5.314
v -7.902 83.789 0.000
v -7.902 83.789 5.314
v -11.281 83.245 0.000
v -11.281 83.245 5.314
v 10.950 94.216 0.000
v 10.950 94.216 5.314
v 7.640 79.808 0.000
v 8.042 83.492 0.000
v 7.640 79.808 5.314
v 8.042 83.492 5.314
v 8.732 87.114 0.000
v 8.732 87.114 5.314
v 9.704 90.685 0.000
v 9.704 90.685 5.314
v 7.562 78.712 0.000
v 7.562 78.712 5.314
v 7.562 74.749 0.000
v 7.562 74.749 5.314
v 7.632 73.568 0.000
v 7.632 73.568 5.314
v 12.528 55.577 0.000
v 10.632 59.883 0.000
v 12.528 55.577 5.314
v 10.632 59.883 5.314
v 9.173 64.334 0.000
v 9.173 64.334 5.314
v 8.168 68.903 0.000
v 8.168 68.903 5.314
v 12.642 55.564 0.000
v 12.642 55.564 0.354
v 12.629 55.616 0.000
v 12.642 55.564 0.709
v 12.642 55.564 1.063
v 12.647 55.525 0.709
v 12.647 55.525 1.063
v 12.646 55.510 0.709
v 12.646 55.510 1.063
v 12.644 55.499 0.709
v 12.644 55.499 1.063
v 12.642 55.494 0.709
v 12.642 55.494 1.063
v 12.640 55.491 0.709
v 12.640 55.491 1.063
v 12.637 55.488 0.709
v 12.637 55.488 1.063
v 12.634 55.486 0.709
v 12.634 55.486 1.063
v 12.630 55.485 0.709
v 12.630 55.485 1.063
v 12.626 55.485 0.709
v 12.626 55.485 1.063
v 12.621 55.486 0.709
v 12.621 55.486 1.063
v 12.616 55.487 0.709
v 12.616 55.487 1.063
v 12.605 55.493 0.709
v 12.605 55.493 1.063
v 12.593 55.503 0.709
v 12.593 55.503 1.063
v 12.593 55.503 1.417
v 12.593 55.503 1.771
v 12.605 55.493 1.771
v 12.605 55.493 2.126
v 12.616 55.487 2.126
v 12.616 55.487 2.480
v 12.621 55.486 2.480
v 12.621 55.486 2.834
v 12.626 55.485 2.834
v 12.626 55.485 3.189
v 12.630 55.485 3.189
v 12.630 55.485 3.543
v 12.634 55.486 3.543
v 12.634 55.486 3.897
v 12.637 55.488 3.897
v 12.637 55.488 4.251
v 12.640 55.491 4.251
v 12.640 55.491 4.606
v 12.642 55.494 4.606
v 12.642 55.494 4.960
v 12.644 55.499 4.960
v 12.644 55.499 5.314
v 12.646 55.510 5.314
v 12.647 55.525 0.000
v 12.647 55.525 0.354
v 12.646 55.510 0.000
v 12.646 55.510 0.354
v 12.644 55.499 0.000
v 12.644 55.499 0.354
v 12.642 55.494 0.000
v 12.642 55.494 0.354
v 12.640 55.491 0.000
v 12.640 55.491 0.354
v 12.637 55.488 0.000
v 12.637 55.488 0.354
v 12.634 55.486 0.000
v 12.634 55.486 0.354
v 12.630 55.485 0.000
v 12.630 55.485 0.354
v 12.626 55.485 0.000
v 12.626 55.485 0.354
v 12.621 55.486 0.000
v 12.621 55.486 0.354
v 12.616 55.487 0.000
v 12.616 55.487 0.354
v 12.605 55.493 0.000
v 12.605 55.493 0.354
v 12.593 55.503 0.000
v 12.593 55.503 0.354
v 12.593 55.503 2.480
v 12.593 55.503 2.126
v 12.593 55.503 5.314
v 12.593 55.503 4.960
v 12.593 55.503 4.606
v 12.593 55.503 4.251
v 12.605 55.493 4.606
v 12.605 55.493 4.251
v 12.616 55.487 4.606
v 12.616 55.487 4.251
v 12.621 55.486 4.606
v 12.621 55.486 4.251
v 12.626 55.485 4.606
v 12.626 55.485 4.251
v 12.630 55.485 4.606
v 12.630 55.485 4.251
v 12.634 55.486 4.606
v 12.634 55.486 4.251
v 12.637 55.488 4.606
v 12.605 55.493 5.314
v 12.605 55.493 4.960
v 12.616 55.487 5.314
v 12.616 55.487 4.960
v 12.621 55.486 5.314
v 12.621 55.486 4.960
v 12.626 55.485 5.314
v 12.626 55.485 4.960
v 12.630 55.485 5.314
v 12.630 55.485 4.960
v 12.634 55.486 5.314
v 12.634 55.486 4.960
v 12.637 55.488 5.314
v 12.637 55.488 4.960
v 12.640 55.491 5.314
v 12.640 55.491 4.960
v 12.642 55.494 5.314
v 12.646 55.510 4.960
v 12.647 55.525 5.314
v 12.647 55.525 4.960
v 12.642 55.564 5.314
v 12.642 55.564 4.960
v 12.629 55.616 5.314
v 12.642 55.564 4.606
v 12.642 55.564 4.251
v 12.647 55.525 4.251
v 12.647 55.525 3.897
v 12.646 55.510 3.897
v 12.646 55.510 3.543
v 12.644 55.499 3.543
v 12.644 55.499 3.189
v 12.642 55.494 3.189
v 12.642 55.494 2.834
v 12.640 55.491 2.834
v 12.640 55.491 2.480
v 12.637 55.488 2.480
v 12.637 55.488 2.126
v 12.634 55.486 2.126
v 12.634 55.486 1.771
v 12.630 55.485 1.771
v 12.630 55.485 1.417
v 12.626 55.485 1.417
v 12.642 55.564 2.834
v 12.642 55.564 3.189
v 12.642 55.564 3.543
v 12.647 55.525 3.189
v 12.647 55.525 3.543
v 12.646 55.510 3.189
v 12.642 55.564 1.417
v 12.642 55.564 1.771
v 12.647 55.525 1.417
v 12.647 55.525 1.771
v 12.646 55.510 1.417
v 12.646 55.510 1.771
v 12.644 55.499 1.417
v 12.644 55.499 1.771
v 12.642 55.494 1.417
v 12.642 55.494 1.771
v 12.640 55.491 1.417
v 12.640 55.491 1.771
v 12.637 55.488 1.417
v 12.637 55.488 1.771
v 12.634 55.486 1.417
v 12.642 55.564 2.126
v 12.647 55.525 2.126
v 12.646 55.510 2.126
v 12.644 55.499 2.126
v 12.642 55.494 2.126
v 12.640 55.491 2.126
v 12.642 55.564 3.897
v 12.593 55.503 3.189
v 12.593 55.503 3.543
v 12.593 55.503 3.897
v 12.605 55.493 3.897
v 12.647 55.525 4.606
v 12.646 55.510 4.606
v 12.646 55.510 4.251
v 12.644 55.499 4.606
v 12.644 55.499 4.251
v 12.644 55.499 3.897
v 12.605 55.493 1.417
v 12.616 55.487 1.417
v 12.616 55.487 1.771
v 12.621 55.486 1.417
v 12.621 55.486 1.771
v 12.621 55.486 2.126
v 12.642 55.564 2.480
v 12.647 55.525 2.480
v 12.646 55.510 2.480
v 12.644 55.499 2.480
v 12.642 55.494 2.480
v 12.626 55.485 1.771
v 12.630 55.485 2.126
v 12.634 55.486 2.480
v 12.637 55.488 2.834
v 12.640 55.491 3.189
v 12.642 55.494 3.543
v 12.647 55.525 2.834
v 12.646 55.510 2.834
v 12.644 55.499 2.834
v 12.626 55.485 2.126
v 12.626 55.485 2.480
v 12.605 55.493 2.480
v 12.605 55.493 2.834
v 12.593 55.503 2.834
v 12.605 55.493 3.189
v 12.605 55.493 3.543
v 12.630 55.485 2.480
v 12.634 55.486 2.834
v 12.637 55.488 3.189
v 12.640 55.491 3.543
v 12.642 55.494 3.897
v 12.616 55.487 2.834
v 12.621 55.486 3.189
v 12.626 55.485 3.543
v 12.630 55.485 3.897
v 12.630 55.485 2.834
v 12.616 55.487 3.189
v 12.616 55.487 3.543
v 12.616 55.487 3.897
v 12.634 55.486 3.189
v 12.637 55.488 3.543
v 12.640 55.491 3.897
v 12.642 55.494 4.251
v 12.621 55.486 3.543
v 12.626 55.485 3.897
v 12.621 55.486 3.897
v 11.650 61.243 0.000
v 11.650 61.243 5.314
v 15.139 74.228 0.000
v 15.173 72.774 0.000
v 15.139 74.228 5.314
v 15.173 72.774 5.314
v 14.952 71.178 0.000
v 14.952 71.178 5.314
v 13.989 67.744 0.000
v 13.989 67.744 5.314
v 12.728 64.307 0.000
v 12.728 64.307 5.314
v 13.041 76.451 0.000
v 13.466 76.354 0.000
v 13.041 76.451 5.314
v 13.466 76.354 5.314
v 13.849 76.193 0.000
v 13.849 76.193 5.314
v 14.188 75.976 0.000
v 14.188 75.976 5.314
v 14.480 75.707 0.000
v 14.480 75.707 5.314
v 14.724 75.392 0.000
v 14.724 75.392 5.314
v 14.916 75.037 0.000
v 14.916 75.037 5.314
v 15.055 74.647 0.000
v 15.055 74.647 5.314
v 11.525 76.536 0.000
v 11.525 76.536 5.314
v 18.442 88.652 0.000
v 18.442 88.652 5.314
v 31.901 120.172 0.000
v 29.119 112.057 0.000
v 31.901 120.172 5.314
v 29.119 112.057 5.314
v 25.947 104.094 0.000
v 25.947 104.094 5.314
v 22.387 96.290 0.000
v 22.387 96.290 5.314
v 31.800 119.138 0.000
v 31.895 119.647 0.000
v 31.800 119.138 5.314
v 31.895 119.647 5.314
v 31.256 116.675 0.000
v 31.256 116.675 5.314
v 29.617 109.479 0.000
v 29.617 109.479 5.314
v 27.619 100.829 0.000
v 27.619 100.829 5.314
v 26.026 92.382 0.000
v 26.026 92.382 5.314
v 25.754 89.514 0.000
v 25.754 89.514 5.314
v 25.754 87.455 0.000
v 25.754 87.455 5.314
v 26.438 84.580 0.000
v 25.930 85.977 0.000
v 26.438 84.580 5.314
v 25.930 85.977 5.314
v 37.302 85.341 0.000
v 34.575 84.025 0.000
v 37.302 85.341 5.314
v 34.575 84.025 5.314
v 31.422 82.961 0.000
v 31.422 82.961 5.314
v 29.888 82.758 0.000
v 29.888 82.758 5.314
v 29.168 82.779 0.000
v 29.168 82.779 5.314
v 28.492 82.898 0.000
v 28.492 82.898 5.314
v 27.871 83.125 0.000
v 27.871 83.125 5.314
v 27.315 83.474 0.000
v 27.315 83.474 5.314
v 26.834 83.955 0.000
v 26.834 83.955 5.314
v 45.128 90.090 0.000
v 45.128 90.090 5.314
v 43.574 88.566 0.000
v 43.574 88.566 5.314
v 38.826 83.803 0.000
v 38.826 83.803 5.314
v 19.809 58.243 0.000
v 24.022 65.016 0.000
v 19.809 58.243 5.314
v 24.022 65.016 5.314
v 28.601 71.574 0.000
v 28.601 71.574 5.314
v 33.538 77.856 0.000
v 33.538 77.856 5.314
v 6.381 30.974 0.000
v 12.573 44.725 0.000
v 6.381 30.974 5.314
v 12.573 44.725 5.314
v 16.005 51.453 0.000
v 16.005 51.453 5.314
v 0.210 15.478 -0.000
v 0.210 15.478 5.314
v 0.140 15.299 -0.000
v 0.140 15.299 5.314
v 0.094 15.292 -0.000
v 0.094 15.292 0.156
v 0.094 15.299 -0.000
v 0.094 15.292 0.313
v 0.094 15.292 0.469
v 0.095 15.289 0.313
v 0.095 15.289 0.469
v 0.097 15.287 0.313
v 0.097 15.287 0.469
v 0.098 15.286 0.313
v 0.098 15.286 0.469
v 0.100 15.284 0.313
v 0.100 15.284 0.469
v 0.103 15.284 0.313
v 0.103 15.284 0.469
v 0.105 15.283 0.313
v 0.105 15.283 0.469
v 0.112 15.284 0.313
v 0.112 15.284 0.469
v 0.120 15.287 0.313
v 0.120 15.287 0.469
v 0.120 15.287 0.625
v 0.120 15.287 0.782
v 0.112 15.284 0.782
v 0.112 15.284 0.938
v 0.105 15.283 0.938
v 0.105 15.283 1.094
v 0.103 15.284 1.094
v 0.103 15.284 1.250
v 0.100 15.284 1.250
v 0.100 15.284 1.407
v 0.098 15.286 1.407
v 0.098 15.286 1.563
v 0.097 15.287 1.563
v 0.097 15.287 1.719
v 0.095 15.289 1.719
v 0.095 15.289 1.876
v 0.094 15.292 1.876
v 0.094 15.292 2.032
v 0.094 15.292 2.188
v 0.094 15.292 2.345
v 0.095 15.289 2.188
v 0.095 15.289 2.345
v 0.097 15.287 2.188
v 0.097 15.287 2.345
v 0.098 15.286 2.188
v 0.098 15.286 2.345
v 0.100 15.284 2.188
v 0.100 15.284 2.345
v 0.103 15.284 2.188
v 0.103 15.284 2.345
v 0.105 15.283 2.188
v 0.105 15.283 2.345
v 0.112 15.284 2.188
v 0.112 15.284 2.345
v 0.120 15.287 2.188
v 0.120 15.287 2.345
v 0.120 15.287 2.501
v 0.120 15.287 2.657
v 0.112 15.284 2.657
v 0.112 15.284 2.813
v 0.105 15.283 2.813
v 0.105 15.283 2.970
v 0.103 15.284 2.970
v 0.103 15.284 3.126
v 0.100 15.284 3.126
v 0.100 15.284 3.282
v 0.098 15.286 3.282
v 0.098 15.286 3.439
v 0.097 15.287 3.439
v 0.097 15.287 3.595
v 0.095 15.289 3.595
v 0.095 15.289 3.751
v 0.094 15.292 3.751
v 0.094 15.292 3.908
v 0.094 15.299 5.314
v 0.094 15.292 4.064
v 0.094 15.292 4.220
v 0.095 15.289 4.064
v 0.095 15.289 4.220
v 0.097 15.287 4.064
v 0.097 15.287 4.220
v 0.098 15.286 4.064
v 0.098 15.286 4.220
v 0.100 15.284 4.064
v 0.100 15.284 4.220
v 0.103 15.284 4.064
v 0.103 15.284 4.220
v 0.105 15.283 4.064
v 0.105 15.283 4.220
v 0.112 15.284 4.064
v 0.112 15.284 4.220
v 0.120 15.287 4.064
v 0.120 15.287 4.220
v 0.120 15.287 4.376
v 0.120 15.287 4.533
v 0.112 15.284 4.533
v 0.112 15.284 4.689
v 0.105 15.283 4.689
v 0.105 15.283 4.845
v 0.103 15.284 4.845
v 0.103 15.284 5.002
v 0.100 15.284 5.002
v 0.100 15.284 5.158
v 0.098 15.286 5.158
v 0.098 15.286 5.314
v 0.097 15.287 5.314
v 0.095 15.289 -0.000
v 0.095 15.289 0.156
v 0.097 15.287 -0.000
v 0.097 15.287 0.156
v 0.098 15.286 -0.000
v 0.098 15.286 0.156
v 0.100 15.284 -0.000
v 0.100 15.284 0.156
v 0.103 15.284 -0.000
v 0.103 15.284 0.156
v 0.105 15.283 -0.000
v 0.105 15.283 0.156
v 0.112 15.284 -0.000
v 0.112 15.284 0.156
v 0.120 15.287 -0.000
v 0.120 15.287 0.156
v 0.120 15.287 2.813
v 0.112 15.284 2.970
v 0.105 15.283 3.126
v 0.103 15.284 3.282
v 0.100 15.284 3.439
v 0.098 15.286 3.595
v 0.097 15.287 3.751
v 0.095 15.289 3.908
v 0.120 15.287 5.314
v 0.120 15.287 5.158
v 0.120 15.287 5.002
v 0.120 15.287 4.845
v 0.112 15.284 5.002
v 0.112 15.284 4.845
v 0.105 15.283 5.002
v 0.112 15.284 5.314
v 0.112 15.284 5.158
v 0.105 15.283 5.314
v 0.105 15.283 5.158
v 0.103 15.284 5.314
v 0.103 15.284 5.158
v 0.100 15.284 5.314
v 0.097 15.287 5.158
v 0.095 15.289 5.314
v 0.095 15.289 5.158
v 0.094 15.292 5.314
v 0.094 15.292 5.158
v 0.094 15.292 5.002
v 0.094 15.292 4.845
v 0.095 15.289 4.845
v 0.095 15.289 4.689
v 0.097 15.287 4.689
v 0.097 15.287 4.533
v 0.098 15.286 4.533
v 0.098 15.286 4.376
v 0.100 15.284 4.376
v 0.094 15.292 2.657
v 0.094 15.292 2.813
v 0.094 15.292 2.970
v 0.095 15.289 2.813
v 0.095 15.289 2.970
v 0.097 15.287 2.813
v 0.097 15.287 2.970
v 0.098 15.286 2.813
v 0.098 15.286 2.970
v 0.100 15.284 2.813
v 0.100 15.284 2.970
v 0.103 15.284 2.813
v 0.094 15.292 0.625
v 0.094 15.292 0.782
v 0.095 15.289 0.625
v 0.095 15.289 0.782
v 0.097 15.287 0.625
v 0.097 15.287 0.782
v 0.098 15.286 0.625
v 0.098 15.286 0.782
v 0.100 15.284 0.625
v 0.100 15.284 0.782
v 0.103 15.284 0.625
v 0.103 15.284 0.782
v 0.105 15.283 0.625
v 0.105 15.283 0.782
v 0.112 15.284 0.625
v 0.094 15.292 0.938
v 0.095 15.289 0.938
v 0.097 15.287 0.938
v 0.098 15.286 0.938
v 0.100 15.284 0.938
v 0.103 15.284 0.938
v 0.094 15.292 1.250
v 0.094 15.292 1.407
v 0.095 15.289 1.250
v 0.095 15.289 1.407
v 0.097 15.287 1.250
v 0.097 15.287 1.407
v 0.098 15.286 1.250
v 0.094 15.292 1.563
v 0.095 15.289 1.563
v 0.094 15.292 2.501
v 0.095 15.289 2.501
v 0.095 15.289 2.657
v 0.097 15.287 2.501
v 0.097 15.287 2.657
v 0.098 15.286 2.501
v 0.098 15.286 2.657
v 0.100 15.284 2.501
v 0.100 15.284 2.657
v 0.103 15.284 2.501
v 0.103 15.284 2.657
v 0.105 15.283 2.501
v 0.105 15.283 2.657
v 0.112 15.284 2.501
v 0.094 15.292 3.126
v 0.095 15.289 3.126
v 0.097 15.287 3.126
v 0.098 15.286 3.126
v 0.094 15.292 3.282
v 0.095 15.289 3.282
v 0.097 15.287 3.282
v 0.094 15.292 3.595
v 0.094 15.292 3.439
v 0.094 15.292 4.376
v 0.095 15.289 4.376
v 0.097 15.287 4.376
v 0.094 15.292 4.533
v 0.095 15.289 4.533
v 0.120 15.287 0.938
v 0.120 15.287 1.094
v 0.112 15.284 1.094
v 0.112 15.284 1.250
v 0.105 15.283 1.250
v 0.105 15.283 1.407
v 0.103 15.284 1.407
v 0.103 15.284 1.563
v 0.100 15.284 1.563
v 0.100 15.284 1.719
v 0.098 15.286 1.719
v 0.098 15.286 1.876
v 0.097 15.287 1.876
v 0.097 15.287 2.032
v 0.095 15.289 2.032
v 0.120 15.287 1.407
v 0.120 15.287 1.563
v 0.120 15.287 1.719
v 0.112 15.284 1.719
v 0.112 15.284 1.876
v 0.105 15.283 1.876
v 0.105 15.283 2.032
v 0.103 15.284 2.032
v 0.120 15.287 2.032
v 0.112 15.284 2.032
v 0.120 15.287 3.126
v 0.120 15.287 3.282
v 0.120 15.287 3.439
v 0.112 15.284 3.439
v 0.112 15.284 3.595
v 0.105 15.283 3.595
v 0.105 15.283 3.751
v 0.103 15.284 3.751
v 0.103 15.284 3.908
v 0.100 15.284 3.908
v 0.120 15.287 3.751
v 0.120 15.287 3.908
v 0.120 15.287 4.689
v 0.095 15.289 5.002
v 0.097 15.287 5.002
v 0.097 15.287 4.845
v 0.098 15.286 5.002
v 0.098 15.286 4.845
v 0.098 15.286 4.689
v 0.094 15.292 1.094
v 0.095 15.289 1.094
v 0.097 15.287 1.094
v 0.098 15.286 1.094
v 0.100 15.284 1.094
v 0.094 15.292 1.719
v 0.120 15.287 1.250
v 0.112 15.284 1.407
v 0.112 15.284 1.563
v 0.105 15.283 1.563
v 0.103 15.284 1.719
v 0.100 15.284 1.876
v 0.098 15.286 2.032
v 0.105 15.283 1.719
v 0.103 15.284 1.876
v 0.100 15.284 2.032
v 0.120 15.287 1.876
v 0.094 15.292 4.689
v 0.120 15.287 2.970
v 0.112 15.284 3.126
v 0.112 15.284 3.282
v 0.105 15.283 3.282
v 0.103 15.284 3.439
v 0.100 15.284 3.595
v 0.098 15.286 3.751
v 0.097 15.287 3.908
v 0.105 15.283 3.439
v 0.095 15.289 3.439
v 0.103 15.284 3.595
v 0.100 15.284 3.751
v 0.098 15.286 3.908
v 0.120 15.287 3.595
v 0.112 15.284 3.751
v 0.112 15.284 3.908
v 0.105 15.283 3.908
v 0.112 15.284 4.376
v 0.105 15.283 4.376
v 0.105 15.283 4.533
v 0.103 15.284 4.376
v 0.103 15.284 4.533
v 0.103 15.284 4.689
v 0.100 15.284 4.533
v 0.100 15.284 4.689
v 0.100 15.284 4.845
v 0.094 15.493 -0.000
v 0.094 15.493 5.314
v 3.272 31.494 0.000
v 2.059 23.421 -0.000
v 3.272 31.494 5.314
v 2.059 23.421 5.314
v 3.591 35.310 0.000
v 3.591 35.310 5.314
v 3.684 36.903 0.000
v 3.684 36.903 5.314
v 3.684 46.563 0.000
v 3.684 46.563 5.314
v 3.583 48.708 0.000
v 3.583 48.708 5.314
v 2.518 59.603 0.000
v 2.518 59.603 5.314
v -0.194 76.078 0.000
v -0.194 76.078 5.314
v -0.272 76.257 0.000
v -0.272 76.257 5.314
v -0.298 76.248 0.000
v -0.298 76.248 0.077
v -0.303 76.226 0.000
v -0.298 76.248 0.154
v -0.298 76.248 0.231
v -0.295 76.255 0.154
v -0.295 76.255 0.231
v -0.293 76.258 0.154
v -0.293 76.258 0.231
v -0.291 76.261 0.154
v -0.291 76.261 0.231
v -0.289 76.262 0.154
v -0.289 76.262 0.231
v -0.287 76.263 0.154
v -0.287 76.263 0.231
v -0.286 76.264 0.154
v -0.286 76.264 0.231
v -0.285 76.264 0.154
v -0.285 76.264 0.231
v -0.282 76.263 0.154
v -0.282 76.263 0.231
v -0.280 76.263 0.154
v -0.280 76.263 0.231
v -0.277 76.261 0.154
v -0.277 76.261 0.231
v -0.277 76.261 0.308
v -0.277 76.261 0.385
v -0.280 76.263 0.385
v -0.280 76.263 0.462
v -0.282 76.263 0.462
v -0.282 76.263 0.539
v -0.285 76.264 0.539
v -0.285 76.264 0.616
v -0.286 76.264 0.616
v -0.286 76.264 0.693
v -0.287 76.263 0.693
v -0.287 76.263 0.770
v -0.289 76.262 0.770
v -0.289 76.262 0.847
v -0.291 76.261 0.847
v -0.291 76.261 0.924
v -0.293 76.258 0.924
v -0.293 76.258 1.001
v -0.295 76.255 1.001
v -0.295 76.255 1.078
v -0.298 76.248 1.078
v -0.298 76.248 1.155
v -0.298 76.248 1.232
v -0.298 76.248 1.309
v -0.295 76.255 1.232
v -0.295 76.255 1.309
v -0.293 76.258 1.232
v -0.293 76.258 1.309
v -0.291 76.261 1.232
v -0.291 76.261 1.309
v -0.289 76.262 1.232
v -0.289 76.262 1.309
v -0.287 76.263 1.232
v -0.287 76.263 1.309
v -0.286 76.264 1.232
v -0.286 76.264 1.309
v -0.285 76.264 1.232
v -0.285 76.264 1.309
v -0.282 76.263 1.232
v -0.282 76.263 1.309
v -0.280 76.263 1.232
v -0.280 76.263 1.309
v -0.277 76.261 1.232
v -0.277 76.261 1.309
v -0.277 76.261 1.386
v -0.277 76.261 1.463
v -0.280 76.263 1.463
v -0.280 76.263 1.540
v -0.282 76.263 1.540
v -0.282 76.263 1.617
v -0.285 76.264 1.617
v -0.285 76.264 1.694
v -0.286 76.264 1.694
v -0.286 76.264 1.771
v -0.287 76.263 1.771
v -0.287 76.263 1.848
v -0.289 76.262 1.848
v -0.289 76.262 1.925
v -0.291 76.261 1.925
v -0.291 76.261 2.002
v -0.293 76.258 2.002
v -0.293 76.258 2.079
v -0.295 76.255 2.079
v -0.295 76.255 2.156
v -0.298 76.248 2.156
v -0.298 76.248 2.234
v -0.298 76.248 2.311
v -0.298 76.248 2.388
v -0.295 76.255 2.311
v -0.295 76.255 2.388
v -0.293 76.258 2.311
v -0.293 76.258 2.388
v -0.291 76.261 2.311
v -0.291 76.261 2.388
v -0.289 76.262 2.311
v -0.289 76.262 2.388
v -0.287 76.263 2.311
v -0.287 76.263 2.388
v -0.286 76.264 2.311
v -0.286 76.264 2.388
v -0.285 76.264 2.311
v -0.285 76.264 2.388
v -0.282 76.263 2.311
v -0.282 76.263 2.388
v -0.280 76.263 2.311
v -0.280 76.263 2.388
v -0.277 76.261 2.311
v -0.277 76.261 2.388
v -0.277 76.261 2.465
v -0.277 76.261 2.542
v -0.280 76.263 2.542
v -0.280 76.263 2.619
v -0.282 76.263 2.619
v -0.282 76.263 2.696
v -0.285 76.264 2.696
v -0.285 76.264 2.773
v -0.286 76.264 2.773
v -0.286 76.264 2.850
v -0.287 76.263 2.850
v -0.287 76.263 2.927
v -0.289 76.262 2.927
v -0.289 76.262 3.004
v -0.291 76.261 3.004
v -0.291 76.261 3.081
v -0.293 76.258 3.081
v -0.293 76.258 3.158
v -0.295 76.255 3.158
v -0.295 76.255 3.235
v -0.298 76.248 3.235
v -0.298 76.248 3.312
v -0.303 76.226 5.314
v -0.298 76.248 3.389
v -0.298 76.248 3.466
v -0.295 76.255 3.389
v -0.295 76.255 3.466
v -0.293 76.258 3.389
v -0.293 76.258 3.466
v -0.291 76.261 3.389
v -0.291 76.261 3.466
v -0.289 76.262 3.389
v -0.289 76.262 3.466
v -0.287 76.263 3.389
v -0.287 76.263 3.466
v -0.286 76.264 3.389
v -0.286 76.264 3.466
v -0.285 76.264 3.389
v -0.285 76.264 3.466
v -0.282 76.263 3.389
v -0.282 76.263 3.466
v -0.280 76.263 3.389
v -0.280 76.263 3.466
v -0.277 76.261 3.389
v -0.277 76.261 3.466
v -0.277 76.261 3.543
v -0.277 76.261 3.620
v -0.280 76.263 3.620
v -0.280 76.263 3.697
v -0.282 76.263 3.697
v -0.282 76.263 3.774
v -0.285 76.264 3.774
v -0.285 76.264 3.851
v -0.286 76.264 3.851
v -0.286 76.264 3.928
v -0.287 76.263 3.928
v -0.287 76.263 4.005
v -0.289 76.262 4.005
v -0.289 76.262 4.082
v -0.291 76.261 4.082
v -0.291 76.261 4.159
v -0.293 76.258 4.159
v -0.293 76.258 4.236
v -0.295 76.255 4.236
v -0.295 76.255 4.313
v -0.298 76.248 4.313
v -0.298 76.248 4.390
v -0.298 76.248 4.467
v -0.298 76.248 4.544
v -0.295 76.255 4.467
v -0.295 76.255 4.544
v -0.293 76.258 4.467
v -0.293 76.258 4.544
v -0.291 76.261 4.467
v -0.291 76.261 4.544
v -0.289 76.262 4.467
v -0.289 76.262 4.544
v -0.287 76.263 4.467
v -0.287 76.263 4.544
v -0.286 76.264 4.467
v -0.286 76.264 4.544
v -0.285 76.264 4.467
v -0.285 76.264 4.544
v -0.282 76.263 4.467
v -0.282 76.263 4.544
v -0.280 76.263 4.467
v -0.280 76.263 4.544
v -0.277 76.261 4.467
v -0.277 76.261 4.544
v -0.277 76.261 4.621
v -0.277 76.261 4.698
v -0.280 76.263 4.698
v -0.280 76.263 4.775
v -0.282 76.263 4.775
v -0.282 76.263 4.852
v -0.285 76.264 4.852
v -0.285 76.264 4.929
v -0.286 76.264 4.929
v -0.286 76.264 5.006
v -0.287 76.263 5.006
v -0.287 76.263 5.083
v -0.289 76.262 5.083
v -0.289 76.262 5.160
v -0.291 76.261 5.160
v -0.291 76.261 5.237
v -0.293 76.258 5.237
v -0.293 76.258 5.314
v -0.295 76.255 5.314
v -0.295 76.255 0.000
v -0.295 76.255 0.077
v -0.293 76.258 0.000
v -0.293 76.258 0.077
v -0.291 76.261 0.000
v -0.291 76.261 0.077
v -0.289 76.262 0.000
v -0.289 76.262 0.077
v -0.287 76.263 0.000
v -0.287 76.263 0.077
v -0.286 76.264 0.000
v -0.286 76.264 0.077
v -0.285 76.264 0.000
v -0.285 76.264 0.077
v -0.282 76.263 0.000
v -0.282 76.263 0.077
v -0.280 76.263 0.000
v -0.280 76.263 0.077
v -0.277 76.261 0.000
v -0.277 76.261 0.077
v -0.277 76.261 2.619
v -0.277 76.261 2.696
v -0.277 76.261 2.773
v -0.280 76.263 2.773
v -0.280 76.263 2.850
v -0.282 76.263 2.850
v -0.282 76.263 2.927
v -0.285 76.264 2.927
v -0.285 76.264 3.004
v -0.286 76.264 3.004
v -0.286 76.264 3.081
v -0.287 76.263 3.081
v -0.287 76.263 3.158
v -0.289 76.262 3.158
v -0.289 76.262 3.235
v -0.291 76.261 3.235
v -0.291 76.261 3.312
v -0.293 76.258 3.312
v -0.277 76.261 5.314
v -0.277 76.261 5.237
v -0.277 76.261 5.160
v -0.277 76.261 5.083
v -0.280 76.263 5.160
v -0.280 76.263 5.083
v -0.282 76.263 5.160
v -0.282 76.263 5.083
v -0.285 76.264 5.160
v -0.285 76.264 5.083
v -0.286 76.264 5.160
v -0.286 76.264 5.083
v -0.287 76.263 5.160
v -0.280 76.263 5.314
v -0.280 76.263 5.237
v -0.282 76.263 5.314
v -0.282 76.263 5.237
v -0.285 76.264 5.314
v -0.285 76.264 5.237
v -0.286 76.264 5.314
v -0.286 76.264 5.237
v -0.287 76.263 5.314
v -0.287 76.263 5.237
v -0.289 76.262 5.314
v -0.289 76.262 5.237
v -0.291 76.261 5.314
v -0.295 76.255 5.237
v -0.298 76.248 5.314
v -0.298 76.248 5.237
v -0.298 76.248 5.160
v -0.298 76.248 5.083
v -0.295 76.255 5.083
v -0.295 76.255 5.006
v -0.293 76.258 5.006
v -0.293 76.258 4.929
v -0.291 76.261 4.929
v -0.291 76.261 4.852
v -0.289 76.262 4.852
v -0.289 76.262 4.775
v -0.287 76.263 4.775
v -0.287 76.263 4.698
v -0.286 76.264 4.698
v -0.286 76.264 4.621
v -0.285 76.264 4.621
v -0.298 76.248 2.696
v -0.298 76.248 2.773
v -0.298 76.248 2.850
v -0.295 76.255 2.773
v -0.295 76.255 2.850
v -0.293 76.258 2.773
v -0.293 76.258 2.850
v -0.291 76.261 2.773
v -0.291 76.261 2.850
v -0.289 76.262 2.773
v -0.289 76.262 2.850
v -0.287 76.263 2.773
v -0.298 76.248 0.308
v -0.298 76.248 0.385
v -0.295 76.255 0.308
v -0.295 76.255 0.385
v -0.293 76.258 0.308
v -0.293 76.258 0.385
v -0.291 76.261 0.308
v -0.291 76.261 0.385
v -0.289 76.262 0.308
v -0.289 76.262 0.385
v -0.287 76.263 0.308
v -0.287 76.263 0.385
v -0.286 76.264 0.308
v -0.286 76.264 0.385
v -0.285 76.264 0.308
v -0.285 76.264 0.385
v -0.282 76.263 0.308
v -0.282 76.263 0.385
v -0.280 76.263 0.308
v -0.298 76.248 0.462
v -0.295 76.255 0.462
v -0.293 76.258 0.462
v -0.291 76.261 0.462
v -0.289 76.262 0.462
v -0.287 76.263 0.462
v -0.286 76.264 0.462
v -0.285 76.264 0.462
v -0.298 76.248 0.616
v -0.298 76.248 0.693
v -0.295 76.255 0.616
v -0.295 76.255 0.693
v -0.293 76.258 0.616
v -0.293 76.258 0.693
v -0.291 76.261 0.616
v -0.291 76.261 0.693
v -0.289 76.262 0.616
v -0.289 76.262 0.693
v -0.287 76.263 0.616
v -0.298 76.248 0.770
v -0.295 76.255 0.770
v -0.293 76.258 0.770
v -0.291 76.261 0.770
v -0.298 76.248 0.924
v -0.298 76.248 1.001
v -0.295 76.255 0.924
v -0.298 76.248 1.386
v -0.295 76.255 1.386
v -0.293 76.258 1.386
v -0.291 76.261 1.386
v -0.289 76.262 1.386
v -0.287 76.263 1.386
v -0.286 76.264 1.386
v -0.285 76.264 1.386
v -0.282 76.263 1.386
v -0.280 76.263 1.386
v -0.298 76.248 1.540
v -0.298 76.248 1.617
v -0.295 76.255 1.540
v -0.295 76.255 1.617
v -0.293 76.258 1.540
v -0.293 76.258 1.617
v -0.291 76.261 1.540
v -0.291 76.261 1.617
v -0.289 76.262 1.540
v -0.289 76.262 1.617
v -0.287 76.263 1.540
v -0.287 76.263 1.617
v -0.286 76.264 1.540
v -0.286 76.264 1.617
v -0.285 76.264 1.540
v -0.298 76.248 1.694
v -0.295 76.255 1.694
v -0.293 76.258 1.694
v -0.291 76.261 1.694
v -0.289 76.262 1.694
v -0.287 76.263 1.694
v -0.298 76.248 1.848
v -0.298 76.248 1.925
v -0.295 76.255 1.848
v -0.295 76.255 1.925
v -0.293 76.258 1.848
v -0.293 76.258 1.925
v -0.291 76.261 1.848
v -0.298 76.248 2.002
v -0.295 76.255 2.002
v -0.298 76.248 2.465
v -0.298 76.248 2.542
v -0.295 76.255 2.465
v -0.295 76.255 2.542
v -0.293 76.258 2.465
v -0.293 76.258 2.542
v -0.291 76.261 2.465
v -0.291 76.261 2.542
v -0.289 76.262 2.465
v -0.289 76.262 2.542
v -0.287 76.263 2.465
v -0.287 76.263 2.542
v -0.286 76.264 2.465
v -0.286 76.264 2.542
v -0.285 76.264 2.465
v -0.285 76.264 2.542
v -0.282 76.263 2.465
v -0.282 76.263 2.542
v -0.280 76.263 2.465
v -0.298 76.248 2.619
v -0.295 76.255 2.619
v -0.293 76.258 2.619
v -0.291 76.261 2.619
v -0.289 76.262 2.619
v -0.287 76.263 2.619
v -0.286 76.264 2.619
v -0.285 76.264 2.619
v -0.298 76.248 3.004
v -0.298 76.248 3.081
v -0.295 76.255 3.004
v -0.295 76.255 3.081
v -0.293 76.258 3.004
v -0.298 76.248 3.158
v -0.298 76.248 3.620
v -0.298 76.248 3.697
v -0.295 76.255 3.620
v -0.295 76.255 3.697
v -0.293 76.258 3.620
v -0.293 76.258 3.697
v -0.291 76.261 3.620
v -0.291 76.261 3.697
v -0.289 76.262 3.620
v -0.289 76.262 3.697
v -0.287 76.263 3.620
v -0.287 76.263 3.697
v -0.286 76.264 3.620
v -0.286 76.264 3.697
v -0.285 76.264 3.620
v -0.285 76.264 3.697
v -0.282 76.263 3.620
v -0.298 76.248 3.774
v -0.295 76.255 3.774
v -0.293 76.258 3.774
v -0.291 76.261 3.774
v -0.289 76.262 3.774
v -0.287 76.263 3.774
v -0.286 76.264 3.774
v -0.298 76.248 3.928
v -0.298 76.248 4.005
v -0.295 76.255 3.928
v -0.295 76.255 4.005
v -0.293 76.258 3.928
v -0.293 76.258 4.005
v -0.291 76.261 3.928
v -0.291 76.261 4.005
v -0.289 76.262 3.928
v -0.298 76.248 4.082
v -0.295 76.255 4.082
v -0.293 76.258 4.082
v -0.298 76.248 4.236
v -0.298 76.248 4.159
v -0.298 76.248 4.621
v -0.295 76.255 4.621
v -0.293 76.258 4.621
v -0.291 76.261 4.621
v -0.289 76.262 4.621
v -0.287 76.263 4.621
v -0.298 76.248 4.698
v -0.295 76.255 4.698
v -0.293 76.258 4.698
v -0.291 76.261 4.698
v -0.289 76.262 4.698
v -0.298 76.248 4.852
v -0.298 76.248 4.929
v -0.295 76.255 4.852
v -0.295 76.255 4.929
v -0.293 76.258 4.852
v -0.298 76.248 5.006
v -0.277 76.261 0.462
v -0.277 76.261 0.539
v -0.277 76.261 0.616
v -0.280 76.263 0.616
v -0.280 76.263 0.693
v -0.282 76.263 0.693
v -0.282 76.263 0.770
v -0.285 76.264 0.770
v -0.285 76.264 0.847
v -0.286 76.264 0.847
v -0.286 76.264 0.924
v -0.287 76.263 0.924
v -0.287 76.263 1.001
v -0.289 76.262 1.001
v -0.289 76.262 1.078
v -0.291 76.261 1.078
v -0.291 76.261 1.155
v -0.293 76.258 1.155
v -0.277 76.261 0.693
v -0.277 76.261 0.770
v -0.280 76.263 0.770
v -0.280 76.263 0.847
v -0.282 76.263 0.847
v -0.282 76.263 0.924
v -0.285 76.264 0.924
v -0.285 76.264 1.001
v -0.286 76.264 1.001
v -0.286 76.264 1.078
v -0.287 76.263 1.078
v -0.287 76.263 1.155
v -0.289 76.262 1.155
v -0.277 76.261 0.924
v -0.277 76.261 1.001
v -0.277 76.261 1.078
v -0.280 76.263 1.078
v -0.280 76.263 1.155
v -0.282 76.263 1.155
v -0.277 76.261 1.540
v -0.277 76.261 1.617
v -0.277 76.261 1.694
v -0.280 76.263 1.694
v -0.280 76.263 1.771
v -0.282 76.263 1.771
v -0.282 76.263 1.848
v -0.285 76.264 1.848
v -0.285 76.264 1.925
v -0.286 76.264 1.925
v -0.286 76.264 2.002
v -0.287 76.263 2.002
v -0.287 76.263 2.079
v -0.289 76.262 2.079
v -0.289 76.262 2.156
v -0.291 76.261 2.156
v -0.291 76.261 2.234
v -0.293 76.258 2.234
v -0.277 76.261 1.848
v -0.277 76.261 1.925
v -0.277 76.261 2.002
v -0.280 76.263 2.002
v -0.280 76.263 2.079
v -0.282 76.263 2.079
v -0.282 76.263 2.156
v -0.285 76.264 2.156
v -0.285 76.264 2.234
v -0.286 76.264 2.234
v -0.277 76.261 2.156
v -0.277 76.261 2.234
v -0.277 76.261 2.850
v -0.277 76.261 2.927
v -0.277 76.261 3.004
v -0.280 76.263 3.004
v -0.280 76.263 3.081
v -0.282 76.263 3.081
v -0.282 76.263 3.158
v -0.285 76.264 3.158
v -0.285 76.264 3.235
v -0.286 76.264 3.235
v -0.286 76.264 3.312
v -0.287 76.263 3.312
v -0.277 76.261 3.081
v -0.277 76.261 3.158
v -0.280 76.263 3.158
v -0.280 76.263 3.235
v -0.282 76.263 3.235
v -0.282 76.263 3.312
v -0.285 76.264 3.312
v -0.277 76.261 3.312
v -0.280 76.263 3.312
v -0.277 76.261 3.697
v -0.277 76.261 3.774
v -0.280 76.263 3.774
v -0.280 76.263 3.851
v -0.282 76.263 3.851
v -0.282 76.263 3.928
v -0.285 76.264 3.928
v -0.285 76.264 4.005
v -0.286 76.264 4.005
v -0.286 76.264 4.082
v -0.287 76.263 4.082
v -0.287 76.263 4.159
v -0.289 76.262 4.159
v -0.289 76.262 4.236
v -0.291 76.261 4.236
v -0.291 76.261 4.313
v -0.293 76.258 4.313
v -0.293 76.258 4.390
v -0.295 76.255 4.390
v -0.277 76.261 3.928
v -0.277 76.261 4.005
v -0.277 76.261 4.082
v -0.280 76.263 4.082
v -0.280 76.263 4.159
v -0.282 76.263 4.159
v -0.282 76.263 4.236
v -0.285 76.264 4.236
v -0.285 76.264 4.313
v -0.286 76.264 4.313
v -0.286 76.264 4.390
v -0.287 76.263 4.390
v -0.277 76.261 4.236
v -0.277 76.261 4.313
v -0.277 76.261 4.390
v -0.280 76.263 4.390
v -0.277 76.261 4.852
v -0.277 76.261 4.929
v -0.277 76.261 5.006
v -0.280 76.263 5.006
v -0.295 76.255 5.160
v -0.293 76.258 5.160
v -0.293 76.258 5.083
v -0.298 76.248 0.539
v -0.295 76.255 0.539
v -0.293 76.258 0.539
v -0.291 76.261 0.539
v -0.289 76.262 0.539
v -0.287 76.263 0.539
v -0.286 76.264 0.539
v -0.298 76.248 0.847
v -0.295 76.255 0.847
v -0.293 76.258 0.847
v -0.280 76.263 0.539
v -0.282 76.263 0.616
v -0.285 76.264 0.693
v -0.286 76.264 0.770
v -0.287 76.263 0.847
v -0.289 76.262 0.924
v -0.291 76.261 1.001
v -0.293 76.258 1.078
v -0.295 76.255 1.155
v -0.298 76.248 1.463
v -0.295 76.255 1.463
v -0.293 76.258 1.463
v -0.291 76.261 1.463
v -0.289 76.262 1.463
v -0.287 76.263 1.463
v -0.286 76.264 1.463
v -0.285 76.264 1.463
v -0.282 76.263 1.463
v -0.277 76.261 0.847
v -0.280 76.263 0.924
v -0.280 76.263 1.001
v -0.298 76.248 1.771
v -0.295 76.255 1.771
v -0.293 76.258 1.771
v -0.291 76.261 1.771
v -0.289 76.262 1.771
v -0.282 76.263 1.001
v -0.285 76.264 1.078
v -0.286 76.264 1.155
v -0.282 76.263 1.078
v -0.298 76.248 2.079
v -0.285 76.264 1.155
v -0.277 76.261 1.155
v -0.295 76.255 2.696
v -0.293 76.258 2.696
v -0.291 76.261 2.696
v -0.289 76.262 2.696
v -0.287 76.263 2.696
v -0.286 76.264 2.696
v -0.298 76.248 2.927
v -0.295 76.255 2.927
v -0.293 76.258 2.927
v -0.291 76.261 2.927
v -0.280 76.263 1.617
v -0.282 76.263 1.694
v -0.285 76.264 1.771
v -0.286 76.264 1.848
v -0.287 76.263 1.925
v -0.289 76.262 2.002
v -0.291 76.261 2.079
v -0.293 76.258 2.156
v -0.295 76.255 2.234
v -0.277 76.261 1.771
v -0.280 76.263 1.848
v -0.280 76.263 1.925
v -0.298 76.248 3.543
v -0.295 76.255 3.543
v -0.293 76.258 3.543
v -0.291 76.261 3.543
v -0.289 76.262 3.543
v -0.287 76.263 3.543
v -0.286 76.264 3.543
v -0.285 76.264 3.543
v -0.282 76.263 3.543
v -0.280 76.263 3.543
v -0.282 76.263 1.925
v -0.285 76.264 2.002
v -0.286 76.264 2.079
v -0.287 76.263 2.156
v -0.289 76.262 2.234
v -0.282 76.263 2.002
v -0.298 76.248 3.851
v -0.295 76.255 3.851
v -0.293 76.258 3.851
v -0.291 76.261 3.851
v -0.289 76.262 3.851
v -0.287 76.263 3.851
v -0.285 76.264 2.079
v -0.286 76.264 2.156
v -0.287 76.263 2.234
v -0.277 76.261 2.079
v -0.280 76.263 2.156
v -0.280 76.263 2.234
v -0.282 76.263 2.234
v -0.298 76.248 4.775
v -0.295 76.255 4.775
v -0.293 76.258 4.775
v -0.291 76.261 4.775
v -0.280 76.263 2.696
v -0.282 76.263 2.773
v -0.285 76.264 2.850
v -0.286 76.264 2.927
v -0.287 76.263 3.004
v -0.289 76.262 3.081
v -0.291 76.261 3.158
v -0.293 76.258 3.235
v -0.295 76.255 3.312
v -0.280 76.263 2.927
v -0.282 76.263 3.004
v -0.285 76.264 3.081
v -0.286 76.264 3.158
v -0.287 76.263 3.235
v -0.289 76.262 3.312
v -0.277 76.261 3.235
v -0.277 76.261 3.851
v -0.280 76.263 3.928
v -0.280 76.263 4.005
v -0.282 76.263 4.005
v -0.285 76.264 4.082
v -0.286 76.264 4.159
v -0.287 76.263 4.236
v -0.289 76.262 4.313
v -0.291 76.261 4.390
v -0.282 76.263 4.082
v -0.285 76.264 4.159
v -0.286 76.264 4.236
v -0.287 76.263 4.313
v -0.289 76.262 4.390
v -0.295 76.255 4.159
v -0.277 76.261 4.159
v -0.280 76.263 4.236
v -0.280 76.263 4.313
v -0.282 76.263 4.313
v -0.285 76.264 4.390
v -0.282 76.263 4.390
v -0.280 76.263 4.621
v -0.282 76.263 4.621
v -0.282 76.263 4.698
v -0.285 76.264 4.698
v -0.286 76.264 4.775
v -0.287 76.263 4.852
v -0.289 76.262 4.929
v -0.291 76.261 5.006
v -0.285 76.264 4.775
v -0.277 76.261 4.775
v -0.280 76.263 4.852
v -0.280 76.263 4.929
v -0.286 76.264 4.852
v -0.287 76.263 4.929
v -0.289 76.262 5.006
v -0.291 76.261 5.083
v -0.282 76.263 4.929
v -0.285 76.264 5.006
v -0.282 76.263 5.006
v -0.419 70.840 0.000
v -0.582 73.542 0.000
v -0.419 70.840 5.314
v -0.582 73.542 5.314
v -3.926 55.468 0.000
v -3.926 55.468 5.314
v -4.418 56.392 0.000
v -4.418 56.392 5.314
v -4.744 57.367 0.000
v -4.744 57.367 5.314
v -4.920 58.386 0.000
v -4.920 58.386 5.314
v -4.874 60.520 0.000
v -4.874 60.520 5.314
v -4.396 62.723 0.000
v -4.396 62.723 5.314
v -2.593 67.060 0.000
v -2.593 67.060 5.314
vt 0.41435 0.53267
vt 0.39533 0.53267
vt 0.41435 0.46733
vt 0.39533 0.46733
vt 0.17194 0.53267
vt 0.22967 0.53267
vt 0.17194 0.46733
vt 0.22967 0.46733
vt 0.28911 0.53267
vt 0.28911 0.46733
vt 0.35057 0.53267
vt 0.35057 0.46733
vt 0.05633 0.53267
vt 0.11285 0.53267
vt 0.05633 0.46733
vt 0.11285 0.46733
vt 0.00980 0.53267
vt 0.00980 0.46733
vt 0.04420 0.53267
vt 0.04420 0.46733
vt 0.15073 0.53267
vt 0.15073 0.46733
vt 0.23539 0.53267
vt 0.23539 0.46733
vt 0.28373 0.53267
vt 0.28373 0.46733
vt 0.29568 0.53267
vt 0.30223 0.53267
vt 0.29568 0.46733
vt 0.30223 0.46733
vt 0.30739 0.53267
vt 0.30739 0.46733
vt 0.31386 0.53267
vt 0.31386 0.46733
vt 0.31581 0.53267
vt 0.31581 0.46733
vt 0.31400 0.53267
vt 0.31400 0.46733
vt 0.30199 0.53267
vt 0.30199 0.46733
vt 0.19746 0.53267
vt 0.25044 0.53267
vt 0.19746 0.46733
vt 0.25044 0.46733
vt 0.27514 0.53267
vt 0.27514 0.46733
vt 0.28607 0.53267
vt 0.28607 0.46733
vt 0.21484 0.53267
vt 0.21484 0.46733
vt 0.25316 0.53267
vt 0.25316 0.46733
vt 0.55489 0.53267
vt 0.52189 0.53267
vt 0.55489 0.46733
vt 0.52189 0.46733
vt 0.48785 0.53267
vt 0.48785 0.46733
vt 0.45261 0.53267
vt 0.45261 0.46733
vt 0.41603 0.53267
vt 0.41603 0.46733
vt 0.37794 0.53267
vt 0.37794 0.46733
vt 0.33821 0.53267
vt 0.33821 0.46733
vt 0.29666 0.53267
vt 0.29666 0.46733
vt 0.56999 0.53267
vt 0.56999 0.46733
vt 0.52928 0.53267
vt 0.53423 0.53267
vt 0.52928 0.46733
vt 0.53423 0.46733
vt 0.54272 0.53267
vt 0.54272 0.46733
vt 0.55467 0.53267
vt 0.55467 0.46733
vt 0.52833 0.53267
vt 0.52833 0.46733
vt 0.52833 0.53267
vt 0.52833 0.46733
vt 0.52919 0.53267
vt 0.52919 0.46733
vt 0.58938 0.53267
vt 0.56607 0.53267
vt 0.58938 0.46733
vt 0.56607 0.46733
vt 0.54814 0.53267
vt 0.54814 0.46733
vt 0.53579 0.53267
vt 0.53579 0.46733
vt 0.59079 0.53267
vt 0.59079 0.52831
vt 0.59062 0.53267
vt 0.59079 0.52396
vt 0.59079 0.51960
vt 0.59085 0.52396
vt 0.59085 0.51960
vt 0.59084 0.52396
vt 0.59084 0.51960
vt 0.59081 0.52396
vt 0.59081 0.51960
vt 0.59079 0.52396
vt 0.59079 0.51960
vt 0.59076 0.52396
vt 0.59076 0.51960
vt 0.59072 0.52396
vt 0.59072 0.51960
vt 0.59068 0.52396
vt 0.59068 0.51960
vt 0.59064 0.52396
vt 0.59064 0.51960
vt 0.59059 0.52396
vt 0.59059 0.51960
vt 0.59053 0.52396
vt 0.59053 0.51960
vt 0.59047 0.52396
vt 0.59047 0.51960
vt 0.59034 0.52396
vt 0.59034 0.51960
vt 0.59018 0.52396
vt 0.59018 0.51960
vt 0.59018 0.51525
vt 0.59018 0.51089
vt 0.59034 0.51089
vt 0.59034 0.50653
vt 0.59047 0.50653
vt 0.59047 0.50218
vt 0.59053 0.50218
vt 0.59053 0.49782
vt 0.59059 0.49782
vt 0.59059 0.49347
vt 0.59064 0.49347
vt 0.59064 0.48911
vt 0.59068 0.48911
vt 0.59068 0.48475
vt 0.59072 0.48475
vt 0.59072 0.48040
vt 0.59076 0.48040
vt 0.59076 0.47604
vt 0.59079 0.47604
vt 0.59079 0.47169
vt 0.59081 0.47169
vt 0.59081 0.46733
vt 0.59084 0.46733
vt 0.59085 0.53267
vt 0.59085 0.52831
vt 0.59084 0.53267
vt 0.59084 0.52831
vt 0.59081 0.53267
vt 0.59081 0.52831
vt 0.59079 0.53267
vt 0.59079 0.52831
vt 0.59076 0.53267
vt 0.59076 0.52831
vt 0.59072 0.53267
vt 0.59072 0.52831
vt 0.59068 0.53267
vt 0.59068 0.52831
vt 0.59064 0.53267
vt 0.59064 0.52831
vt 0.59059 0.53267
vt 0.59059 0.52831
vt 0.59053 0.53267
vt 0.59053 0.52831
vt 0.59047 0.53267
vt 0.59047 0.52831
vt 0.59034 0.53267
vt 0.59034 0.52831
vt 0.59018 0.53267
vt 0.59018 0.52831
vt 0.59018 0.50218
vt 0.59018 0.50653
vt 0.59018 0.46733
vt 0.59018 0.47169
vt 0.59018 0.47604
vt 0.59018 0.48040
vt 0.59034 0.47604
vt 0.59034 0.48040
vt 0.59047 0.47604
vt 0.59047 0.48040
vt 0.59053 0.47604
vt 0.59053 0.48040
vt 0.59059 0.47604
vt 0.59059 0.48040
vt 0.59064 0.47604
vt 0.59064 0.48040
vt 0.59068 0.47604
vt 0.59068 0.48040
vt 0.59072 0.47604
vt 0.59034 0.46733
vt 0.59034 0.47169
vt 0.59047 0.46733
vt 0.59047 0.47169
vt 0.59053 0.46733
vt 0.59053 0.47169
vt 0.59059 0.46733
vt 0.59059 0.47169
vt 0.59064 0.46733
vt 0.59064 0.47169
vt 0.59068 0.46733
vt 0.59068 0.47169
vt 0.59072 0.46733
vt 0.59072 0.47169
vt 0.59076 0.46733
vt 0.59076 0.47169
vt 0.59079 0.46733
vt 0.59084 0.47169
vt 0.59085 0.46733
vt 0.59085 0.47169
vt 0.59079 0.46733
vt 0.59079 0.47169
vt 0.59062 0.46733
vt 0.59079 0.47604
vt 0.59079 0.48040
vt 0.59085 0.48040
vt 0.59085 0.48475
vt 0.59084 0.48475
vt 0.59084 0.48911
vt 0.59081 0.48911
vt 0.59081 0.49347
vt 0.59079 0.49347
vt 0.59079 0.49782
vt 0.59076 0.49782
vt 0.59076 0.50218
vt 0.59072 0.50218
vt 0.59072 0.50653
vt 0.59068 0.50653
vt 0.59068 0.51089
vt 0.59064 0.51089
vt 0.59064 0.51525
vt 0.59059 0.51525
vt 0.59079 0.49782
vt 0.59079 0.49347
vt 0.59079 0.48911
vt 0.59085 0.49347
vt 0.59085 0.48911
vt 0.59084 0.49347
vt 0.59079 0.51525
vt 0.59079 0.51089
vt 0.59085 0.51525
vt 0.59085 0.51089
vt 0.59084 0.51525
vt 0.59084 0.51089
vt 0.59081 0.51525
vt 0.59081 0.51089
vt 0.59079 0.51525
vt 0.59079 0.51089
vt 0.59076 0.51525
vt 0.59076 0.51089
vt 0.59072 0.51525
vt 0.59072 0.51089
vt 0.59068 0.51525
vt 0.59079 0.50653
vt 0.59085 0.50653
vt 0.59084 0.50653
vt 0.59081 0.50653
vt 0.59079 0.50653
vt 0.59076 0.50653
vt 0.59079 0.48475
vt 0.59018 0.49347
vt 0.59018 0.48911
vt 0.59018 0.48475
vt 0.59034 0.48475
vt 0.59085 0.47604
vt 0.59084 0.47604
vt 0.59084 0.48040
vt 0.59081 0.47604
vt 0.59081 0.48040
vt 0.59081 0.48475
vt 0.59034 0.51525
vt 0.59047 0.51525
vt 0.59047 0.51089
vt 0.59053 0.51525
vt 0.59053 0.51089
vt 0.59053 0.50653
vt 0.59079 0.50218
vt 0.59085 0.50218
vt 0.59084 0.50218
vt 0.59081 0.50218
vt 0.59079 0.50218
vt 0.59059 0.51089
vt 0.59064 0.50653
vt 0.59068 0.50218
vt 0.59072 0.49782
vt 0.59076 0.49347
vt 0.59079 0.48911
vt 0.59085 0.49782
vt 0.59084 0.49782
vt 0.59081 0.49782
vt 0.59059 0.50653
vt 0.59059 0.50218
vt 0.59034 0.50218
vt 0.59034 0.49782
vt 0.59018 0.49782
vt 0.59034 0.49347
vt 0.59034 0.48911
vt 0.59064 0.50218
vt 0.59068 0.49782
vt 0.59072 0.49347
vt 0.59076 0.48911
vt 0.59079 0.48475
vt 0.59047 0.49782
vt 0.59053 0.49347
vt 0.59059 0.48911
vt 0.59064 0.48475
vt 0.59064 0.49782
vt 0.59047 0.49347
vt 0.59047 0.48911
vt 0.59047 0.48475
vt 0.59068 0.49347
vt 0.59072 0.48911
vt 0.59076 0.48475
vt 0.59079 0.48040
vt 0.59053 0.48911
vt 0.59059 0.48475
vt 0.59053 0.48475
vt 0.57859 0.53267
vt 0.57859 0.46733
vt 0.62149 0.53267
vt 0.62190 0.53267
vt 0.62149 0.46733
vt 0.62190 0.46733
vt 0.61919 0.53267
vt 0.61919 0.46733
vt 0.60735 0.53267
vt 0.60735 0.46733
vt 0.59185 0.53267
vt 0.59185 0.46733
vt 0.59569 0.53267
vt 0.60092 0.53267
vt 0.59569 0.46733
vt 0.60092 0.46733
vt 0.60563 0.53267
vt 0.60563 0.46733
vt 0.60980 0.53267
vt 0.60980 0.46733
vt 0.61339 0.53267
vt 0.61339 0.46733
vt 0.61638 0.53267
vt 0.61638 0.46733
vt 0.61875 0.53267
vt 0.61875 0.46733
vt 0.62046 0.53267
vt 0.62046 0.46733
vt 0.57706 0.53267
vt 0.57706 0.46733
vt 0.66209 0.53267
vt 0.66209 0.46733
vt 0.82758 0.53267
vt 0.79336 0.53267
vt 0.82758 0.46733
vt 0.79336 0.46733
vt 0.75437 0.53267
vt 0.75437 0.46733
vt 0.71060 0.53267
vt 0.71060 0.46733
vt 0.82634 0.53267
vt 0.82749 0.53267
vt 0.82634 0.46733
vt 0.82749 0.46733
vt 0.81965 0.53267
vt 0.81965 0.46733
vt 0.79949 0.53267
vt 0.79949 0.46733
vt 0.77493 0.53267
vt 0.77493 0.46733
vt 0.75535 0.53267
vt 0.75535 0.46733
vt 0.75200 0.53267
vt 0.75200 0.46733
vt 0.75200 0.53267
vt 0.75200 0.46733
vt 0.76041 0.53267
vt 0.75416 0.53267
vt 0.76041 0.46733
vt 0.75416 0.46733
vt 0.89398 0.53267
vt 0.86045 0.53267
vt 0.89398 0.46733
vt 0.86045 0.46733
vt 0.82168 0.53267
vt 0.82168 0.46733
vt 0.80282 0.53267
vt 0.80282 0.46733
vt 0.79397 0.53267
vt 0.79397 0.46733
vt 0.78566 0.53267
vt 0.78566 0.46733
vt 0.77802 0.53267
vt 0.77802 0.46733
vt 0.77119 0.53267
vt 0.77119 0.46733
vt 0.76527 0.53267
vt 0.76527 0.46733
vt 0.99020 0.53267
vt 0.99020 0.46733
vt 0.97109 0.53267
vt 0.97109 0.46733
vt 0.91271 0.53267
vt 0.91271 0.46733
vt 0.67891 0.53267
vt 0.73070 0.53267
vt 0.67891 0.46733
vt 0.73070 0.46733
vt 0.78699 0.53267
vt 0.78699 0.46733
vt 0.84769 0.53267
vt 0.84769 0.46733
vt 0.51381 0.53267
vt 0.58994 0.53267
vt 0.51381 0.46733
vt 0.58994 0.46733
vt 0.63214 0.53267
vt 0.63214 0.46733
vt 0.43794 0.53267
vt 0.43794 0.46733
vt 0.43708 0.53267
vt 0.43708 0.46733
vt 0.43652 0.53267
vt 0.43652 0.53075
vt 0.43651 0.53267
vt 0.43652 0.52883
vt 0.43652 0.52690
vt 0.43653 0.52883
vt 0.43653 0.52690
vt 0.43655 0.52883
vt 0.43655 0.52690
vt 0.43657 0.52883
vt 0.43657 0.52690
vt 0.43659 0.52883
vt 0.43659 0.52690
vt 0.43662 0.52883
vt 0.43662 0.52690
vt 0.43665 0.52883
vt 0.43665 0.52690
vt 0.43673 0.52883
vt 0.43673 0.52690
vt 0.43683 0.52883
vt 0.43683 0.52690
vt 0.43683 0.52498
vt 0.43683 0.52306
vt 0.43673 0.52306
vt 0.43673 0.52114
vt 0.43665 0.52114
vt 0.43665 0.51922
vt 0.43662 0.51922
vt 0.43662 0.51730
vt 0.43659 0.51730
vt 0.43659 0.51537
vt 0.43657 0.51537
vt 0.43657 0.51345
vt 0.43655 0.51345
vt 0.43655 0.51153
vt 0.43653 0.51153
vt 0.43653 0.50961
vt 0.43652 0.50961
vt 0.43652 0.50769
vt 0.43652 0.50577
vt 0.43652 0.50384
vt 0.43653 0.50577
vt 0.43653 0.50384
vt 0.43655 0.50577
vt 0.43655 0.50384
vt 0.43657 0.50577
vt 0.43657 0.50384
vt 0.43659 0.50577
vt 0.43659 0.50384
vt 0.43662 0.50577
vt 0.43662 0.50384
vt 0.43665 0.50577
vt 0.43665 0.50384
vt 0.43673 0.50577
vt 0.43673 0.50384
vt 0.43683 0.50577
vt 0.43683 0.50384
vt 0.43683 0.50192
vt 0.43683 0.50000
vt 0.43673 0.50000
vt 0.43673 0.49808
vt 0.43665 0.49808
vt 0.43665 0.49616
vt 0.43662 0.49616
vt 0.43662 0.49423
vt 0.43659 0.49423
vt 0.43659 0.49231
vt 0.43657 0.49231
vt 0.43657 0.49039
vt 0.43655 0.49039
vt 0.43655 0.48847
vt 0.43653 0.48847
vt 0.43653 0.48655
vt 0.43652 0.48655
vt 0.43652 0.48463
vt 0.43651 0.46733
vt 0.43652 0.48270
vt 0.43652 0.48078
vt 0.43653 0.48270
vt 0.43653 0.48078
vt 0.43655 0.48270
vt 0.43655 0.48078
vt 0.43657 0.48270
vt 0.43657 0.48078
vt 0.43659 0.48270
vt 0.43659 0.48078
vt 0.43662 0.48270
vt 0.43662 0.48078
vt 0.43665 0.48270
vt 0.43665 0.48078
vt 0.43673 0.48270
vt 0.43673 0.48078
vt 0.43683 0.48270
vt 0.43683 0.48078
vt 0.43683 0.47886
vt 0.43683 0.47694
vt 0.43673 0.47694
vt 0.43673 0.47502
vt 0.43665 0.47502
vt 0.43665 0.47310
vt 0.43662 0.47310
vt 0.43662 0.47117
vt 0.43659 0.47117
vt 0.43659 0.46925
vt 0.43657 0.46925
vt 0.43657 0.46733
vt 0.43655 0.46733
vt 0.43653 0.53267
vt 0.43653 0.53075
vt 0.43655 0.53267
vt 0.43655 0.53075
vt 0.43657 0.53267
vt 0.43657 0.53075
vt 0.43659 0.53267
vt 0.43659 0.53075
vt 0.43662 0.53267
vt 0.43662 0.53075
vt 0.43665 0.53267
vt 0.43665 0.53075
vt 0.43673 0.53267
vt 0.43673 0.53075
vt 0.43683 0.53267
vt 0.43683 0.53075
vt 0.43683 0.49808
vt 0.43673 0.49616
vt 0.43665 0.49423
vt 0.43662 0.49231
vt 0.43659 0.49039
vt 0.43657 0.48847
vt 0.43655 0.48655
vt 0.43653 0.48463
vt 0.43683 0.46733
vt 0.43683 0.46925
vt 0.43683 0.47117
vt 0.43683 0.47310
vt 0.43673 0.47117
vt 0.43673 0.47310
vt 0.43665 0.47117
vt 0.43673 0.46733
vt 0.43673 0.46925
vt 0.43665 0.46733
vt 0.43665 0.46925
vt 0.43662 0.46733
vt 0.43662 0.46925
vt 0.43659 0.46733
vt 0.43655 0.46925
vt 0.43653 0.46733
vt 0.43653 0.46925
vt 0.43652 0.46733
vt 0.43652 0.46925
vt 0.43652 0.47117
vt 0.43652 0.47310
vt 0.43653 0.47310
vt 0.43653 0.47502
vt 0.43655 0.47502
vt 0.43655 0.47694
vt 0.43657 0.47694
vt 0.43657 0.47886
vt 0.43659 0.47886
vt 0.43652 0.50000
vt 0.43652 0.49808
vt 0.43652 0.49616
vt 0.43653 0.49808
vt 0.43653 0.49616
vt 0.43655 0.49808
vt 0.43655 0.49616
vt 0.43657 0.49808
vt 0.43657 0.49616
vt 0.43659 0.49808
vt 0.43659 0.49616
vt 0.43662 0.49808
vt 0.43652 0.52498
vt 0.43652 0.52306
vt 0.43653 0.52498
vt 0.43653 0.52306
vt 0.43655 0.52498
vt 0.43655 0.52306
vt 0.43657 0.52498
vt 0.43657 0.52306
vt 0.43659 0.52498
vt 0.43659 0.52306
vt 0.43662 0.52498
vt 0.43662 0.52306
vt 0.43665 0.52498
vt 0.43665 0.52306
vt 0.43673 0.52498
vt 0.43652 0.52114
vt 0.43653 0.52114
vt 0.43655 0.52114
vt 0.43657 0.52114
vt 0.43659 0.52114
vt 0.43662 0.52114
vt 0.43652 0.51730
vt 0.43652 0.51537
vt 0.43653 0.51730
vt 0.43653 0.51537
vt 0.43655 0.51730
vt 0.43655 0.51537
vt 0.43657 0.51730
vt 0.43652 0.51345
vt 0.43653 0.51345
vt 0.43652 0.50192
vt 0.43653 0.50192
vt 0.43653 0.50000
vt 0.43655 0.50192
vt 0.43655 0.50000
vt 0.43657 0.50192
vt 0.43657 0.50000
vt 0.43659 0.50192
vt 0.43659 0.50000
vt 0.43662 0.50192
vt 0.43662 0.50000
vt 0.43665 0.50192
vt 0.43665 0.50000
vt 0.43673 0.50192
vt 0.43652 0.49423
vt 0.43653 0.49423
vt 0.43655 0.49423
vt 0.43657 0.49423
vt 0.43652 0.49231
vt 0.43653 0.49231
vt 0.43655 0.49231
vt 0.43652 0.48847
vt 0.43652 0.49039
vt 0.43652 0.47886
vt 0.43653 0.47886
vt 0.43655 0.47886
vt 0.43652 0.47694
vt 0.43653 0.47694
vt 0.43683 0.52114
vt 0.43683 0.51922
vt 0.43673 0.51922
vt 0.43673 0.51730
vt 0.43665 0.51730
vt 0.43665 0.51537
vt 0.43662 0.51537
vt 0.43662 0.51345
vt 0.43659 0.51345
vt 0.43659 0.51153
vt 0.43657 0.51153
vt 0.43657 0.50961
vt 0.43655 0.50961
vt 0.43655 0.50769
vt 0.43653 0.50769
vt 0.43683 0.51537
vt 0.43683 0.51345
vt 0.43683 0.51153
vt 0.43673 0.51153
vt 0.43673 0.50961
vt 0.43665 0.50961
vt 0.43665 0.50769
vt 0.43662 0.50769
vt 0.43683 0.50769
vt 0.43673 0.50769
vt 0.43683 0.49423
vt 0.43683 0.49231
vt 0.43683 0.49039
vt 0.43673 0.49039
vt 0.43673 0.48847
vt 0.43665 0.48847
vt 0.43665 0.48655
vt 0.43662 0.48655
vt 0.43662 0.48463
vt 0.43659 0.48463
vt 0.43683 0.48655
vt 0.43683 0.48463
vt 0.43683 0.47502
vt 0.43653 0.47117
vt 0.43655 0.47117
vt 0.43655 0.47310
vt 0.43657 0.47117
vt 0.43657 0.47310
vt 0.43657 0.47502
vt 0.43652 0.51922
vt 0.43653 0.51922
vt 0.43655 0.51922
vt 0.43657 0.51922
vt 0.43659 0.51922
vt 0.43652 0.51153
vt 0.43683 0.51730
vt 0.43673 0.51537
vt 0.43673 0.51345
vt 0.43665 0.51345
vt 0.43662 0.51153
vt 0.43659 0.50961
vt 0.43657 0.50769
vt 0.43665 0.51153
vt 0.43662 0.50961
vt 0.43659 0.50769
vt 0.43683 0.50961
vt 0.43652 0.47502
vt 0.43683 0.49616
vt 0.43673 0.49423
vt 0.43673 0.49231
vt 0.43665 0.49231
vt 0.43662 0.49039
vt 0.43659 0.48847
vt 0.43657 0.48655
vt 0.43655 0.48463
vt 0.43665 0.49039
vt 0.43653 0.49039
vt 0.43662 0.48847
vt 0.43659 0.48655
vt 0.43657 0.48463
vt 0.43683 0.48847
vt 0.43673 0.48655
vt 0.43673 0.48463
vt 0.43665 0.48463
vt 0.43673 0.47886
vt 0.43665 0.47886
vt 0.43665 0.47694
vt 0.43662 0.47886
vt 0.43662 0.47694
vt 0.43662 0.47502
vt 0.43659 0.47694
vt 0.43659 0.47502
vt 0.43659 0.47310
vt 0.43651 0.53267
vt 0.43651 0.46733
vt 0.47559 0.53267
vt 0.46067 0.53267
vt 0.47559 0.46733
vt 0.46067 0.46733
vt 0.47951 0.53267
vt 0.47951 0.46733
vt 0.48065 0.53267
vt 0.48065 0.46733
vt 0.48065 0.53267
vt 0.48065 0.46733
vt 0.47941 0.53267
vt 0.47941 0.46733
vt 0.46632 0.53267
vt 0.46632 0.46733
vt 0.43297 0.53267
vt 0.43297 0.46733
vt 0.43202 0.53267
vt 0.43202 0.46733
vt 0.43170 0.53267
vt 0.43170 0.53172
vt 0.43164 0.53267
vt 0.43170 0.53077
vt 0.43170 0.52983
vt 0.43174 0.53077
vt 0.43174 0.52983
vt 0.43176 0.53077
vt 0.43176 0.52983
vt 0.43178 0.53077
vt 0.43178 0.52983
vt 0.43181 0.53077
vt 0.43181 0.52983
vt 0.43183 0.53077
vt 0.43183 0.52983
vt 0.43184 0.53077
vt 0.43184 0.52983
vt 0.43186 0.53077
vt 0.43186 0.52983
vt 0.43189 0.53077
vt 0.43189 0.52983
vt 0.43192 0.53077
vt 0.43192 0.52983
vt 0.43195 0.53077
vt 0.43195 0.52983
vt 0.43195 0.52888
vt 0.43195 0.52793
vt 0.43192 0.52793
vt 0.43192 0.52699
vt 0.43189 0.52699
vt 0.43189 0.52604
vt 0.43186 0.52604
vt 0.43186 0.52509
vt 0.43184 0.52509
vt 0.43184 0.52415
vt 0.43183 0.52415
vt 0.43183 0.52320
vt 0.43181 0.52320
vt 0.43181 0.52225
vt 0.43178 0.52225
vt 0.43178 0.52131
vt 0.43176 0.52131
vt 0.43176 0.52036
vt 0.43174 0.52036
vt 0.43174 0.51941
vt 0.43170 0.51941
vt 0.43170 0.51846
vt 0.43170 0.51752
vt 0.43170 0.51657
vt 0.43174 0.51752
vt 0.43174 0.51657
vt 0.43176 0.51752
vt 0.43176 0.51657
vt 0.43178 0.51752
vt 0.43178 0.51657
vt 0.43181 0.51752
vt 0.43181 0.51657
vt 0.43183 0.51752
vt 0.43183 0.51657
vt 0.43184 0.51752
vt 0.43184 0.51657
vt 0.43186 0.51752
vt 0.43186 0.51657
vt 0.43189 0.51752
vt 0.43189 0.51657
vt 0.43192 0.51752
vt 0.43192 0.51657
vt 0.43195 0.51752
vt 0.43195 0.51657
vt 0.43195 0.51562
vt 0.43195 0.51468
vt 0.43192 0.51468
vt 0.43192 0.51373
vt 0.43189 0.51373
vt 0.43189 0.51278
vt 0.43186 0.51278
vt 0.43186 0.51184
vt 0.43184 0.51184
vt 0.43184 0.51089
vt 0.43183 0.51089
vt 0.43183 0.50994
vt 0.43181 0.50994
vt 0.43181 0.50900
vt 0.43178 0.50900
vt 0.43178 0.50805
vt 0.43176 0.50805
vt 0.43176 0.50710
vt 0.43174 0.50710
vt 0.43174 0.50615
vt 0.43170 0.50615
vt 0.43170 0.50521
vt 0.43170 0.50426
vt 0.43170 0.50331
vt 0.43174 0.50426
vt 0.43174 0.50331
vt 0.43176 0.50426
vt 0.43176 0.50331
vt 0.43178 0.50426
vt 0.43178 0.50331
vt 0.43181 0.50426
vt 0.43181 0.50331
vt 0.43183 0.50426
vt 0.43183 0.50331
vt 0.43184 0.50426
vt 0.43184 0.50331
vt 0.43186 0.50426
vt 0.43186 0.50331
vt 0.43189 0.50426
vt 0.43189 0.50331
vt 0.43192 0.50426
vt 0.43192 0.50331
vt 0.43195 0.50426
vt 0.43195 0.50331
vt 0.43195 0.50237
vt 0.43195 0.50142
vt 0.43192 0.50142
vt 0.43192 0.50047
vt 0.43189 0.50047
vt 0.43189 0.49953
vt 0.43186 0.49953
vt 0.43186 0.49858
vt 0.43184 0.49858
vt 0.43184 0.49763
vt 0.43183 0.49763
vt 0.43183 0.49669
vt 0.43181 0.49669
vt 0.43181 0.49574
vt 0.43178 0.49574
vt 0.43178 0.49479
vt 0.43176 0.49479
vt 0.43176 0.49385
vt 0.43174 0.49385
vt 0.43174 0.49290
vt 0.43170 0.49290
vt 0.43170 0.49195
vt 0.43164 0.46733
vt 0.43170 0.49100
vt 0.43170 0.49006
vt 0.43174 0.49100
vt 0.43174 0.49006
vt 0.43176 0.49100
vt 0.43176 0.49006
vt 0.43178 0.49100
vt 0.43178 0.49006
vt 0.43181 0.49100
vt 0.43181 0.49006
vt 0.43183 0.49100
vt 0.43183 0.49006
vt 0.43184 0.49100
vt 0.43184 0.49006
vt 0.43186 0.49100
vt 0.43186 0.49006
vt 0.43189 0.49100
vt 0.43189 0.49006
vt 0.43192 0.49100
vt 0.43192 0.49006
vt 0.43195 0.49100
vt 0.43195 0.49006
vt 0.43195 0.48911
vt 0.43195 0.48816
vt 0.43192 0.48816
vt 0.43192 0.48722
vt 0.43189 0.48722
vt 0.43189 0.48627
vt 0.43186 0.48627
vt 0.43186 0.48532
vt 0.43184 0.48532
vt 0.43184 0.48438
vt 0.43183 0.48438
vt 0.43183 0.48343
vt 0.43181 0.48343
vt 0.43181 0.48248
vt 0.43178 0.48248
vt 0.43178 0.48154
vt 0.43176 0.48154
vt 0.43176 0.48059
vt 0.43174 0.48059
vt 0.43174 0.47964
vt 0.43170 0.47964
vt 0.43170 0.47869
vt 0.43170 0.47775
vt 0.43170 0.47680
vt 0.43174 0.47775
vt 0.43174 0.47680
vt 0.43176 0.47775
vt 0.43176 0.47680
vt 0.43178 0.47775
vt 0.43178 0.47680
vt 0.43181 0.47775
vt 0.43181 0.47680
vt 0.43183 0.47775
vt 0.43183 0.47680
vt 0.43184 0.47775
vt 0.43184 0.47680
vt 0.43186 0.47775
vt 0.43186 0.47680
vt 0.43189 0.47775
vt 0.43189 0.47680
vt 0.43192 0.47775
vt 0.43192 0.47680
vt 0.43195 0.47775
vt 0.43195 0.47680
vt 0.43195 0.47585
vt 0.43195 0.47491
vt 0.43192 0.47491
vt 0.43192 0.47396
vt 0.43189 0.47396
vt 0.43189 0.47301
vt 0.43186 0.47301
vt 0.43186 0.47207
vt 0.43184 0.47207
vt 0.43184 0.47112
vt 0.43183 0.47112
vt 0.43183 0.47017
vt 0.43181 0.47017
vt 0.43181 0.46923
vt 0.43178 0.46923
vt 0.43178 0.46828
vt 0.43176 0.46828
vt 0.43176 0.46733
vt 0.43174 0.46733
vt 0.43174 0.53267
vt 0.43174 0.53172
vt 0.43176 0.53267
vt 0.43176 0.53172
vt 0.43178 0.53267
vt 0.43178 0.53172
vt 0.43181 0.53267
vt 0.43181 0.53172
vt 0.43183 0.53267
vt 0.43183 0.53172
vt 0.43184 0.53267
vt 0.43184 0.53172
vt 0.43186 0.53267
vt 0.43186 0.53172
vt 0.43189 0.53267
vt 0.43189 0.53172
vt 0.43192 0.53267
vt 0.43192 0.53172
vt 0.43195 0.53267
vt 0.43195 0.53172
vt 0.43195 0.50047
vt 0.43195 0.49953
vt 0.43195 0.49858
vt 0.43192 0.49858
vt 0.43192 0.49763
vt 0.43189 0.49763
vt 0.43189 0.49669
vt 0.43186 0.49669
vt 0.43186 0.49574
vt 0.43184 0.49574
vt 0.43184 0.49479
vt 0.43183 0.49479
vt 0.43183 0.49385
vt 0.43181 0.49385
vt 0.43181 0.49290
vt 0.43178 0.49290
vt 0.43178 0.49195
vt 0.43176 0.49195
vt 0.43195 0.46733
vt 0.43195 0.46828
vt 0.43195 0.46923
vt 0.43195 0.47017
vt 0.43192 0.46923
vt 0.43192 0.47017
vt 0.43189 0.46923
vt 0.43189 0.47017
vt 0.43186 0.46923
vt 0.43186 0.47017
vt 0.43184 0.46923
vt 0.43184 0.47017
vt 0.43183 0.46923
vt 0.43192 0.46733
vt 0.43192 0.46828
vt 0.43189 0.46733
vt 0.43189 0.46828
vt 0.43186 0.46733
vt 0.43186 0.46828
vt 0.43184 0.46733
vt 0.43184 0.46828
vt 0.43183 0.46733
vt 0.43183 0.46828
vt 0.43181 0.46733
vt 0.43181 0.46828
vt 0.43178 0.46733
vt 0.43174 0.46828
vt 0.43170 0.46733
vt 0.43170 0.46828
vt 0.43170 0.46923
vt 0.43170 0.47017
vt 0.43174 0.47017
vt 0.43174 0.47112
vt 0.43176 0.47112
vt 0.43176 0.47207
vt 0.43178 0.47207
vt 0.43178 0.47301
vt 0.43181 0.47301
vt 0.43181 0.47396
vt 0.43183 0.47396
vt 0.43183 0.47491
vt 0.43184 0.47491
vt 0.43184 0.47585
vt 0.43186 0.47585
vt 0.43170 0.49953
vt 0.43170 0.49858
vt 0.43170 0.49763
vt 0.43174 0.49858
vt 0.43174 0.49763
vt 0.43176 0.49858
vt 0.43176 0.49763
vt 0.43178 0.49858
vt 0.43178 0.49763
vt 0.43181 0.49858
vt 0.43181 0.49763
vt 0.43183 0.49858
vt 0.43170 0.52888
vt 0.43170 0.52793
vt 0.43174 0.52888
vt 0.43174 0.52793
vt 0.43176 0.52888
vt 0.43176 0.52793
vt 0.43178 0.52888
vt 0.43178 0.52793
vt 0.43181 0.52888
vt 0.43181 0.52793
vt 0.43183 0.52888
vt 0.43183 0.52793
vt 0.43184 0.52888
vt 0.43184 0.52793
vt 0.43186 0.52888
vt 0.43186 0.52793
vt 0.43189 0.52888
vt 0.43189 0.52793
vt 0.43192 0.52888
vt 0.43170 0.52699
vt 0.43174 0.52699
vt 0.43176 0.52699
vt 0.43178 0.52699
vt 0.43181 0.52699
vt 0.43183 0.52699
vt 0.43184 0.52699
vt 0.43186 0.52699
vt 0.43170 0.52509
vt 0.43170 0.52415
vt 0.43174 0.52509
vt 0.43174 0.52415
vt 0.43176 0.52509
vt 0.43176 0.52415
vt 0.43178 0.52509
vt 0.43178 0.52415
vt 0.43181 0.52509
vt 0.43181 0.52415
vt 0.43183 0.52509
vt 0.43170 0.52320
vt 0.43174 0.52320
vt 0.43176 0.52320
vt 0.43178 0.52320
vt 0.43170 0.52131
vt 0.43170 0.52036
vt 0.43174 0.52131
vt 0.43170 0.51562
vt 0.43174 0.51562
vt 0.43176 0.51562
vt 0.43178 0.51562
vt 0.43181 0.51562
vt 0.43183 0.51562
vt 0.43184 0.51562
vt 0.43186 0.51562
vt 0.43189 0.51562
vt 0.43192 0.51562
vt 0.43170 0.51373
vt 0.43170 0.51278
vt 0.43174 0.51373
vt 0.43174 0.51278
vt 0.43176 0.51373
vt 0.43176 0.51278
vt 0.43178 0.51373
vt 0.43178 0.51278
vt 0.43181 0.51373
vt 0.43181 0.51278
vt 0.43183 0.51373
vt 0.43183 0.51278
vt 0.43184 0.51373
vt 0.43184 0.51278
vt 0.43186 0.51373
vt 0.43170 0.51184
vt 0.43174 0.51184
vt 0.43176 0.51184
vt 0.43178 0.51184
vt 0.43181 0.51184
vt 0.43183 0.51184
vt 0.43170 0.50994
vt 0.43170 0.50900
vt 0.43174 0.50994
vt 0.43174 0.50900
vt 0.43176 0.50994
vt 0.43176 0.50900
vt 0.43178 0.50994
vt 0.43170 0.50805
vt 0.43174 0.50805
vt 0.43170 0.50237
vt 0.43170 0.50142
vt 0.43174 0.50237
vt 0.43174 0.50142
vt 0.43176 0.50237
vt 0.43176 0.50142
vt 0.43178 0.50237
vt 0.43178 0.50142
vt 0.43181 0.50237
vt 0.43181 0.50142
vt 0.43183 0.50237
vt 0.43183 0.50142
vt 0.43184 0.50237
vt 0.43184 0.50142
vt 0.43186 0.50237
vt 0.43186 0.50142
vt 0.43189 0.50237
vt 0.43189 0.50142
vt 0.43192 0.50237
vt 0.43170 0.50047
vt 0.43174 0.50047
vt 0.43176 0.50047
vt 0.43178 0.50047
vt 0.43181 0.50047
vt 0.43183 0.50047
vt 0.43184 0.50047
vt 0.43186 0.50047
vt 0.43170 0.49574
vt 0.43170 0.49479
vt 0.43174 0.49574
vt 0.43174 0.49479
vt 0.43176 0.49574
vt 0.43170 0.49385
vt 0.43170 0.48816
vt 0.43170 0.48722
vt 0.43174 0.48816
vt 0.43174 0.48722
vt 0.43176 0.48816
vt 0.43176 0.48722
vt 0.43178 0.48816
vt 0.43178 0.48722
vt 0.43181 0.48816
vt 0.43181 0.48722
vt 0.43183 0.48816
vt 0.43183 0.48722
vt 0.43184 0.48816
vt 0.43184 0.48722
vt 0.43186 0.48816
vt 0.43186 0.48722
vt 0.43189 0.48816
vt 0.43170 0.48627
vt 0.43174 0.48627
vt 0.43176 0.48627
vt 0.43178 0.48627
vt 0.43181 0.48627
vt 0.43183 0.48627
vt 0.43184 0.48627
vt 0.43170 0.48438
vt 0.43170 0.48343
vt 0.43174 0.48438
vt 0.43174 0.48343
vt 0.43176 0.48438
vt 0.43176 0.48343
vt 0.43178 0.48438
vt 0.43178 0.48343
vt 0.43181 0.48438
vt 0.43170 0.48248
vt 0.43174 0.48248
vt 0.43176 0.48248
vt 0.43170 0.48059
vt 0.43170 0.48154
vt 0.43170 0.47585
vt 0.43174 0.47585
vt 0.43176 0.47585
vt 0.43178 0.47585
vt 0.43181 0.47585
vt 0.43183 0.47585
vt 0.43170 0.47491
vt 0.43174 0.47491
vt 0.43176 0.47491
vt 0.43178 0.47491
vt 0.43181 0.47491
vt 0.43170 0.47301
vt 0.43170 0.47207
vt 0.43174 0.47301
vt 0.43174 0.47207
vt 0.43176 0.47301
vt 0.43170 0.47112
vt 0.43195 0.52699
vt 0.43195 0.52604
vt 0.43195 0.52509
vt 0.43192 0.52509
vt 0.43192 0.52415
vt 0.43189 0.52415
vt 0.43189 0.52320
vt 0.43186 0.52320
vt 0.43186 0.52225
vt 0.43184 0.52225
vt 0.43184 0.52131
vt 0.43183 0.52131
vt 0.43183 0.52036
vt 0.43181 0.52036
vt 0.43181 0.51941
vt 0.43178 0.51941
vt 0.43178 0.51846
vt 0.43176 0.51846
vt 0.43195 0.52415
vt 0.43195 0.52320
vt 0.43192 0.52320
vt 0.43192 0.52225
vt 0.43189 0.52225
vt 0.43189 0.52131
vt 0.43186 0.52131
vt 0.43186 0.52036
vt 0.43184 0.52036
vt 0.43184 0.51941
vt 0.43183 0.51941
vt 0.43183 0.51846
vt 0.43181 0.51846
vt 0.43195 0.52131
vt 0.43195 0.52036
vt 0.43195 0.51941
vt 0.43192 0.51941
vt 0.43192 0.51846
vt 0.43189 0.51846
vt 0.43195 0.51373
vt 0.43195 0.51278
vt 0.43195 0.51184
vt 0.43192 0.51184
vt 0.43192 0.51089
vt 0.43189 0.51089
vt 0.43189 0.50994
vt 0.43186 0.50994
vt 0.43186 0.50900
vt 0.43184 0.50900
vt 0.43184 0.50805
vt 0.43183 0.50805
vt 0.43183 0.50710
vt 0.43181 0.50710
vt 0.43181 0.50615
vt 0.43178 0.50615
vt 0.43178 0.50521
vt 0.43176 0.50521
vt 0.43195 0.50994
vt 0.43195 0.50900
vt 0.43195 0.50805
vt 0.43192 0.50805
vt 0.43192 0.50710
vt 0.43189 0.50710
vt 0.43189 0.50615
vt 0.43186 0.50615
vt 0.43186 0.50521
vt 0.43184 0.50521
vt 0.43195 0.50615
vt 0.43195 0.50521
vt 0.43195 0.49763
vt 0.43195 0.49669
vt 0.43195 0.49574
vt 0.43192 0.49574
vt 0.43192 0.49479
vt 0.43189 0.49479
vt 0.43189 0.49385
vt 0.43186 0.49385
vt 0.43186 0.49290
vt 0.43184 0.49290
vt 0.43184 0.49195
vt 0.43183 0.49195
vt 0.43195 0.49479
vt 0.43195 0.49385
vt 0.43192 0.49385
vt 0.43192 0.49290
vt 0.43189 0.49290
vt 0.43189 0.49195
vt 0.43186 0.49195
vt 0.43195 0.49195
vt 0.43192 0.49195
vt 0.43195 0.48722
vt 0.43195 0.48627
vt 0.43192 0.48627
vt 0.43192 0.48532
vt 0.43189 0.48532
vt 0.43189 0.48438
vt 0.43186 0.48438
vt 0.43186 0.48343
vt 0.43184 0.48343
vt 0.43184 0.48248
vt 0.43183 0.48248
vt 0.43183 0.48154
vt 0.43181 0.48154
vt 0.43181 0.48059
vt 0.43178 0.48059
vt 0.43178 0.47964
vt 0.43176 0.47964
vt 0.43176 0.47869
vt 0.43174 0.47869
vt 0.43195 0.48438
vt 0.43195 0.48343
vt 0.43195 0.48248
vt 0.43192 0.48248
vt 0.43192 0.48154
vt 0.43189 0.48154
vt 0.43189 0.48059
vt 0.43186 0.48059
vt 0.43186 0.47964
vt 0.43184 0.47964
vt 0.43184 0.47869
vt 0.43183 0.47869
vt 0.43195 0.48059
vt 0.43195 0.47964
vt 0.43195 0.47869
vt 0.43192 0.47869
vt 0.43195 0.47301
vt 0.43195 0.47207
vt 0.43195 0.47112
vt 0.43192 0.47112
vt 0.43174 0.46923
vt 0.43176 0.46923
vt 0.43176 0.47017
vt 0.43170 0.52604
vt 0.43174 0.52604
vt 0.43176 0.52604
vt 0.43178 0.52604
vt 0.43181 0.52604
vt 0.43183 0.52604
vt 0.43184 0.52604
vt 0.43170 0.52225
vt 0.43174 0.52225
vt 0.43176 0.52225
vt 0.43192 0.52604
vt 0.43189 0.52509
vt 0.43186 0.52415
vt 0.43184 0.52320
vt 0.43183 0.52225
vt 0.43181 0.52131
vt 0.43178 0.52036
vt 0.43176 0.51941
vt 0.43174 0.51846
vt 0.43170 0.51468
vt 0.43174 0.51468
vt 0.43176 0.51468
vt 0.43178 0.51468
vt 0.43181 0.51468
vt 0.43183 0.51468
vt 0.43184 0.51468
vt 0.43186 0.51468
vt 0.43189 0.51468
vt 0.43195 0.52225
vt 0.43192 0.52131
vt 0.43192 0.52036
vt 0.43170 0.51089
vt 0.43174 0.51089
vt 0.43176 0.51089
vt 0.43178 0.51089
vt 0.43181 0.51089
vt 0.43189 0.52036
vt 0.43186 0.51941
vt 0.43184 0.51846
vt 0.43189 0.51941
vt 0.43170 0.50710
vt 0.43186 0.51846
vt 0.43195 0.51846
vt 0.43174 0.49953
vt 0.43176 0.49953
vt 0.43178 0.49953
vt 0.43181 0.49953
vt 0.43183 0.49953
vt 0.43184 0.49953
vt 0.43170 0.49669
vt 0.43174 0.49669
vt 0.43176 0.49669
vt 0.43178 0.49669
vt 0.43192 0.51278
vt 0.43189 0.51184
vt 0.43186 0.51089
vt 0.43184 0.50994
vt 0.43183 0.50900
vt 0.43181 0.50805
vt 0.43178 0.50710
vt 0.43176 0.50615
vt 0.43174 0.50521
vt 0.43195 0.51089
vt 0.43192 0.50994
vt 0.43192 0.50900
vt 0.43170 0.48911
vt 0.43174 0.48911
vt 0.43176 0.48911
vt 0.43178 0.48911
vt 0.43181 0.48911
vt 0.43183 0.48911
vt 0.43184 0.48911
vt 0.43186 0.48911
vt 0.43189 0.48911
vt 0.43192 0.48911
vt 0.43189 0.50900
vt 0.43186 0.50805
vt 0.43184 0.50710
vt 0.43183 0.50615
vt 0.43181 0.50521
vt 0.43189 0.50805
vt 0.43170 0.48532
vt 0.43174 0.48532
vt 0.43176 0.48532
vt 0.43178 0.48532
vt 0.43181 0.48532
vt 0.43183 0.48532
vt 0.43186 0.50710
vt 0.43184 0.50615
vt 0.43183 0.50521
vt 0.43195 0.50710
vt 0.43192 0.50615
vt 0.43192 0.50521
vt 0.43189 0.50521
vt 0.43170 0.47396
vt 0.43174 0.47396
vt 0.43176 0.47396
vt 0.43178 0.47396
vt 0.43192 0.49953
vt 0.43189 0.49858
vt 0.43186 0.49763
vt 0.43184 0.49669
vt 0.43183 0.49574
vt 0.43181 0.49479
vt 0.43178 0.49385
vt 0.43176 0.49290
vt 0.43174 0.49195
vt 0.43192 0.49669
vt 0.43189 0.49574
vt 0.43186 0.49479
vt 0.43184 0.49385
vt 0.43183 0.49290
vt 0.43181 0.49195
vt 0.43195 0.49290
vt 0.43195 0.48532
vt 0.43192 0.48438
vt 0.43192 0.48343
vt 0.43189 0.48343
vt 0.43186 0.48248
vt 0.43184 0.48154
vt 0.43183 0.48059
vt 0.43181 0.47964
vt 0.43178 0.47869
vt 0.43189 0.48248
vt 0.43186 0.48154
vt 0.43184 0.48059
vt 0.43183 0.47964
vt 0.43181 0.47869
vt 0.43174 0.48154
vt 0.43195 0.48154
vt 0.43192 0.48059
vt 0.43192 0.47964
vt 0.43189 0.47964
vt 0.43186 0.47869
vt 0.43189 0.47869
vt 0.43192 0.47585
vt 0.43189 0.47585
vt 0.43189 0.47491
vt 0.43186 0.47491
vt 0.43184 0.47396
vt 0.43183 0.47301
vt 0.43181 0.47207
vt 0.43178 0.47112
vt 0.43186 0.47396
vt 0.43195 0.47396
vt 0.43192 0.47301
vt 0.43192 0.47207
vt 0.43184 0.47301
vt 0.43183 0.47207
vt 0.43181 0.47112
vt 0.43178 0.47017
vt 0.43189 0.47207
vt 0.43186 0.47112
vt 0.43189 0.47112
vt 0.43020 0.53267
vt 0.42820 0.53267
vt 0.43020 0.46733
vt 0.42820 0.46733
vt 0.38708 0.53267
vt 0.38708 0.46733
vt 0.38104 0.53267
vt 0.38104 0.46733
vt 0.37703 0.53267
vt 0.37703 0.46733
vt 0.37487 0.53267
vt 0.37487 0.46733
vt 0.37543 0.53267
vt 0.37543 0.46733
vt 0.38131 0.53267
vt 0.38131 0.46733
vt 0.40347 0.53267
vt 0.40347 0.46733
vn 0.66917 0.74311 0.00000
vn 0.66917 0.74311 0.00000
vn 0.66917 0.74311 0.00000
vn 0.66917 0.74311 0.00000
vn 0.66917 0.74311 0.00000
vn 0.66917 0.74311 0.00000
vn 0.46926 -0.88306 -0.00000
vn 0.38764 -0.92181 -0.00000
vn 0.46926 -0.88306 -0.00000
vn 0.46926 -0.88306 -0.00000
vn 0.38764 -0.92181 -0.00000
vn 0.38764 -0.92181 -0.00000
vn 0.38764 -0.92181 -0.00000
vn 0.38764 -0.92181 -0.00000
vn 0.29100 -0.95672 -0.00000
vn 0.38764 -0.92181 -0.00000
vn 0.29100 -0.95672 -0.00000
vn 0.29100 -0.95672 -0.00000
vn 0.29100 -0.95672 -0.00000
vn 0.29100 -0.95672 -0.00000
vn 0.18141 -0.98341 -0.00000
vn 0.29100 -0.95672 -0.00000
vn 0.18141 -0.98341 -0.00000
vn 0.18141 -0.98341 -0.00000
vn 0.18141 -0.98341 -0.00000
vn 0.18141 -0.98341 -0.00000
vn 0.06328 -0.99800 -0.00000
vn 0.18141 -0.98341 -0.00000
vn 0.06328 -0.99800 -0.00000
vn 0.06328 -0.99800 -0.00000
vn 0.58755 -0.80919 -0.00000
vn 0.52990 -0.84806 -0.00000
vn 0.58755 -0.80919 -0.00000
vn 0.58755 -0.80919 -0.00000
vn 0.52990 -0.84806 -0.00000
vn 0.52990 -0.84806 -0.00000
vn 0.52990 -0.84806 -0.00000
vn 0.52990 -0.84806 -0.00000
vn 0.46961 -0.88287 -0.00000
vn 0.52990 -0.84806 -0.00000
vn 0.46961 -0.88287 -0.00000
vn 0.46961 -0.88287 -0.00000
vn 0.58797 -0.80888 -0.00000
vn 0.58797 -0.80888 -0.00000
vn 0.58797 -0.80888 -0.00000
vn 0.58797 -0.80888 -0.00000
vn 0.58797 -0.80888 -0.00000
vn 0.58797 -0.80888 -0.00000
vn -0.77325 0.63410 0.00000
vn -0.77325 0.63410 0.00000
vn -0.77325 0.63410 0.00000
vn -0.77325 0.63410 0.00000
vn -0.77325 0.63410 0.00000
vn -0.77325 0.63410 0.00000
vn -0.75880 0.65132 0.00000
vn -0.75880 0.65132 0.00000
vn -0.75880 0.65132 0.00000
vn -0.75880 0.65132 0.00000
vn -0.75880 0.65132 0.00000
vn -0.75880 0.65132 0.00000
vn -0.80378 0.59493 0.00000
vn -0.75881 0.65131 0.00000
vn -0.80378 0.59493 0.00000
vn -0.80378 0.59493 0.00000
vn -0.75881 0.65131 0.00000
vn -0.75881 0.65131 0.00000
vn -0.87218 0.48919 0.00000
vn -0.80344 0.59538 0.00000
vn -0.87218 0.48919 0.00000
vn -0.87218 0.48919 0.00000
vn -0.80344 0.59538 0.00000
vn -0.80344 0.59538 0.00000
vn -0.74460 -0.66751 -0.00000
vn -0.82643 -0.56304 -0.00000
vn -0.74460 -0.66751 -0.00000
vn -0.74460 -0.66751 -0.00000
vn -0.82643 -0.56304 -0.00000
vn -0.82643 -0.56304 -0.00000
vn -0.82643 -0.56304 -0.00000
vn -0.82643 -0.56304 -0.00000
vn -0.89429 -0.44749 -0.00000
vn -0.82643 -0.56304 -0.00000
vn -0.89429 -0.44749 -0.00000
vn -0.89429 -0.44749 -0.00000
vn -0.89429 -0.44749 -0.00000
vn -0.89429 -0.44749 -0.00000
vn -0.97793 -0.20893 -0.00000
vn -0.89429 -0.44749 -0.00000
vn -0.97793 -0.20893 -0.00000
vn -0.97793 -0.20893 -0.00000
vn -0.97793 -0.20893 -0.00000
vn -0.97793 -0.20893 -0.00000
vn -1.00000 0.00264 0.00000
vn -0.97793 -0.20893 -0.00000
vn -1.00000 0.00264 0.00000
vn -1.00000 0.00264 0.00000
vn -1.00000 0.00264 0.00000
vn -1.00000 0.00264 0.00000
vn -0.98576 0.16814 0.00000
vn -1.00000 0.00264 0.00000
vn -0.98576 0.16814 0.00000
vn -0.98576 0.16814 0.00000
vn -0.98576 0.16814 0.00000
vn -0.98576 0.16814 0.00000
vn -0.92530 0.37923 0.00000
vn -0.98576 0.16814 0.00000
vn -0.92530 0.37923 0.00000
vn -0.92530 0.37923 0.00000
vn -0.92530 0.37923 0.00000
vn -0.92530 0.37923 0.00000
vn -0.87211 0.48932 0.00000
vn -0.92530 0.37923 0.00000
vn -0.87211 0.48932 0.00000
vn -0.87211 0.48932 0.00000
vn -0.19877 -0.98005 -0.00000
vn -0.38794 -0.92168 -0.00000
vn -0.19877 -0.98005 -0.00000
vn -0.19877 -0.98005 -0.00000
vn -0.38794 -0.92168 -0.00000
vn -0.38794 -0.92168 -0.00000
vn -0.38794 -0.92168 -0.00000
vn -0.38794 -0.92168 -0.00000
vn -0.54624 -0.83763 -0.00000
vn -0.38794 -0.92168 -0.00000
vn -0.54624 -0.83763 -0.00000
vn -0.54624 -0.83763 -0.00000
vn -0.54624 -0.83763 -0.00000
vn -0.54624 -0.83763 -0.00000
vn -0.64245 -0.76633 -0.00000
vn -0.54624 -0.83763 -0.00000
vn -0.64245 -0.76633 -0.00000
vn -0.64245 -0.76633 -0.00000
vn -0.64245 -0.76633 -0.00000
vn -0.64245 -0.76633 -0.00000
vn -0.74517 -0.66687 -0.00000
vn -0.64245 -0.76633 -0.00000
vn -0.74517 -0.66687 -0.00000
vn -0.74517 -0.66687 -0.00000
vn 0.01648 0.99986 0.00000
vn 0.01648 0.99986 0.00000
vn 0.01648 0.99986 0.00000
vn 0.01648 0.99986 0.00000
vn 0.01648 0.99986 0.00000
vn 0.01648 0.99986 0.00000
vn 0.00000 1.00000 0.00000
vn 0.00000 1.00000 0.00000
vn 0.00000 1.00000 0.00000
vn 0.00000 1.00000 0.00000
vn 0.00000 1.00000 0.00000
vn 0.00000 1.00000 0.00000
vn -0.68298 0.73044 0.00000
vn -0.61967 0.78486 0.00000
vn -0.68298 0.73044 0.00000
vn -0.68298 0.73044 0.00000
vn -0.61967 0.78486 0.00000
vn -0.61967 0.78486 0.00000
vn -0.61967 0.78486 0.00000
vn -0.61967 0.78486 0.00000
vn -0.54655 0.83743 0.00000
vn -0.61967 0.78486 0.00000
vn -0.54655 0.83743 0.00000
vn -0.54655 0.83743 0.00000
vn -0.54655 0.83743 0.00000
vn -0.54655 0.83743 0.00000
vn -0.46506 0.88528 0.00000
vn -0.54655 0.83743 0.00000
vn -0.46506 0.88528 0.00000
vn -0.46506 0.88528 0.00000
vn -0.46506 0.88528 0.00000
vn -0.46506 0.88528 0.00000
vn -0.37790 0.92585 0.00000
vn -0.46506 0.88528 0.00000
vn -0.37790 0.92585 0.00000
vn -0.37790 0.92585 0.00000
vn -0.37790 0.92585 0.00000
vn -0.37790 0.92585 0.00000
vn -0.28860 0.95745 0.00000
vn -0.37790 0.92585 0.00000
vn -0.28860 0.95745 0.00000
vn -0.28860 0.95745 0.00000
vn -0.28860 0.95745 0.00000
vn -0.28860 0.95745 0.00000
vn -0.20092 0.97961 0.00000
vn -0.28860 0.95745 0.00000
vn -0.20092 0.97961 0.00000
vn -0.20092 0.97961 0.00000
vn -0.20092 0.97961 0.00000
vn -0.20092 0.97961 0.00000
vn -0.11815 0.99300 0.00000
vn -0.20092 0.97961 0.00000
vn -0.11815 0.99300 0.00000
vn -0.11815 0.99300 0.00000
vn -0.11815 0.99300 0.00000
vn -0.11815 0.99300 0.00000
vn -0.04260 0.99909 0.00000
vn -0.11815 0.99300 0.00000
vn -0.04260 0.99909 0.00000
vn -0.04260 0.99909 0.00000
vn -0.68116 0.73213 0.00000
vn -0.68116 0.73213 0.00000
vn -0.68116 0.73213 0.00000
vn -0.68116 0.73213 0.00000
vn -0.68116 0.73213 0.00000
vn -0.68116 0.73213 0.00000
vn 0.99763 -0.06880 -0.00000
vn 0.98894 -0.14830 -0.00000
vn 0.99763 -0.06880 -0.00000
vn 0.99763 -0.06880 -0.00000
vn 0.98894 -0.14830 -0.00000
vn 0.98894 -0.14830 -0.00000
vn 0.98894 -0.14830 -0.00000
vn 0.98894 -0.14830 -0.00000
vn 0.97424 -0.22549 -0.00000
vn 0.98894 -0.14830 -0.00000
vn 0.97424 -0.22549 -0.00000
vn 0.97424 -0.22549 -0.00000
vn 0.97424 -0.22549 -0.00000
vn 0.97424 -0.22549 -0.00000
vn 0.95442 -0.29848 -0.00000
vn 0.97424 -0.22549 -0.00000
vn 0.95442 -0.29848 -0.00000
vn 0.95442 -0.29848 -0.00000
vn 0.95442 -0.29848 -0.00000
vn 0.95442 -0.29848 -0.00000
vn 0.93070 -0.36580 -0.00000
vn 0.95442 -0.29848 -0.00000
vn 0.93070 -0.36580 -0.00000
vn 0.93070 -0.36580 -0.00000
vn 0.99749 -0.07074 -0.00000
vn 0.99749 -0.07074 -0.00000
vn 0.99749 -0.07074 -0.00000
vn 0.99749 -0.07074 -0.00000
vn 0.99749 -0.07074 -0.00000
vn 0.99749 -0.07074 -0.00000
vn 1.00000 0.00000 0.00000
vn 1.00000 0.00000 0.00000
vn 1.00000 0.00000 0.00000
vn 1.00000 0.00000 0.00000
vn 1.00000 0.00000 0.00000
vn 1.00000 0.00000 0.00000
vn 0.99825 0.05911 0.00000
vn 0.99825 0.05911 0.00000
vn 0.99825 0.05911 0.00000
vn 0.99825 0.05911 0.00000
vn 0.99825 0.05911 0.00000
vn 0.99825 0.05911 0.00000
vn 0.89467 0.44672 0.00000
vn 0.93376 0.35790 0.00000
vn 0.89467 0.44672 0.00000
vn 0.89467 0.44672 0.00000
vn 0.93376 0.35790 0.00000
vn 0.93376 0.35790 0.00000
vn 0.93376 0.35790 0.00000
vn 0.93376 0.35790 0.00000
vn 0.96460 0.26372 0.00000
vn 0.93376 0.35790 0.00000
vn 0.96460 0.26372 0.00000
vn 0.96460 0.26372 0.00000
vn 0.96460 0.26372 0.00000
vn 0.96460 0.26372 0.00000
vn 0.98628 0.16505 0.00000
vn 0.96460 0.26372 0.00000
vn 0.98628 0.16505 0.00000
vn 0.98628 0.16505 0.00000
vn 0.98628 0.16505 0.00000
vn 0.98628 0.16505 0.00000
vn 0.99801 0.06307 0.00000
vn 0.98628 0.16505 0.00000
vn 0.99801 0.06307 0.00000
vn 0.99801 0.06307 0.00000
vn -0.98129 -0.19253 -0.00000
vn -0.98129 -0.19253 -0.00000
vn -0.95783 -0.28733 -0.00000
vn -0.95783 -0.28733 -0.00000
vn -0.98129 -0.19253 -0.00000
vn -0.98129 -0.19253 -0.00000
vn -0.95783 -0.28733 -0.00000
vn -0.98129 -0.19253 -0.00000
vn -0.98129 -0.19253 -0.00000
vn -0.98129 -0.19253 -0.00000
vn -0.98129 -0.19253 -0.00000
vn -0.99961 -0.02776 -0.00000
vn -0.98129 -0.19253 -0.00000
vn -0.99961 -0.02776 -0.00000
vn -0.99961 -0.02776 -0.00000
vn -0.99961 -0.02776 -0.00000
vn -0.99961 -0.02776 -0.00000
vn -0.99372 0.11190 0.00000
vn -0.99961 -0.02776 -0.00000
vn -0.99372 0.11190 0.00000
vn -0.99372 0.11190 0.00000
vn -0.99372 0.11190 0.00000
vn -0.99372 0.11190 0.00000
vn -0.94577 0.32483 0.00000
vn -0.99372 0.11190 0.00000
vn -0.94577 0.32483 0.00000
vn -0.94577 0.32483 0.00000
vn -0.94577 0.32483 0.00000
vn -0.94577 0.32483 0.00000
vn -0.88389 0.46770 0.00000
vn -0.94577 0.32483 0.00000
vn -0.88389 0.46770 0.00000
vn -0.88389 0.46770 0.00000
vn -0.88389 0.46770 0.00000
vn -0.88389 0.46770 0.00000
vn -0.77604 0.63069 0.00000
vn -0.88389 0.46770 0.00000
vn -0.77604 0.63069 0.00000
vn -0.77604 0.63069 0.00000
vn -0.77604 0.63069 0.00000
vn -0.77604 0.63069 0.00000
vn -0.60855 0.79352 0.00000
vn -0.77604 0.63069 0.00000
vn -0.60855 0.79352 0.00000
vn -0.60855 0.79352 0.00000
vn -0.60855 0.79352 0.00000
vn -0.60855 0.79352 0.00000
vn -0.38807 0.92163 0.00000
vn -0.60855 0.79352 0.00000
vn -0.38807 0.92163 0.00000
vn -0.38807 0.92163 0.00000
vn -0.38807 0.92163 0.00000
vn -0.38807 0.92163 0.00000
vn -0.14975 0.98872 0.00000
vn -0.38807 0.92163 0.00000
vn -0.14975 0.98872 0.00000
vn -0.14975 0.98872 0.00000
vn -0.14975 0.98872 0.00000
vn -0.14975 0.98872 0.00000
vn 0.06586 0.99783 0.00000
vn -0.14975 0.98872 0.00000
vn 0.06586 0.99783 0.00000
vn 0.06586 0.99783 0.00000
vn 0.06586 0.99783 0.00000
vn 0.06586 0.99783 0.00000
vn 0.23913 0.97099 0.00000
vn 0.06586 0.99783 0.00000
vn 0.23913 0.97099 0.00000
vn 0.23913 0.97099 0.00000
vn 0.23913 0.97099 0.00000
vn 0.23913 0.97099 0.00000
vn 0.37068 0.92876 0.00000
vn 0.23913 0.97099 0.00000
vn 0.37068 0.92876 0.00000
vn 0.37068 0.92876 0.00000
vn 0.37068 0.92876 0.00000
vn 0.37068 0.92876 0.00000
vn 0.54330 0.83954 0.00000
vn 0.37068 0.92876 0.00000
vn 0.54330 0.83954 0.00000
vn 0.54330 0.83954 0.00000
vn 0.54330 0.83954 0.00000
vn 0.54330 0.83954 0.00000
vn 0.64478 0.76437 0.00000
vn 0.54330 0.83954 0.00000
vn 0.64478 0.76437 0.00000
vn 0.64478 0.76437 0.00000
vn 0.64478 0.76437 0.00000
vn 0.64478 0.76437 0.00000
vn 0.81068 0.58549 0.00000
vn 0.64478 0.76437 0.00000
vn 0.81068 0.58549 0.00000
vn 0.64478 0.76437 0.00000
vn 0.64478 0.76437 0.00000
vn 0.81068 0.58549 0.00000
vn 0.64478 0.76437 0.00000
vn 0.64478 0.76437 0.00000
vn 0.64478 0.76437 0.00000
vn 0.54330 0.83954 0.00000
vn 0.54330 0.83954 0.00000
vn 0.64478 0.76437 0.00000
vn 0.54330 0.83954 0.00000
vn 0.54330 0.83954 0.00000
vn 0.54330 0.83954 0.00000
vn 0.37068 0.92876 0.00000
vn 0.37068 0.92876 0.00000
vn 0.54330 0.83954 0.00000
vn 0.37068 0.92876 0.00000
vn 0.37068 0.92876 0.00000
vn 0.37068 0.92876 0.00000
vn 0.23913 0.97099 0.00000
vn 0.23913 0.97099 0.00000
vn 0.37068 0.92876 0.00000
vn 0.23913 0.97099 0.00000
vn 0.23913 0.97099 0.00000
vn 0.23913 0.97099 0.00000
vn 0.06586 0.99783 0.00000
vn 0.06586 0.99783 0.00000
vn 0.23913 0.97099 0.00000
vn 0.06586 0.99783 0.00000
vn 0.06586 0.99783 0.00000
vn 0.06586 0.99783 0.00000
vn -0.14975 0.98872 0.00000
vn -0.14975 0.98872 0.00000
vn 0.06586 0.99783 0.00000
vn -0.14975 0.98872 0.00000
vn -0.14975 0.98872 0.00000
vn -0.14975 0.98872 0.00000
vn -0.38807 0.92163 0.00000
vn -0.38807 0.92163 0.00000
vn -0.14975 0.98872 0.00000
vn -0.38807 0.92163 0.00000
vn -0.38807 0.92163 0.00000
vn -0.38807 0.92163 0.00000
vn -0.60855 0.79352 0.00000
vn -0.60855 0.79352 0.00000
vn -0.38807 0.92163 0.00000
vn -0.60855 0.79352 0.00000
vn -0.60855 0.79352 0.00000
vn -0.60855 0.79352 0.00000
vn -0.77604 0.63069 0.00000
vn -0.77604 0.63069 0.00000
vn -0.60855 0.79352 0.00000
vn -0.77604 0.63069 0.00000
vn -0.77604 0.63069 0.00000
vn -0.77604 0.63069 0.00000
vn -0.88389 0.46770 0.00000
vn -0.88389 0.46770 0.00000
vn -0.77604 0.63069 0.00000
vn -0.88389 0.46770 0.00000
vn -0.88389 0.46770 0.00000
vn -0.88389 0.46770 0.00000
vn -0.94577 0.32483 0.00000
vn -0.94577 0.32483 0.00000
vn -0.88389 0.46770 0.00000
vn -0.94577 0.32483 0.00000
vn -0.94577 0.32483 0.00000
vn -0.94577 0.32483 0.00000
vn -0.99372 0.11190 0.00000
vn -0.98129 -0.19253 -0.00000
vn -0.99961 -0.02776 -0.00000
vn -0.98129 -0.19253 -0.00000
vn -0.98129 -0.19253 -0.00000
vn -0.99961 -0.02776 -0.00000
vn -0.99961 -0.02776 -0.00000
vn -0.98129 -0.19253 -0.00000
vn -0.99961 -0.02776 -0.00000
vn -0.98129 -0.19253 -0.00000
vn -0.98129 -0.19253 -0.00000
vn -0.99961 -0.02776 -0.00000
vn -0.99961 -0.02776 -0.00000
vn -0.99961 -0.02776 -0.00000
vn -0.99372 0.11190 0.00000
vn -0.99961 -0.02776 -0.00000
vn -0.99961 -0.02776 -0.00000
vn -0.99372 0.11190 0.00000
vn -0.99372 0.11190 0.00000
vn -0.99961 -0.02776 -0.00000
vn -0.99372 0.11190 0.00000
vn -0.99961 -0.02776 -0.00000
vn -0.99961 -0.02776 -0.00000
vn -0.99372 0.11190 0.00000
vn -0.99372 0.11190 0.00000
vn -0.99372 0.11190 0.00000
vn -0.94577 0.32483 0.00000
vn -0.99372 0.11190 0.00000
vn -0.99372 0.11190 0.00000
vn -0.94577 0.32483 0.00000
vn -0.94577 0.32483 0.00000
vn -0.99372 0.11190 0.00000
vn -0.94577 0.32483 0.00000
vn -0.99372 0.11190 0.00000
vn -0.99372 0.11190 0.00000
vn -0.94577 0.32483 0.00000
vn -0.94577 0.32483 0.00000
vn -0.94577 0.32483 0.00000
vn -0.88389 0.46770 0.00000
vn -0.94577 0.32483 0.00000
vn -0.94577 0.32483 0.00000
vn -0.88389 0.46770 0.00000
vn -0.88389 0.46770 0.00000
vn -0.94577 0.32483 0.00000
vn -0.88389 0.46770 0.00000
vn -0.94577 0.32483 0.00000
vn -0.94577 0.32483 0.00000
vn -0.88389 0.46770 0.00000
vn -0.88389 0.46770 0.00000
vn -0.88389 0.46770 0.00000
vn -0.77604 0.63069 0.00000
vn -0.88389 0.46770 0.00000
vn -0.88389 0.46770 0.00000
vn -0.77604 0.63069 0.00000
vn -0.77604 0.63069 0.00000
vn -0.88389 0.46770 0.00000
vn -0.77604 0.63069 0.00000
vn -0.88389 0.46770 0.00000
vn -0.88389 0.46770 0.00000
vn -0.77604 0.63069 0.00000
vn -0.77604 0.63069 0.00000
vn -0.77604 0.63069 0.00000
vn -0.60855 0.79352 0.00000
vn -0.77604 0.63069 0.00000
vn -0.77604 0.63069 0.00000
vn -0.60855 0.79352 0.00000
vn -0.60855 0.79352 0.00000
vn -0.77604 0.63069 0.00000
vn -0.60855 0.79352 0.00000
vn -0.77604 0.63069 0.00000
vn -0.77604 0.63069 0.00000
vn -0.60855 0.79352 0.00000
vn -0.60855 0.79352 0.00000
vn -0.60855 0.79352 0.00000
vn -0.38807 0.92163 0.00000
vn -0.60855 0.79352 0.00000
vn -0.60855 0.79352 0.00000
vn -0.38807 0.92163 0.00000
vn -0.38807 0.92163 0.00000
vn -0.60855 0.79352 0.00000
vn -0.38807 0.92163 0.00000
vn -0.60855 0.79352 0.00000
vn -0.60855 0.79352 0.00000
vn -0.38807 0.92163 0.00000
vn -0.38807 0.92163 0.00000
vn -0.38807 0.92163 0.00000
vn -0.14975 0.98872 0.00000
vn -0.38807 0.92163 0.00000
vn -0.38807 0.92163 0.00000
vn -0.14975 0.98872 0.00000
vn -0.14975 0.98872 0.00000
vn -0.38807 0.92163 0.00000
vn -0.14975 0.98872 0.00000
vn -0.38807 0.92163 0.00000
vn -0.38807 0.92163 0.00000
vn -0.14975 0.98872 0.00000
vn -0.14975 0.98872 0.00000
vn -0.14975 0.98872 0.00000
vn 0.06586 0.99783 0.00000
vn -0.14975 0.98872 0.00000
vn -0.14975 0.98872 0.00000
vn 0.06586 0.99783 0.00000
vn 0.06586 0.99783 0.00000
vn -0.14975 0.98872 0.00000
vn 0.06586 0.99783 0.00000
vn -0.14975 0.98872 0.00000
vn -0.14975 0.98872 0.00000
vn 0.06586 0.99783 0.00000
vn 0.06586 0.99783 0.00000
vn 0.06586 0.99783 0.00000
vn 0.23913 0.97099 0.00000
vn 0.06586 0.99783 0.00000
vn 0.06586 0.99783 0.00000
vn 0.23913 0.97099 0.00000
vn 0.23913 0.97099 0.00000
vn 0.06586 0.99783 0.00000
vn 0.23913 0.97099 0.00000
vn 0.06586 0.99783 0.00000
vn 0.06586 0.99783 0.00000
vn 0.23913 0.97099 0.00000
vn 0.23913 0.97099 0.00000
vn 0.23913 0.97099 0.00000
vn 0.37068 0.92876 0.00000
vn 0.23913 0.97099 0.00000
vn 0.23913 0.97099 0.00000
vn 0.37068 0.92876 0.00000
vn 0.37068 0.92876 0.00000
vn 0.23913 0.97099 0.00000
vn 0.37068 0.92876 0.00000
vn 0.23913 0.97099 0.00000
vn 0.23913 0.97099 0.00000
vn 0.37068 0.92876 0.00000
vn 0.37068 0.92876 0.00000
vn 0.37068 0.92876 0.00000
vn 0.54330 0.83954 0.00000
vn 0.37068 0.92876 0.00000
vn 0.37068 0.92876 0.00000
vn 0.54330 0.83954 0.00000
vn 0.54330 0.83954 0.00000
vn 0.37068 0.92876 0.00000
vn 0.54330 0.83954 0.00000
vn 0.37068 0.92876 0.00000
vn 0.37068 0.92876 0.00000
vn 0.54330 0.83954 0.00000
vn 0.54330 0.83954 0.00000
vn 0.54330 0.83954 0.00000
vn 0.64478 0.76437 0.00000
vn 0.54330 0.83954 0.00000
vn 0.54330 0.83954 0.00000
vn 0.64478 0.76437 0.00000
vn 0.64478 0.76437 0.00000
vn 0.54330 0.83954 0.00000
vn 0.64478 0.76437 0.00000
vn 0.54330 0.83954 0.00000
vn 0.54330 0.83954 0.00000
vn 0.64478 0.76437 0.00000
vn 0.64478 0.76437 0.00000
vn 0.64478 0.76437 0.00000
vn 0.81068 0.58549 0.00000
vn 0.64478 0.76437 0.00000
vn 0.64478 0.76437 0.00000
vn 0.81068 0.58549 0.00000
vn 0.64478 0.76437 0.00000
vn 0.81068 0.58549 0.00000
vn 0.64478 0.76437 0.00000
vn 0.81068 0.58549 0.00000
vn 0.81068 0.58549 0.00000
vn 0.64478 0.76437 0.00000
vn 0.64478 0.76437 0.00000
vn 0.81068 0.58549 0.00000
vn 0.64478 0.76437 0.00000
vn 0.64478 0.76437 0.00000
vn 0.64478 0.76437 0.00000
vn 0.64478 0.76437 0.00000
vn 0.54330 0.83954 0.00000
vn 0.64478 0.76437 0.00000
vn 0.64478 0.76437 0.00000
vn 0.81068 0.58549 0.00000
vn 0.81068 0.58549 0.00000
vn 0.64478 0.76437 0.00000
vn 0.64478 0.76437 0.00000
vn 0.81068 0.58549 0.00000
vn 0.64478 0.76437 0.00000
vn 0.64478 0.76437 0.00000
vn 0.64478 0.76437 0.00000
vn 0.64478 0.76437 0.00000
vn 0.54330 0.83954 0.00000
vn 0.64478 0.76437 0.00000
vn 0.54330 0.83954 0.00000
vn 0.54330 0.83954 0.00000
vn 0.54330 0.83954 0.00000
vn 0.54330 0.83954 0.00000
vn 0.37068 0.92876 0.00000
vn 0.54330 0.83954 0.00000
vn 0.37068 0.92876 0.00000
vn 0.37068 0.92876 0.00000
vn 0.37068 0.92876 0.00000
vn 0.37068 0.92876 0.00000
vn 0.23913 0.97099 0.00000
vn 0.37068 0.92876 0.00000
vn 0.23913 0.97099 0.00000
vn 0.23913 0.97099 0.00000
vn 0.23913 0.97099 0.00000
vn 0.23913 0.97099 0.00000
vn 0.06586 0.99783 0.00000
vn 0.23913 0.97099 0.00000
vn 0.06586 0.99783 0.00000
vn 0.06586 0.99783 0.00000
vn 0.06586 0.99783 0.00000
vn 0.06586 0.99783 0.00000
vn -0.14975 0.98872 0.00000
vn 0.06586 0.99783 0.00000
vn -0.14975 0.98872 0.00000
vn -0.14975 0.98872 0.00000
vn -0.14975 0.98872 0.00000
vn -0.14975 0.98872 0.00000
vn -0.38807 0.92163 0.00000
vn -0.14975 0.98872 0.00000
vn -0.38807 0.92163 0.00000
vn -0.38807 0.92163 0.00000
vn -0.38807 0.92163 0.00000
vn -0.38807 0.92163 0.00000
vn -0.60855 0.79352 0.00000
vn -0.38807 0.92163 0.00000
vn -0.60855 0.79352 0.00000
vn -0.60855 0.79352 0.00000
vn -0.60855 0.79352 0.00000
vn -0.60855 0.79352 0.00000
vn -0.77604 0.63069 0.00000
vn 0.64478 0.76437 0.00000
vn 0.54330 0.83954 0.00000
vn 0.64478 0.76437 0.00000
vn 0.64478 0.76437 0.00000
vn 0.54330 0.83954 0.00000
vn 0.54330 0.83954 0.00000
vn 0.64478 0.76437 0.00000
vn 0.54330 0.83954 0.00000
vn 0.64478 0.76437 0.00000
vn 0.64478 0.76437 0.00000
vn 0.54330 0.83954 0.00000
vn 0.54330 0.83954 0.00000
vn 0.54330 0.83954 0.00000
vn 0.37068 0.92876 0.00000
vn 0.54330 0.83954 0.00000
vn 0.54330 0.83954 0.00000
vn 0.37068 0.92876 0.00000
vn 0.37068 0.92876 0.00000
vn 0.54330 0.83954 0.00000
vn 0.37068 0.92876 0.00000
vn 0.54330 0.83954 0.00000
vn 0.54330 0.83954 0.00000
vn 0.37068 0.92876 0.00000
vn 0.37068 0.92876 0.00000
vn 0.37068 0.92876 0.00000
vn 0.23913 0.97099 0.00000
vn 0.37068 0.92876 0.00000
vn 0.37068 0.92876 0.00000
vn 0.23913 0.97099 0.00000
vn 0.23913 0.97099 0.00000
vn 0.37068 0.92876 0.00000
vn 0.23913 0.97099 0.00000
vn 0.37068 0.92876 0.00000
vn 0.37068 0.92876 0.00000
vn 0.23913 0.97099 0.00000
vn 0.23913 0.97099 0.00000
vn 0.23913 0.97099 0.00000
vn 0.06586 0.99783 0.00000
vn 0.23913 0.97099 0.00000
vn 0.23913 0.97099 0.00000
vn 0.06586 0.99783 0.00000
vn 0.06586 0.99783 0.00000
vn 0.23913 0.97099 0.00000
vn 0.06586 0.99783 0.00000
vn 0.23913 0.97099 0.00000
vn 0.23913 0.97099 0.00000
vn 0.06586 0.99783 0.00000
vn 0.06586 0.99783 0.00000
vn 0.06586 0.99783 0.00000
vn -0.14975 0.98872 0.00000
vn 0.06586 0.99783 0.00000
vn 0.06586 0.99783 0.00000
vn -0.14975 0.98872 0.00000
vn -0.14975 0.98872 0.00000
vn 0.06586 0.99783 0.00000
vn -0.14975 0.98872 0.00000
vn 0.06586 0.99783 0.00000
vn 0.06586 0.99783 0.00000
vn -0.14975 0.98872 0.00000
vn -0.14975 0.98872 0.00000
vn -0.14975 0.98872 0.00000
vn -0.38807 0.92163 0.00000
vn -0.14975 0.98872 0.00000
vn -0.14975 0.98872 0.00000
vn -0.38807 0.92163 0.00000
vn -0.38807 0.92163 0.00000
vn -0.14975 0.98872 0.00000
vn -0.38807 0.92163 0.00000
vn -0.14975 0.98872 0.00000
vn -0.14975 0.98872 0.00000
vn -0.38807 0.92163 0.00000
vn -0.38807 0.92163 0.00000
vn -0.38807 0.92163 0.00000
vn -0.60855 0.79352 0.00000
vn -0.38807 0.92163 0.00000
vn -0.38807 0.92163 0.00000
vn -0.60855 0.79352 0.00000
vn -0.60855 0.79352 0.00000
vn -0.38807 0.92163 0.00000
vn -0.60855 0.79352 0.00000
vn -0.38807 0.92163 0.00000
vn -0.38807 0.92163 0.00000
vn -0.60855 0.79352 0.00000
vn -0.60855 0.79352 0.00000
vn -0.60855 0.79352 0.00000
vn -0.77604 0.63069 0.00000
vn -0.60855 0.79352 0.00000
vn -0.60855 0.79352 0.00000
vn -0.77604 0.63069 0.00000
vn -0.77604 0.63069 0.00000
vn -0.60855 0.79352 0.00000
vn -0.77604 0.63069 0.00000
vn -0.60855 0.79352 0.00000
vn -0.60855 0.79352 0.00000
vn -0.77604 0.63069 0.00000
vn -0.77604 0.63069 0.00000
vn -0.77604 0.63069 0.00000
vn -0.88389 0.46770 0.00000
vn -0.77604 0.63069 0.00000
vn -0.77604 0.63069 0.00000
vn -0.88389 0.46770 0.00000
vn -0.88389 0.46770 0.00000
vn -0.77604 0.63069 0.00000
vn -0.88389 0.46770 0.00000
vn -0.77604 0.63069 0.00000
vn -0.88389 0.46770 0.00000
vn -0.94577 0.32483 0.00000
vn -0.88389 0.46770 0.00000
vn -0.94577 0.32483 0.00000
vn -0.99372 0.11190 0.00000
vn -0.99372 0.11190 0.00000
vn -0.99372 0.11190 0.00000
vn -0.99372 0.11190 0.00000
vn -0.99961 -0.02776 -0.00000
vn -0.99372 0.11190 0.00000
vn -0.99961 -0.02776 -0.00000
vn -0.99961 -0.02776 -0.00000
vn -0.99961 -0.02776 -0.00000
vn -0.99961 -0.02776 -0.00000
vn -0.98129 -0.19253 -0.00000
vn -0.99961 -0.02776 -0.00000
vn -0.98129 -0.19253 -0.00000
vn -0.98129 -0.19253 -0.00000
vn -0.98129 -0.19253 -0.00000
vn -0.98129 -0.19253 -0.00000
vn -0.95783 -0.28733 -0.00000
vn -0.98129 -0.19253 -0.00000
vn -0.95783 -0.28733 -0.00000
vn -0.98129 -0.19253 -0.00000
vn -0.98129 -0.19253 -0.00000
vn -0.95783 -0.28733 -0.00000
vn -0.98129 -0.19253 -0.00000
vn -0.98129 -0.19253 -0.00000
vn -0.98129 -0.19253 -0.00000
vn -0.99961 -0.02776 -0.00000
vn -0.99961 -0.02776 -0.00000
vn -0.98129 -0.19253 -0.00000
vn -0.99961 -0.02776 -0.00000
vn -0.99961 -0.02776 -0.00000
vn -0.99961 -0.02776 -0.00000
vn -0.99372 0.11190 0.00000
vn -0.99372 0.11190 0.00000
vn -0.99961 -0.02776 -0.00000
vn -0.99372 0.11190 0.00000
vn -0.99372 0.11190 0.00000
vn -0.99372 0.11190 0.00000
vn -0.94577 0.32483 0.00000
vn -0.94577 0.32483 0.00000
vn -0.99372 0.11190 0.00000
vn -0.94577 0.32483 0.00000
vn -0.94577 0.32483 0.00000
vn -0.94577 0.32483 0.00000
vn -0.88389 0.46770 0.00000
vn -0.88389 0.46770 0.00000
vn -0.94577 0.32483 0.00000
vn -0.88389 0.46770 0.00000
vn -0.88389 0.46770 0.00000
vn -0.88389 0.46770 0.00000
vn -0.77604 0.63069 0.00000
vn -0.77604 0.63069 0.00000
vn -0.88389 0.46770 0.00000
vn -0.77604 0.63069 0.00000
vn -0.77604 0.63069 0.00000
vn -0.77604 0.63069 0.00000
vn -0.60855 0.79352 0.00000
vn -0.60855 0.79352 0.00000
vn -0.77604 0.63069 0.00000
vn -0.60855 0.79352 0.00000
vn -0.60855 0.79352 0.00000
vn -0.60855 0.79352 0.00000
vn -0.38807 0.92163 0.00000
vn -0.38807 0.92163 0.00000
vn -0.60855 0.79352 0.00000
vn -0.38807 0.92163 0.00000
vn -0.38807 0.92163 0.00000
vn -0.38807 0.92163 0.00000
vn -0.14975 0.98872 0.00000
vn -0.14975 0.98872 0.00000
vn -0.38807 0.92163 0.00000
vn -0.14975 0.98872 0.00000
vn -0.14975 0.98872 0.00000
vn -0.14975 0.98872 0.00000
vn 0.06586 0.99783 0.00000
vn 0.06586 0.99783 0.00000
vn -0.14975 0.98872 0.00000
vn 0.06586 0.99783 0.00000
vn 0.06586 0.99783 0.00000
vn 0.06586 0.99783 0.00000
vn 0.23913 0.97099 0.00000
vn -0.95783 -0.28733 -0.00000
vn -0.98129 -0.19253 -0.00000
vn -0.95783 -0.28733 -0.00000
vn -0.95783 -0.28733 -0.00000
vn -0.98129 -0.19253 -0.00000
vn -0.98129 -0.19253 -0.00000
vn -0.95783 -0.28733 -0.00000
vn -0.98129 -0.19253 -0.00000
vn -0.98129 -0.19253 -0.00000
vn -0.98129 -0.19253 -0.00000
vn -0.98129 -0.19253 -0.00000
vn -0.99961 -0.02776 -0.00000
vn -0.98129 -0.19253 -0.00000
vn -0.99961 -0.02776 -0.00000
vn -0.99961 -0.02776 -0.00000
vn -0.99961 -0.02776 -0.00000
vn -0.99961 -0.02776 -0.00000
vn -0.99372 0.11190 0.00000
vn -0.99961 -0.02776 -0.00000
vn -0.99372 0.11190 0.00000
vn -0.99372 0.11190 0.00000
vn -0.99372 0.11190 0.00000
vn -0.99372 0.11190 0.00000
vn -0.94577 0.32483 0.00000
vn -0.95783 -0.28733 -0.00000
vn -0.98129 -0.19253 -0.00000
vn -0.98129 -0.19253 -0.00000
vn -0.98129 -0.19253 -0.00000
vn -0.98129 -0.19253 -0.00000
vn -0.99961 -0.02776 -0.00000
vn -0.98129 -0.19253 -0.00000
vn -0.99961 -0.02776 -0.00000
vn -0.99961 -0.02776 -0.00000
vn -0.99961 -0.02776 -0.00000
vn -0.99961 -0.02776 -0.00000
vn -0.99372 0.11190 0.00000
vn -0.99961 -0.02776 -0.00000
vn -0.99372 0.11190 0.00000
vn -0.99372 0.11190 0.00000
vn -0.99372 0.11190 0.00000
vn -0.99372 0.11190 0.00000
vn -0.94577 0.32483 0.00000
vn -0.99372 0.11190 0.00000
vn -0.94577 0.32483 0.00000
vn -0.94577 0.32483 0.00000
vn -0.94577 0.32483 0.00000
vn -0.94577 0.32483 0.00000
vn -0.88389 0.46770 0.00000
vn -0.94577 0.32483 0.00000
vn -0.88389 0.46770 0.00000
vn -0.88389 0.46770 0.00000
vn -0.88389 0.46770 0.00000
vn -0.88389 0.46770 0.00000
vn -0.77604 0.63069 0.00000
vn -0.88389 0.46770 0.00000
vn -0.77604 0.63069 0.00000
vn -0.77604 0.63069 0.00000
vn -0.77604 0.63069 0.00000
vn -0.77604 0.63069 0.00000
vn -0.60855 0.79352 0.00000
vn -0.77604 0.63069 0.00000
vn -0.60855 0.79352 0.00000
vn -0.60855 0.79352 0.00000
vn -0.60855 0.79352 0.00000
vn -0.60855 0.79352 0.00000
vn -0.38807 0.92163 0.00000
vn -0.60855 0.79352 0.00000
vn -0.38807 0.92163 0.00000
vn -0.38807 0.92163 0.00000
vn -0.38807 0.92163 0.00000
vn -0.38807 0.92163 0.00000
vn -0.14975 0.98872 0.00000
vn -0.95783 -0.28733 -0.00000
vn -0.98129 -0.19253 -0.00000
vn -0.98129 -0.19253 -0.00000
vn -0.98129 -0.19253 -0.00000
vn -0.98129 -0.19253 -0.00000
vn -0.99961 -0.02776 -0.00000
vn -0.98129 -0.19253 -0.00000
vn -0.99961 -0.02776 -0.00000
vn -0.99961 -0.02776 -0.00000
vn -0.99961 -0.02776 -0.00000
vn -0.99961 -0.02776 -0.00000
vn -0.99372 0.11190 0.00000
vn -0.99961 -0.02776 -0.00000
vn -0.99372 0.11190 0.00000
vn -0.99372 0.11190 0.00000
vn -0.99372 0.11190 0.00000
vn -0.99372 0.11190 0.00000
vn -0.94577 0.32483 0.00000
vn -0.99372 0.11190 0.00000
vn -0.94577 0.32483 0.00000
vn -0.94577 0.32483 0.00000
vn -0.94577 0.32483 0.00000
vn -0.94577 0.32483 0.00000
vn -0.88389 0.46770 0.00000
vn -0.94577 0.32483 0.00000
vn -0.88389 0.46770 0.00000
vn -0.88389 0.46770 0.00000
vn -0.88389 0.46770 0.00000
vn -0.88389 0.46770 0.00000
vn -0.77604 0.63069 0.00000
vn -0.88389 0.46770 0.00000
vn -0.77604 0.63069 0.00000
vn -0.77604 0.63069 0.00000
vn -0.77604 0.63069 0.00000
vn -0.77604 0.63069 0.00000
vn -0.60855 0.79352 0.00000
vn -0.77604 0.63069 0.00000
vn -0.60855 0.79352 0.00000
vn -0.60855 0.79352 0.00000
vn -0.60855 0.79352 0.00000
vn -0.60855 0.79352 0.00000
vn -0.38807 0.92163 0.00000
vn -0.99961 -0.02776 -0.00000
vn -0.98129 -0.19253 -0.00000
vn -0.98129 -0.19253 -0.00000
vn -0.98129 -0.19253 -0.00000
vn -0.98129 -0.19253 -0.00000
vn -0.95783 -0.28733 -0.00000
vn -0.98129 -0.19253 -0.00000
vn -0.95783 -0.28733 -0.00000
vn -0.98129 -0.19253 -0.00000
vn 0.64478 0.76437 0.00000
vn 0.81068 0.58549 0.00000
vn 0.64478 0.76437 0.00000
vn 0.64478 0.76437 0.00000
vn 0.81068 0.58549 0.00000
vn 0.64478 0.76437 0.00000
vn 0.64478 0.76437 0.00000
vn 0.64478 0.76437 0.00000
vn 0.54330 0.83954 0.00000
vn 0.54330 0.83954 0.00000
vn 0.64478 0.76437 0.00000
vn 0.54330 0.83954 0.00000
vn 0.54330 0.83954 0.00000
vn 0.54330 0.83954 0.00000
vn 0.37068 0.92876 0.00000
vn -0.98129 -0.19253 -0.00000
vn -0.95783 -0.28733 -0.00000
vn -0.98129 -0.19253 -0.00000
vn -0.99961 -0.02776 -0.00000
vn -0.98129 -0.19253 -0.00000
vn -0.99961 -0.02776 -0.00000
vn -0.99961 -0.02776 -0.00000
vn -0.98129 -0.19253 -0.00000
vn -0.98129 -0.19253 -0.00000
vn -0.99961 -0.02776 -0.00000
vn -0.98129 -0.19253 -0.00000
vn -0.99961 -0.02776 -0.00000
vn -0.99372 0.11190 0.00000
vn -0.99961 -0.02776 -0.00000
vn -0.99372 0.11190 0.00000
vn -0.99372 0.11190 0.00000
vn -0.99961 -0.02776 -0.00000
vn -0.99961 -0.02776 -0.00000
vn -0.99372 0.11190 0.00000
vn -0.99961 -0.02776 -0.00000
vn -0.99372 0.11190 0.00000
vn -0.99372 0.11190 0.00000
vn -0.99961 -0.02776 -0.00000
vn -0.99961 -0.02776 -0.00000
vn -0.99372 0.11190 0.00000
vn -0.99961 -0.02776 -0.00000
vn -0.99372 0.11190 0.00000
vn -0.94577 0.32483 0.00000
vn -0.99372 0.11190 0.00000
vn -0.94577 0.32483 0.00000
vn -0.94577 0.32483 0.00000
vn -0.99372 0.11190 0.00000
vn -0.99372 0.11190 0.00000
vn -0.94577 0.32483 0.00000
vn -0.99372 0.11190 0.00000
vn -0.94577 0.32483 0.00000
vn -0.94577 0.32483 0.00000
vn -0.99372 0.11190 0.00000
vn -0.99372 0.11190 0.00000
vn -0.94577 0.32483 0.00000
vn -0.99372 0.11190 0.00000
vn -0.94577 0.32483 0.00000
vn -0.94577 0.32483 0.00000
vn -0.99372 0.11190 0.00000
vn -0.99372 0.11190 0.00000
vn -0.94577 0.32483 0.00000
vn -0.99372 0.11190 0.00000
vn -0.94577 0.32483 0.00000
vn 0.64478 0.76437 0.00000
vn 0.81068 0.58549 0.00000
vn 0.64478 0.76437 0.00000
vn 0.54330 0.83954 0.00000
vn 0.64478 0.76437 0.00000
vn 0.54330 0.83954 0.00000
vn 0.54330 0.83954 0.00000
vn 0.64478 0.76437 0.00000
vn 0.64478 0.76437 0.00000
vn 0.54330 0.83954 0.00000
vn 0.64478 0.76437 0.00000
vn 0.54330 0.83954 0.00000
vn 0.37068 0.92876 0.00000
vn 0.54330 0.83954 0.00000
vn 0.37068 0.92876 0.00000
vn 0.37068 0.92876 0.00000
vn 0.54330 0.83954 0.00000
vn 0.54330 0.83954 0.00000
vn 0.37068 0.92876 0.00000
vn 0.54330 0.83954 0.00000
vn 0.37068 0.92876 0.00000
vn 0.37068 0.92876 0.00000
vn 0.54330 0.83954 0.00000
vn 0.54330 0.83954 0.00000
vn 0.37068 0.92876 0.00000
vn 0.54330 0.83954 0.00000
vn 0.37068 0.92876 0.00000
vn 0.23913 0.97099 0.00000
vn 0.37068 0.92876 0.00000
vn 0.23913 0.97099 0.00000
vn 0.23913 0.97099 0.00000
vn 0.37068 0.92876 0.00000
vn 0.37068 0.92876 0.00000
vn 0.23913 0.97099 0.00000
vn 0.37068 0.92876 0.00000
vn 0.23913 0.97099 0.00000
vn 0.23913 0.97099 0.00000
vn 0.37068 0.92876 0.00000
vn 0.37068 0.92876 0.00000
vn 0.23913 0.97099 0.00000
vn 0.37068 0.92876 0.00000
vn 0.23913 0.97099 0.00000
vn 0.23913 0.97099 0.00000
vn 0.37068 0.92876 0.00000
vn 0.37068 0.92876 0.00000
vn 0.23913 0.97099 0.00000
vn 0.37068 0.92876 0.00000
vn 0.23913 0.97099 0.00000
vn 0.06586 0.99783 0.00000
vn -0.14975 0.98872 0.00000
vn -0.14975 0.98872 0.00000
vn -0.14975 0.98872 0.00000
vn -0.14975 0.98872 0.00000
vn -0.38807 0.92163 0.00000
vn -0.14975 0.98872 0.00000
vn -0.38807 0.92163 0.00000
vn -0.38807 0.92163 0.00000
vn -0.38807 0.92163 0.00000
vn -0.38807 0.92163 0.00000
vn -0.60855 0.79352 0.00000
vn -0.38807 0.92163 0.00000
vn -0.60855 0.79352 0.00000
vn -0.60855 0.79352 0.00000
vn -0.60855 0.79352 0.00000
vn -0.60855 0.79352 0.00000
vn -0.77604 0.63069 0.00000
vn -0.60855 0.79352 0.00000
vn -0.77604 0.63069 0.00000
vn -0.77604 0.63069 0.00000
vn -0.77604 0.63069 0.00000
vn -0.77604 0.63069 0.00000
vn -0.88389 0.46770 0.00000
vn -0.77604 0.63069 0.00000
vn -0.88389 0.46770 0.00000
vn -0.88389 0.46770 0.00000
vn -0.88389 0.46770 0.00000
vn -0.88389 0.46770 0.00000
vn -0.94577 0.32483 0.00000
vn -0.88389 0.46770 0.00000
vn -0.94577 0.32483 0.00000
vn -0.94577 0.32483 0.00000
vn -0.94577 0.32483 0.00000
vn -0.94577 0.32483 0.00000
vn -0.99372 0.11190 0.00000
vn -0.94577 0.32483 0.00000
vn -0.99372 0.11190 0.00000
vn -0.99372 0.11190 0.00000
vn -0.99372 0.11190 0.00000
vn -0.99372 0.11190 0.00000
vn -0.99961 -0.02776 -0.00000
vn -0.99372 0.11190 0.00000
vn -0.99961 -0.02776 -0.00000
vn -0.99961 -0.02776 -0.00000
vn -0.99961 -0.02776 -0.00000
vn -0.99961 -0.02776 -0.00000
vn -0.98129 -0.19253 -0.00000
vn -0.99961 -0.02776 -0.00000
vn -0.98129 -0.19253 -0.00000
vn -0.98129 -0.19253 -0.00000
vn -0.95783 -0.28733 -0.00000
vn -0.98129 -0.19253 -0.00000
vn -0.98129 -0.19253 -0.00000
vn -0.98129 -0.19253 -0.00000
vn -0.98129 -0.19253 -0.00000
vn -0.99961 -0.02776 -0.00000
vn -0.98129 -0.19253 -0.00000
vn -0.99961 -0.02776 -0.00000
vn -0.99961 -0.02776 -0.00000
vn -0.99961 -0.02776 -0.00000
vn -0.99961 -0.02776 -0.00000
vn -0.99372 0.11190 0.00000
vn -0.99961 -0.02776 -0.00000
vn -0.99372 0.11190 0.00000
vn -0.99372 0.11190 0.00000
vn -0.99372 0.11190 0.00000
vn -0.99372 0.11190 0.00000
vn -0.94577 0.32483 0.00000
vn -0.99372 0.11190 0.00000
vn -0.94577 0.32483 0.00000
vn -0.94577 0.32483 0.00000
vn -0.94577 0.32483 0.00000
vn -0.94577 0.32483 0.00000
vn -0.88389 0.46770 0.00000
vn -0.94577 0.32483 0.00000
vn -0.88389 0.46770 0.00000
vn -0.88389 0.46770 0.00000
vn -0.88389 0.46770 0.00000
vn -0.88389 0.46770 0.00000
vn -0.77604 0.63069 0.00000
vn -0.88389 0.46770 0.00000
vn -0.77604 0.63069 0.00000
vn -0.77604 0.63069 0.00000
vn -0.77604 0.63069 0.00000
vn -0.77604 0.63069 0.00000
vn -0.60855 0.79352 0.00000
vn 0.23913 0.97099 0.00000
vn 0.23913 0.97099 0.00000
vn 0.06586 0.99783 0.00000
vn 0.06586 0.99783 0.00000
vn 0.23913 0.97099 0.00000
vn 0.06586 0.99783 0.00000
vn 0.06586 0.99783 0.00000
vn 0.06586 0.99783 0.00000
vn -0.14975 0.98872 0.00000
vn -0.14975 0.98872 0.00000
vn 0.06586 0.99783 0.00000
vn -0.14975 0.98872 0.00000
vn -0.14975 0.98872 0.00000
vn -0.14975 0.98872 0.00000
vn -0.38807 0.92163 0.00000
vn -0.38807 0.92163 0.00000
vn -0.14975 0.98872 0.00000
vn -0.38807 0.92163 0.00000
vn -0.38807 0.92163 0.00000
vn -0.38807 0.92163 0.00000
vn -0.60855 0.79352 0.00000
vn -0.60855 0.79352 0.00000
vn -0.38807 0.92163 0.00000
vn -0.60855 0.79352 0.00000
vn -0.60855 0.79352 0.00000
vn -0.60855 0.79352 0.00000
vn -0.77604 0.63069 0.00000
vn -0.77604 0.63069 0.00000
vn -0.60855 0.79352 0.00000
vn -0.77604 0.63069 0.00000
vn -0.77604 0.63069 0.00000
vn -0.77604 0.63069 0.00000
vn -0.88389 0.46770 0.00000
vn -0.88389 0.46770 0.00000
vn -0.77604 0.63069 0.00000
vn -0.88389 0.46770 0.00000
vn -0.88389 0.46770 0.00000
vn -0.88389 0.46770 0.00000
vn -0.94577 0.32483 0.00000
vn -0.94577 0.32483 0.00000
vn -0.88389 0.46770 0.00000
vn -0.94577 0.32483 0.00000
vn 0.06586 0.99783 0.00000
vn 0.23913 0.97099 0.00000
vn 0.23913 0.97099 0.00000
vn -0.95783 -0.28733 -0.00000
vn -0.98129 -0.19253 -0.00000
vn -0.98129 -0.19253 -0.00000
vn -0.98129 -0.19253 -0.00000
vn -0.98129 -0.19253 -0.00000
vn -0.99961 -0.02776 -0.00000
vn -0.98129 -0.19253 -0.00000
vn -0.99961 -0.02776 -0.00000
vn -0.99961 -0.02776 -0.00000
vn -0.99961 -0.02776 -0.00000
vn -0.99961 -0.02776 -0.00000
vn -0.99372 0.11190 0.00000
vn -0.99961 -0.02776 -0.00000
vn -0.99372 0.11190 0.00000
vn -0.99372 0.11190 0.00000
vn -0.99372 0.11190 0.00000
vn -0.99372 0.11190 0.00000
vn -0.94577 0.32483 0.00000
vn -0.99372 0.11190 0.00000
vn -0.94577 0.32483 0.00000
vn -0.94577 0.32483 0.00000
vn -0.94577 0.32483 0.00000
vn -0.94577 0.32483 0.00000
vn -0.88389 0.46770 0.00000
vn -0.94577 0.32483 0.00000
vn -0.88389 0.46770 0.00000
vn -0.88389 0.46770 0.00000
vn -0.88389 0.46770 0.00000
vn -0.88389 0.46770 0.00000
vn -0.77604 0.63069 0.00000
vn 0.06586 0.99783 0.00000
vn 0.23913 0.97099 0.00000
vn 0.06586 0.99783 0.00000
vn 0.06586 0.99783 0.00000
vn 0.23913 0.97099 0.00000
vn 0.23913 0.97099 0.00000
vn 0.06586 0.99783 0.00000
vn 0.23913 0.97099 0.00000
vn 0.06586 0.99783 0.00000
vn 0.06586 0.99783 0.00000
vn 0.23913 0.97099 0.00000
vn 0.23913 0.97099 0.00000
vn 0.06586 0.99783 0.00000
vn 0.23913 0.97099 0.00000
vn 0.06586 0.99783 0.00000
vn 0.54330 0.83954 0.00000
vn 0.64478 0.76437 0.00000
vn 0.54330 0.83954 0.00000
vn 0.54330 0.83954 0.00000
vn 0.64478 0.76437 0.00000
vn 0.64478 0.76437 0.00000
vn 0.54330 0.83954 0.00000
vn 0.64478 0.76437 0.00000
vn 0.54330 0.83954 0.00000
vn 0.54330 0.83954 0.00000
vn 0.64478 0.76437 0.00000
vn 0.64478 0.76437 0.00000
vn 0.54330 0.83954 0.00000
vn 0.64478 0.76437 0.00000
vn 0.54330 0.83954 0.00000
vn 0.54330 0.83954 0.00000
vn 0.64478 0.76437 0.00000
vn 0.64478 0.76437 0.00000
vn 0.54330 0.83954 0.00000
vn 0.64478 0.76437 0.00000
vn 0.54330 0.83954 0.00000
vn 0.54330 0.83954 0.00000
vn 0.64478 0.76437 0.00000
vn 0.64478 0.76437 0.00000
vn 0.54330 0.83954 0.00000
vn 0.64478 0.76437 0.00000
vn 0.54330 0.83954 0.00000
vn 0.06586 0.99783 0.00000
vn 0.06586 0.99783 0.00000
vn -0.14975 0.98872 0.00000
vn -0.14975 0.98872 0.00000
vn 0.06586 0.99783 0.00000
vn -0.14975 0.98872 0.00000
vn -0.14975 0.98872 0.00000
vn -0.14975 0.98872 0.00000
vn -0.38807 0.92163 0.00000
vn -0.38807 0.92163 0.00000
vn -0.14975 0.98872 0.00000
vn -0.38807 0.92163 0.00000
vn -0.38807 0.92163 0.00000
vn -0.38807 0.92163 0.00000
vn -0.60855 0.79352 0.00000
vn -0.60855 0.79352 0.00000
vn -0.38807 0.92163 0.00000
vn -0.60855 0.79352 0.00000
vn -0.60855 0.79352 0.00000
vn -0.60855 0.79352 0.00000
vn -0.77604 0.63069 0.00000
vn -0.77604 0.63069 0.00000
vn -0.60855 0.79352 0.00000
vn -0.77604 0.63069 0.00000
vn -0.77604 0.63069 0.00000
vn -0.77604 0.63069 0.00000
vn -0.88389 0.46770 0.00000
vn -0.88389 0.46770 0.00000
vn -0.77604 0.63069 0.00000
vn -0.88389 0.46770 0.00000
vn -0.88389 0.46770 0.00000
vn -0.88389 0.46770 0.00000
vn -0.94577 0.32483 0.00000
vn -0.94577 0.32483 0.00000
vn -0.88389 0.46770 0.00000
vn -0.94577 0.32483 0.00000
vn -0.14975 0.98872 0.00000
vn 0.06586 0.99783 0.00000
vn 0.06586 0.99783 0.00000
vn 0.54330 0.83954 0.00000
vn 0.54330 0.83954 0.00000
vn 0.37068 0.92876 0.00000
vn 0.37068 0.92876 0.00000
vn 0.54330 0.83954 0.00000
vn 0.37068 0.92876 0.00000
vn 0.37068 0.92876 0.00000
vn 0.37068 0.92876 0.00000
vn 0.23913 0.97099 0.00000
vn 0.23913 0.97099 0.00000
vn 0.37068 0.92876 0.00000
vn 0.23913 0.97099 0.00000
vn 0.23913 0.97099 0.00000
vn 0.23913 0.97099 0.00000
vn 0.06586 0.99783 0.00000
vn 0.06586 0.99783 0.00000
vn 0.23913 0.97099 0.00000
vn 0.06586 0.99783 0.00000
vn 0.06586 0.99783 0.00000
vn 0.06586 0.99783 0.00000
vn -0.14975 0.98872 0.00000
vn -0.14975 0.98872 0.00000
vn 0.06586 0.99783 0.00000
vn -0.14975 0.98872 0.00000
vn -0.14975 0.98872 0.00000
vn -0.14975 0.98872 0.00000
vn -0.38807 0.92163 0.00000
vn -0.38807 0.92163 0.00000
vn -0.14975 0.98872 0.00000
vn -0.38807 0.92163 0.00000
vn -0.38807 0.92163 0.00000
vn -0.38807 0.92163 0.00000
vn -0.60855 0.79352 0.00000
vn 0.37068 0.92876 0.00000
vn 0.54330 0.83954 0.00000
vn 0.54330 0.83954 0.00000
vn -0.14975 0.98872 0.00000
vn 0.06586 0.99783 0.00000
vn -0.14975 0.98872 0.00000
vn -0.14975 0.98872 0.00000
vn 0.06586 0.99783 0.00000
vn 0.06586 0.99783 0.00000
vn -0.14975 0.98872 0.00000
vn 0.06586 0.99783 0.00000
vn -0.14975 0.98872 0.00000
vn 0.37068 0.92876 0.00000
vn 0.54330 0.83954 0.00000
vn 0.37068 0.92876 0.00000
vn 0.37068 0.92876 0.00000
vn 0.54330 0.83954 0.00000
vn 0.54330 0.83954 0.00000
vn 0.37068 0.92876 0.00000
vn 0.54330 0.83954 0.00000
vn 0.37068 0.92876 0.00000
vn 0.37068 0.92876 0.00000
vn 0.54330 0.83954 0.00000
vn 0.54330 0.83954 0.00000
vn 0.37068 0.92876 0.00000
vn 0.54330 0.83954 0.00000
vn 0.37068 0.92876 0.00000
vn 0.37068 0.92876 0.00000
vn 0.54330 0.83954 0.00000
vn 0.54330 0.83954 0.00000
vn 0.37068 0.92876 0.00000
vn 0.54330 0.83954 0.00000
vn 0.37068 0.92876 0.00000
vn -0.14975 0.98872 0.00000
vn -0.14975 0.98872 0.00000
vn -0.38807 0.92163 0.00000
vn -0.38807 0.92163 0.00000
vn -0.14975 0.98872 0.00000
vn -0.38807 0.92163 0.00000
vn -0.38807 0.92163 0.00000
vn -0.38807 0.92163 0.00000
vn -0.60855 0.79352 0.00000
vn -0.60855 0.79352 0.00000
vn -0.38807 0.92163 0.00000
vn -0.60855 0.79352 0.00000
vn -0.60855 0.79352 0.00000
vn -0.60855 0.79352 0.00000
vn -0.77604 0.63069 0.00000
vn -0.77604 0.63069 0.00000
vn -0.60855 0.79352 0.00000
vn -0.77604 0.63069 0.00000
vn -0.77604 0.63069 0.00000
vn -0.77604 0.63069 0.00000
vn -0.88389 0.46770 0.00000
vn -0.88389 0.46770 0.00000
vn -0.77604 0.63069 0.00000
vn -0.88389 0.46770 0.00000
vn -0.88389 0.46770 0.00000
vn -0.88389 0.46770 0.00000
vn -0.94577 0.32483 0.00000
vn -0.94577 0.32483 0.00000
vn -0.88389 0.46770 0.00000
vn -0.94577 0.32483 0.00000
vn -0.38807 0.92163 0.00000
vn -0.14975 0.98872 0.00000
vn -0.14975 0.98872 0.00000
vn -0.88389 0.46770 0.00000
vn -0.94577 0.32483 0.00000
vn -0.94577 0.32483 0.00000
vn -0.94577 0.32483 0.00000
vn -0.94577 0.32483 0.00000
vn -0.99372 0.11190 0.00000
vn -0.94577 0.32483 0.00000
vn -0.99372 0.11190 0.00000
vn -0.99372 0.11190 0.00000
vn -0.99372 0.11190 0.00000
vn -0.99372 0.11190 0.00000
vn -0.99961 -0.02776 -0.00000
vn -0.99372 0.11190 0.00000
vn -0.99961 -0.02776 -0.00000
vn -0.99961 -0.02776 -0.00000
vn -0.99961 -0.02776 -0.00000
vn -0.99961 -0.02776 -0.00000
vn -0.98129 -0.19253 -0.00000
vn -0.99961 -0.02776 -0.00000
vn -0.98129 -0.19253 -0.00000
vn -0.98129 -0.19253 -0.00000
vn 0.64478 0.76437 0.00000
vn 0.64478 0.76437 0.00000
vn 0.81068 0.58549 0.00000
vn 0.81068 0.58549 0.00000
vn 0.64478 0.76437 0.00000
vn 0.64478 0.76437 0.00000
vn 0.37068 0.92876 0.00000
vn 0.37068 0.92876 0.00000
vn 0.23913 0.97099 0.00000
vn 0.23913 0.97099 0.00000
vn 0.37068 0.92876 0.00000
vn 0.23913 0.97099 0.00000
vn 0.23913 0.97099 0.00000
vn 0.23913 0.97099 0.00000
vn 0.06586 0.99783 0.00000
vn 0.06586 0.99783 0.00000
vn 0.23913 0.97099 0.00000
vn 0.06586 0.99783 0.00000
vn 0.06586 0.99783 0.00000
vn 0.06586 0.99783 0.00000
vn -0.14975 0.98872 0.00000
vn -0.14975 0.98872 0.00000
vn 0.06586 0.99783 0.00000
vn -0.14975 0.98872 0.00000
vn -0.14975 0.98872 0.00000
vn -0.14975 0.98872 0.00000
vn -0.38807 0.92163 0.00000
vn 0.23913 0.97099 0.00000
vn 0.37068 0.92876 0.00000
vn 0.37068 0.92876 0.00000
vn -0.60855 0.79352 0.00000
vn -0.38807 0.92163 0.00000
vn -0.38807 0.92163 0.00000
vn -0.38807 0.92163 0.00000
vn -0.38807 0.92163 0.00000
vn -0.14975 0.98872 0.00000
vn 0.23913 0.97099 0.00000
vn 0.37068 0.92876 0.00000
vn 0.23913 0.97099 0.00000
vn 0.23913 0.97099 0.00000
vn 0.37068 0.92876 0.00000
vn 0.37068 0.92876 0.00000
vn 0.23913 0.97099 0.00000
vn 0.37068 0.92876 0.00000
vn 0.23913 0.97099 0.00000
vn 0.23913 0.97099 0.00000
vn 0.37068 0.92876 0.00000
vn 0.37068 0.92876 0.00000
vn -0.77604 0.63069 0.00000
vn -0.60855 0.79352 0.00000
vn -0.60855 0.79352 0.00000
vn -0.60855 0.79352 0.00000
vn -0.60855 0.79352 0.00000
vn -0.38807 0.92163 0.00000
vn -0.98129 -0.19253 -0.00000
vn -0.98129 -0.19253 -0.00000
vn -0.99961 -0.02776 -0.00000
vn -0.98129 -0.19253 -0.00000
vn -0.99961 -0.02776 -0.00000
vn -0.99961 -0.02776 -0.00000
vn -0.99961 -0.02776 -0.00000
vn -0.99961 -0.02776 -0.00000
vn -0.99372 0.11190 0.00000
vn 0.64478 0.76437 0.00000
vn 0.54330 0.83954 0.00000
vn 0.64478 0.76437 0.00000
vn 0.23913 0.97099 0.00000
vn 0.23913 0.97099 0.00000
vn 0.06586 0.99783 0.00000
vn 0.06586 0.99783 0.00000
vn 0.23913 0.97099 0.00000
vn 0.06586 0.99783 0.00000
vn 0.06586 0.99783 0.00000
vn 0.06586 0.99783 0.00000
vn -0.14975 0.98872 0.00000
vn 0.06586 0.99783 0.00000
vn 0.23913 0.97099 0.00000
vn 0.23913 0.97099 0.00000
vn -0.88389 0.46770 0.00000
vn -0.77604 0.63069 0.00000
vn -0.77604 0.63069 0.00000
vn -0.77604 0.63069 0.00000
vn -0.77604 0.63069 0.00000
vn -0.60855 0.79352 0.00000
vn -0.94577 0.32483 0.00000
vn -0.88389 0.46770 0.00000
vn -0.88389 0.46770 0.00000
vn -0.88389 0.46770 0.00000
vn -0.88389 0.46770 0.00000
vn -0.77604 0.63069 0.00000
vn -0.94577 0.32483 0.00000
vn -0.94577 0.32483 0.00000
vn -0.88389 0.46770 0.00000
vn -0.99959 -0.02856 -0.00000
vn -0.98151 -0.19142 -0.00000
vn -0.99959 -0.02856 -0.00000
vn -0.99959 -0.02856 -0.00000
vn -0.98151 -0.19142 -0.00000
vn -0.98151 -0.19142 -0.00000
vn -0.99137 -0.13106 -0.00000
vn -0.99774 0.06726 0.00000
vn -0.99137 -0.13106 -0.00000
vn -0.99137 -0.13106 -0.00000
vn -0.99774 0.06726 0.00000
vn -0.99774 0.06726 0.00000
vn -0.99774 0.06726 0.00000
vn -0.99774 0.06726 0.00000
vn -0.98092 0.19439 0.00000
vn -0.99774 0.06726 0.00000
vn -0.98092 0.19439 0.00000
vn -0.98092 0.19439 0.00000
vn -0.98092 0.19439 0.00000
vn -0.98092 0.19439 0.00000
vn -0.94657 0.32249 0.00000
vn -0.98092 0.19439 0.00000
vn -0.94657 0.32249 0.00000
vn -0.94657 0.32249 0.00000
vn -0.94657 0.32249 0.00000
vn -0.94657 0.32249 0.00000
vn -0.93570 0.35280 0.00000
vn -0.94657 0.32249 0.00000
vn -0.93570 0.35280 0.00000
vn -0.93570 0.35280 0.00000
vn -0.93570 0.35280 0.00000
vn -0.93570 0.35280 0.00000
vn -0.95760 0.28809 0.00000
vn -0.93570 0.35280 0.00000
vn -0.95760 0.28809 0.00000
vn -0.95760 0.28809 0.00000
vn -0.14233 -0.98982 -0.00000
vn -0.30534 -0.95224 -0.00000
vn -0.14233 -0.98982 -0.00000
vn -0.14233 -0.98982 -0.00000
vn -0.30534 -0.95224 -0.00000
vn -0.30534 -0.95224 -0.00000
vn -0.30534 -0.95224 -0.00000
vn -0.30534 -0.95224 -0.00000
vn -0.46497 -0.88532 -0.00000
vn -0.30534 -0.95224 -0.00000
vn -0.46497 -0.88532 -0.00000
vn -0.46497 -0.88532 -0.00000
vn -0.46497 -0.88532 -0.00000
vn -0.46497 -0.88532 -0.00000
vn -0.61162 -0.79115 -0.00000
vn -0.46497 -0.88532 -0.00000
vn -0.61162 -0.79115 -0.00000
vn -0.61162 -0.79115 -0.00000
vn -0.61162 -0.79115 -0.00000
vn -0.61162 -0.79115 -0.00000
vn -0.73761 -0.67523 -0.00000
vn -0.61162 -0.79115 -0.00000
vn -0.73761 -0.67523 -0.00000
vn -0.73761 -0.67523 -0.00000
vn -0.73761 -0.67523 -0.00000
vn -0.73761 -0.67523 -0.00000
vn -0.83864 -0.54469 -0.00000
vn -0.73761 -0.67523 -0.00000
vn -0.83864 -0.54469 -0.00000
vn -0.83864 -0.54469 -0.00000
vn -0.83864 -0.54469 -0.00000
vn -0.83864 -0.54469 -0.00000
vn -0.91366 -0.40647 -0.00000
vn -0.83864 -0.54469 -0.00000
vn -0.91366 -0.40647 -0.00000
vn -0.91366 -0.40647 -0.00000
vn -0.91366 -0.40647 -0.00000
vn -0.91366 -0.40647 -0.00000
vn -0.96395 -0.26607 -0.00000
vn -0.91366 -0.40647 -0.00000
vn -0.96395 -0.26607 -0.00000
vn -0.96395 -0.26607 -0.00000
vn -0.96395 -0.26607 -0.00000
vn -0.96395 -0.26607 -0.00000
vn -0.99186 -0.12733 -0.00000
vn -0.96395 -0.26607 -0.00000
vn -0.99186 -0.12733 -0.00000
vn -0.99186 -0.12733 -0.00000
vn -0.05632 -0.99841 -0.00000
vn -0.05632 -0.99841 -0.00000
vn -0.05632 -0.99841 -0.00000
vn -0.05632 -0.99841 -0.00000
vn -0.05632 -0.99841 -0.00000
vn -0.05632 -0.99841 -0.00000
vn -0.86845 0.49578 0.00000
vn -0.86845 0.49578 0.00000
vn -0.86845 0.49578 0.00000
vn -0.86845 0.49578 0.00000
vn -0.86845 0.49578 0.00000
vn -0.86845 0.49578 0.00000
vn -0.95352 0.30133 0.00000
vn -0.93775 0.34730 0.00000
vn -0.95352 0.30133 0.00000
vn -0.95352 0.30133 0.00000
vn -0.93775 0.34730 0.00000
vn -0.93775 0.34730 0.00000
vn -0.93775 0.34730 0.00000
vn -0.93775 0.34730 0.00000
vn -0.91970 0.39263 0.00000
vn -0.93775 0.34730 0.00000
vn -0.91970 0.39263 0.00000
vn -0.91970 0.39263 0.00000
vn -0.91970 0.39263 0.00000
vn -0.91970 0.39263 0.00000
vn -0.89942 0.43709 0.00000
vn -0.91970 0.39263 0.00000
vn -0.89942 0.43709 0.00000
vn -0.89942 0.43709 0.00000
vn -0.89942 0.43709 0.00000
vn -0.89942 0.43709 0.00000
vn -0.87701 0.48046 0.00000
vn -0.89942 0.43709 0.00000
vn -0.87701 0.48046 0.00000
vn -0.87701 0.48046 0.00000
vn 0.97619 -0.21693 -0.00000
vn 0.99271 -0.12050 -0.00000
vn 0.97619 -0.21693 -0.00000
vn 0.97619 -0.21693 -0.00000
vn 0.99271 -0.12050 -0.00000
vn 0.99271 -0.12050 -0.00000
vn 0.99271 -0.12050 -0.00000
vn 0.99271 -0.12050 -0.00000
vn 0.99462 0.10361 0.00000
vn 0.99271 -0.12050 -0.00000
vn 0.99462 0.10361 0.00000
vn 0.99462 0.10361 0.00000
vn 0.97648 -0.21563 -0.00000
vn 0.97648 -0.21563 -0.00000
vn 0.97648 -0.21563 -0.00000
vn 0.97648 -0.21563 -0.00000
vn 0.97648 -0.21563 -0.00000
vn 0.97648 -0.21563 -0.00000
vn 0.97501 -0.22217 -0.00000
vn 0.97501 -0.22217 -0.00000
vn 0.97501 -0.22217 -0.00000
vn 0.97501 -0.22217 -0.00000
vn 0.97501 -0.22217 -0.00000
vn 0.97501 -0.22217 -0.00000
vn 0.97436 -0.22499 -0.00000
vn 0.97436 -0.22499 -0.00000
vn 0.97436 -0.22499 -0.00000
vn 0.97436 -0.22499 -0.00000
vn 0.97436 -0.22499 -0.00000
vn 0.97436 -0.22499 -0.00000
vn 0.99016 -0.13992 -0.00000
vn 0.97426 -0.22545 -0.00000
vn 0.99016 -0.13992 -0.00000
vn 0.99016 -0.13992 -0.00000
vn 0.97426 -0.22545 -0.00000
vn 0.97426 -0.22545 -0.00000
vn 0.99553 -0.09443 -0.00000
vn 0.99553 -0.09443 -0.00000
vn 0.99553 -0.09443 -0.00000
vn 0.99553 -0.09443 -0.00000
vn 0.99553 -0.09443 -0.00000
vn 0.99553 -0.09443 -0.00000
vn 1.00000 0.00000 0.00000
vn 1.00000 0.00000 0.00000
vn 1.00000 0.00000 0.00000
vn 1.00000 0.00000 0.00000
vn 1.00000 0.00000 0.00000
vn 1.00000 0.00000 0.00000
vn 0.89598 0.44409 0.00000
vn 0.97241 0.23330 0.00000
vn 0.89598 0.44409 0.00000
vn 0.89598 0.44409 0.00000
vn 0.97241 0.23330 0.00000
vn 0.97241 0.23330 0.00000
vn 0.97241 0.23330 0.00000
vn 0.97241 0.23330 0.00000
vn 1.00000 0.00000 0.00000
vn 0.97241 0.23330 0.00000
vn 1.00000 0.00000 0.00000
vn 1.00000 0.00000 0.00000
vn -0.46157 0.88711 0.00000
vn -0.39585 0.91831 0.00000
vn -0.46157 0.88711 0.00000
vn -0.46157 0.88711 0.00000
vn -0.39585 0.91831 0.00000
vn -0.39585 0.91831 0.00000
vn -0.39585 0.91831 0.00000
vn -0.39585 0.91831 0.00000
vn -0.21329 0.97699 0.00000
vn -0.39585 0.91831 0.00000
vn -0.21329 0.97699 0.00000
vn -0.21329 0.97699 0.00000
vn -0.21329 0.97699 0.00000
vn -0.21329 0.97699 0.00000
vn -0.03202 0.99949 0.00000
vn -0.21329 0.97699 0.00000
vn -0.03202 0.99949 0.00000
vn -0.03202 0.99949 0.00000
vn -0.03202 0.99949 0.00000
vn -0.03202 0.99949 0.00000
vn 0.09664 0.99532 0.00000
vn -0.03202 0.99949 0.00000
vn 0.09664 0.99532 0.00000
vn 0.09664 0.99532 0.00000
vn 0.09664 0.99532 0.00000
vn 0.09664 0.99532 0.00000
vn 0.25469 0.96702 0.00000
vn 0.09664 0.99532 0.00000
vn 0.25469 0.96702 0.00000
vn 0.25469 0.96702 0.00000
vn 0.25469 0.96702 0.00000
vn 0.25469 0.96702 0.00000
vn 0.43623 0.89983 0.00000
vn 0.25469 0.96702 0.00000
vn 0.43623 0.89983 0.00000
vn 0.43623 0.89983 0.00000
vn 0.43623 0.89983 0.00000
vn 0.43623 0.89983 0.00000
vn 0.62151 0.78340 0.00000
vn 0.43623 0.89983 0.00000
vn 0.62151 0.78340 0.00000
vn 0.62151 0.78340 0.00000
vn 0.62151 0.78340 0.00000
vn 0.62151 0.78340 0.00000
vn 0.78136 0.62407 0.00000
vn 0.62151 0.78340 0.00000
vn 0.78136 0.62407 0.00000
vn 0.78136 0.62407 0.00000
vn 0.78136 0.62407 0.00000
vn 0.78136 0.62407 0.00000
vn 0.89480 0.44647 0.00000
vn 0.78136 0.62407 0.00000
vn 0.89480 0.44647 0.00000
vn 0.89480 0.44647 0.00000
vn -0.53576 0.84437 0.00000
vn -0.46239 0.88668 0.00000
vn -0.53576 0.84437 0.00000
vn -0.53576 0.84437 0.00000
vn -0.46239 0.88668 0.00000
vn -0.46239 0.88668 0.00000
vn 0.69993 -0.71421 -0.00000
vn 0.69993 -0.71421 -0.00000
vn 0.69993 -0.71421 -0.00000
vn 0.69993 -0.71421 -0.00000
vn 0.69993 -0.71421 -0.00000
vn 0.69993 -0.71421 -0.00000
vn 0.70826 -0.70595 -0.00000
vn 0.70826 -0.70595 -0.00000
vn 0.70826 -0.70595 -0.00000
vn 0.70826 -0.70595 -0.00000
vn 0.70826 -0.70595 -0.00000
vn 0.70826 -0.70595 -0.00000
vn 0.86237 -0.50628 -0.00000
vn 0.83512 -0.55006 -0.00000
vn 0.86237 -0.50628 -0.00000
vn 0.86237 -0.50628 -0.00000
vn 0.83512 -0.55006 -0.00000
vn 0.83512 -0.55006 -0.00000
vn 0.83512 -0.55006 -0.00000
vn 0.83512 -0.55006 -0.00000
vn 0.80381 -0.59489 -0.00000
vn 0.83512 -0.55006 -0.00000
vn 0.80381 -0.59489 -0.00000
vn 0.80381 -0.59489 -0.00000
vn 0.80381 -0.59489 -0.00000
vn 0.80381 -0.59489 -0.00000
vn 0.76761 -0.64092 -0.00000
vn 0.80381 -0.59489 -0.00000
vn 0.76761 -0.64092 -0.00000
vn 0.76761 -0.64092 -0.00000
vn 0.76761 -0.64092 -0.00000
vn 0.76761 -0.64092 -0.00000
vn 0.72559 -0.68813 -0.00000
vn 0.76761 -0.64092 -0.00000
vn 0.72559 -0.68813 -0.00000
vn 0.72559 -0.68813 -0.00000
vn 0.92175 -0.38779 -0.00000
vn 0.89897 -0.43801 -0.00000
vn 0.92175 -0.38779 -0.00000
vn 0.92175 -0.38779 -0.00000
vn 0.89897 -0.43801 -0.00000
vn 0.89897 -0.43801 -0.00000
vn 0.89897 -0.43801 -0.00000
vn 0.89897 -0.43801 -0.00000
vn 0.88207 -0.47112 -0.00000
vn 0.89897 -0.43801 -0.00000
vn 0.88207 -0.47112 -0.00000
vn 0.88207 -0.47112 -0.00000
vn 0.88207 -0.47112 -0.00000
vn 0.88207 -0.47112 -0.00000
vn 0.86237 -0.50628 -0.00000
vn 0.88207 -0.47112 -0.00000
vn 0.86237 -0.50628 -0.00000
vn 0.86237 -0.50628 -0.00000
vn 0.92905 -0.36994 -0.00000
vn 0.92905 -0.36994 -0.00000
vn 0.92905 -0.36994 -0.00000
vn 0.92905 -0.36994 -0.00000
vn 0.92905 -0.36994 -0.00000
vn 0.92905 -0.36994 -0.00000
vn 0.93124 -0.36441 -0.00000
vn 0.93124 -0.36441 -0.00000
vn 0.93124 -0.36441 -0.00000
vn 0.93124 -0.36441 -0.00000
vn 0.93124 -0.36441 -0.00000
vn 0.93124 -0.36441 -0.00000
vn -0.97013 -0.24258 -0.00000
vn -0.97013 -0.24258 -0.00000
vn -1.00000 0.00000 0.00000
vn -1.00000 0.00000 0.00000
vn -0.97013 -0.24258 -0.00000
vn -0.97013 -0.24258 -0.00000
vn -1.00000 0.00000 0.00000
vn -0.97013 -0.24258 -0.00000
vn -0.97013 -0.24258 -0.00000
vn -0.97013 -0.24258 -0.00000
vn -0.97013 -0.24258 -0.00000
vn -0.91189 -0.41043 -0.00000
vn -0.97013 -0.24258 -0.00000
vn -0.91189 -0.41043 -0.00000
vn -0.91189 -0.41043 -0.00000
vn -0.91189 -0.41043 -0.00000
vn -0.91189 -0.41043 -0.00000
vn -0.79995 -0.60007 -0.00000
vn -0.91189 -0.41043 -0.00000
vn -0.79995 -0.60007 -0.00000
vn -0.79995 -0.60007 -0.00000
vn -0.79995 -0.60007 -0.00000
vn -0.79995 -0.60007 -0.00000
vn -0.62462 -0.78093 -0.00000
vn -0.79995 -0.60007 -0.00000
vn -0.62462 -0.78093 -0.00000
vn -0.62462 -0.78093 -0.00000
vn -0.62462 -0.78093 -0.00000
vn -0.62462 -0.78093 -0.00000
vn -0.40607 -0.91384 -0.00000
vn -0.62462 -0.78093 -0.00000
vn -0.40607 -0.91384 -0.00000
vn -0.40607 -0.91384 -0.00000
vn -0.40607 -0.91384 -0.00000
vn -0.40607 -0.91384 -0.00000
vn -0.18708 -0.98235 -0.00000
vn -0.40607 -0.91384 -0.00000
vn -0.18708 -0.98235 -0.00000
vn -0.18708 -0.98235 -0.00000
vn -0.18708 -0.98235 -0.00000
vn -0.18708 -0.98235 -0.00000
vn 0.00000 -1.00000 -0.00000
vn -0.18708 -0.98235 -0.00000
vn 0.00000 -1.00000 -0.00000
vn 0.00000 -1.00000 -0.00000
vn 0.00000 -1.00000 -0.00000
vn 0.00000 -1.00000 -0.00000
vn 0.25762 -0.96625 -0.00000
vn 0.00000 -1.00000 -0.00000
vn 0.25762 -0.96625 -0.00000
vn 0.25762 -0.96625 -0.00000
vn 0.25762 -0.96625 -0.00000
vn 0.25762 -0.96625 -0.00000
vn 0.40607 -0.91384 -0.00000
vn 0.25762 -0.96625 -0.00000
vn 0.40607 -0.91384 -0.00000
vn 0.40607 -0.91384 -0.00000
vn 0.40607 -0.91384 -0.00000
vn 0.40607 -0.91384 -0.00000
vn 0.55463 -0.83210 -0.00000
vn 0.40607 -0.91384 -0.00000
vn 0.55463 -0.83210 -0.00000
vn 0.40607 -0.91384 -0.00000
vn 0.40607 -0.91384 -0.00000
vn 0.55463 -0.83210 -0.00000
vn 0.40607 -0.91384 -0.00000
vn 0.40607 -0.91384 -0.00000
vn 0.40607 -0.91384 -0.00000
vn 0.25762 -0.96625 -0.00000
vn 0.25762 -0.96625 -0.00000
vn 0.40607 -0.91384 -0.00000
vn 0.25762 -0.96625 -0.00000
vn 0.25762 -0.96625 -0.00000
vn 0.25762 -0.96625 -0.00000
vn 0.00000 -1.00000 -0.00000
vn 0.00000 -1.00000 -0.00000
vn 0.25762 -0.96625 -0.00000
vn 0.00000 -1.00000 -0.00000
vn 0.00000 -1.00000 -0.00000
vn 0.00000 -1.00000 -0.00000
vn -0.18708 -0.98235 -0.00000
vn -0.18708 -0.98235 -0.00000
vn 0.00000 -1.00000 -0.00000
vn -0.18708 -0.98235 -0.00000
vn -0.18708 -0.98235 -0.00000
vn -0.18708 -0.98235 -0.00000
vn -0.40607 -0.91384 -0.00000
vn -0.40607 -0.91384 -0.00000
vn -0.18708 -0.98235 -0.00000
vn -0.40607 -0.91384 -0.00000
vn -0.40607 -0.91384 -0.00000
vn -0.40607 -0.91384 -0.00000
vn -0.62462 -0.78093 -0.00000
vn -0.62462 -0.78093 -0.00000
vn -0.40607 -0.91384 -0.00000
vn -0.62462 -0.78093 -0.00000
vn -0.62462 -0.78093 -0.00000
vn -0.62462 -0.78093 -0.00000
vn -0.79995 -0.60007 -0.00000
vn -0.79995 -0.60007 -0.00000
vn -0.62462 -0.78093 -0.00000
vn -0.79995 -0.60007 -0.00000
vn -0.79995 -0.60007 -0.00000
vn -0.79995 -0.60007 -0.00000
vn -0.91189 -0.41043 -0.00000
vn -0.91189 -0.41043 -0.00000
vn -0.79995 -0.60007 -0.00000
vn -0.91189 -0.41043 -0.00000
vn -0.91189 -0.41043 -0.00000
vn -0.91189 -0.41043 -0.00000
vn -0.97013 -0.24258 -0.00000
vn -0.97013 -0.24258 -0.00000
vn -0.91189 -0.41043 -0.00000
vn -0.97013 -0.24258 -0.00000
vn -0.97013 -0.24258 -0.00000
vn -0.97013 -0.24258 -0.00000
vn -1.00000 0.00000 0.00000
vn -1.00000 0.00000 0.00000
vn -0.97013 -0.24258 -0.00000
vn -0.97013 -0.24258 -0.00000
vn -1.00000 0.00000 0.00000
vn -0.97013 -0.24258 -0.00000
vn -0.97013 -0.24258 -0.00000
vn -0.97013 -0.24258 -0.00000
vn -0.97013 -0.24258 -0.00000
vn -0.91189 -0.41043 -0.00000
vn -0.97013 -0.24258 -0.00000
vn -0.91189 -0.41043 -0.00000
vn -0.91189 -0.41043 -0.00000
vn -0.91189 -0.41043 -0.00000
vn -0.91189 -0.41043 -0.00000
vn -0.79995 -0.60007 -0.00000
vn -0.91189 -0.41043 -0.00000
vn -0.79995 -0.60007 -0.00000
vn -0.79995 -0.60007 -0.00000
vn -0.79995 -0.60007 -0.00000
vn -0.79995 -0.60007 -0.00000
vn -0.62462 -0.78093 -0.00000
vn -0.79995 -0.60007 -0.00000
vn -0.62462 -0.78093 -0.00000
vn -0.62462 -0.78093 -0.00000
vn -0.62462 -0.78093 -0.00000
vn -0.62462 -0.78093 -0.00000
vn -0.40607 -0.91384 -0.00000
vn -0.62462 -0.78093 -0.00000
vn -0.40607 -0.91384 -0.00000
vn -0.40607 -0.91384 -0.00000
vn -0.40607 -0.91384 -0.00000
vn -0.40607 -0.91384 -0.00000
vn -0.18708 -0.98235 -0.00000
vn -0.40607 -0.91384 -0.00000
vn -0.18708 -0.98235 -0.00000
vn -0.18708 -0.98235 -0.00000
vn -0.18708 -0.98235 -0.00000
vn -0.18708 -0.98235 -0.00000
vn 0.00000 -1.00000 -0.00000
vn -0.18708 -0.98235 -0.00000
vn 0.00000 -1.00000 -0.00000
vn 0.00000 -1.00000 -0.00000
vn 0.00000 -1.00000 -0.00000
vn 0.00000 -1.00000 -0.00000
vn 0.25762 -0.96625 -0.00000
vn 0.00000 -1.00000 -0.00000
vn 0.25762 -0.96625 -0.00000
vn 0.25762 -0.96625 -0.00000
vn 0.25762 -0.96625 -0.00000
vn 0.25762 -0.96625 -0.00000
vn 0.40607 -0.91384 -0.00000
vn 0.25762 -0.96625 -0.00000
vn 0.40607 -0.91384 -0.00000
vn 0.40607 -0.91384 -0.00000
vn 0.40607 -0.91384 -0.00000
vn 0.40607 -0.91384 -0.00000
vn 0.55463 -0.83210 -0.00000
vn 0.40607 -0.91384 -0.00000
vn 0.55463 -0.83210 -0.00000
vn 0.40607 -0.91384 -0.00000
vn 0.40607 -0.91384 -0.00000
vn 0.55463 -0.83210 -0.00000
vn 0.40607 -0.91384 -0.00000
vn 0.40607 -0.91384 -0.00000
vn 0.40607 -0.91384 -0.00000
vn 0.25762 -0.96625 -0.00000
vn 0.25762 -0.96625 -0.00000
vn 0.40607 -0.91384 -0.00000
vn 0.25762 -0.96625 -0.00000
vn 0.25762 -0.96625 -0.00000
vn 0.25762 -0.96625 -0.00000
vn 0.00000 -1.00000 -0.00000
vn 0.00000 -1.00000 -0.00000
vn 0.25762 -0.96625 -0.00000
vn 0.00000 -1.00000 -0.00000
vn 0.00000 -1.00000 -0.00000
vn 0.00000 -1.00000 -0.00000
vn -0.18708 -0.98235 -0.00000
vn -0.18708 -0.98235 -0.00000
vn 0.00000 -1.00000 -0.00000
vn -0.18708 -0.98235 -0.00000
vn -0.18708 -0.98235 -0.00000
vn -0.18708 -0.98235 -0.00000
vn -0.40607 -0.91384 -0.00000
vn -0.40607 -0.91384 -0.00000
vn -0.18708 -0.98235 -0.00000
vn -0.40607 -0.91384 -0.00000
vn -0.40607 -0.91384 -0.00000
vn -0.40607 -0.91384 -0.00000
vn -0.62462 -0.78093 -0.00000
vn -0.62462 -0.78093 -0.00000
vn -0.40607 -0.91384 -0.00000
vn -0.62462 -0.78093 -0.00000
vn -0.62462 -0.78093 -0.00000
vn -0.62462 -0.78093 -0.00000
vn -0.79995 -0.60007 -0.00000
vn -0.79995 -0.60007 -0.00000
vn -0.62462 -0.78093 -0.00000
vn -0.79995 -0.60007 -0.00000
vn -0.79995 -0.60007 -0.00000
vn -0.79995 -0.60007 -0.00000
vn -0.91189 -0.41043 -0.00000
vn -0.91189 -0.41043 -0.00000
vn -0.79995 -0.60007 -0.00000
vn -0.91189 -0.41043 -0.00000
vn -0.91189 -0.41043 -0.00000
vn -0.91189 -0.41043 -0.00000
vn -0.97013 -0.24258 -0.00000
vn -0.97013 -0.24258 -0.00000
vn -0.91189 -0.41043 -0.00000
vn -0.97013 -0.24258 -0.00000
vn -0.97013 -0.24258 -0.00000
vn -0.97013 -0.24258 -0.00000
vn -1.00000 0.00000 0.00000
vn -1.00000 0.00000 0.00000
vn -0.97013 -0.24258 -0.00000
vn -0.97013 -0.24258 -0.00000
vn -1.00000 0.00000 0.00000
vn -0.97013 -0.24258 -0.00000
vn -0.97013 -0.24258 -0.00000
vn -0.97013 -0.24258 -0.00000
vn -0.97013 -0.24258 -0.00000
vn -0.91189 -0.41043 -0.00000
vn -0.97013 -0.24258 -0.00000
vn -0.91189 -0.41043 -0.00000
vn -0.91189 -0.41043 -0.00000
vn -0.91189 -0.41043 -0.00000
vn -0.91189 -0.41043 -0.00000
vn -0.79995 -0.60007 -0.00000
vn -0.91189 -0.41043 -0.00000
vn -0.79995 -0.60007 -0.00000
vn -0.79995 -0.60007 -0.00000
vn -0.79995 -0.60007 -0.00000
vn -0.79995 -0.60007 -0.00000
vn -0.62462 -0.78093 -0.00000
vn -0.79995 -0.60007 -0.00000
vn -0.62462 -0.78093 -0.00000
vn -0.62462 -0.78093 -0.00000
vn -0.62462 -0.78093 -0.00000
vn -0.62462 -0.78093 -0.00000
vn -0.40607 -0.91384 -0.00000
vn -0.62462 -0.78093 -0.00000
vn -0.40607 -0.91384 -0.00000
vn -0.40607 -0.91384 -0.00000
vn -0.40607 -0.91384 -0.00000
vn -0.40607 -0.91384 -0.00000
vn -0.18708 -0.98235 -0.00000
vn -0.40607 -0.91384 -0.00000
vn -0.18708 -0.98235 -0.00000
vn -0.18708 -0.98235 -0.00000
vn -0.18708 -0.98235 -0.00000
vn -0.18708 -0.98235 -0.00000
vn 0.00000 -1.00000 -0.00000
vn -0.18708 -0.98235 -0.00000
vn 0.00000 -1.00000 -0.00000
vn 0.00000 -1.00000 -0.00000
vn 0.00000 -1.00000 -0.00000
vn 0.00000 -1.00000 -0.00000
vn 0.25762 -0.96625 -0.00000
vn 0.00000 -1.00000 -0.00000
vn 0.25762 -0.96625 -0.00000
vn 0.25762 -0.96625 -0.00000
vn 0.25762 -0.96625 -0.00000
vn 0.25762 -0.96625 -0.00000
vn 0.40607 -0.91384 -0.00000
vn 0.25762 -0.96625 -0.00000
vn 0.40607 -0.91384 -0.00000
vn 0.40607 -0.91384 -0.00000
vn 0.40607 -0.91384 -0.00000
vn 0.40607 -0.91384 -0.00000
vn 0.55463 -0.83210 -0.00000
vn 0.40607 -0.91384 -0.00000
vn 0.55463 -0.83210 -0.00000
vn 0.40607 -0.91384 -0.00000
vn 0.40607 -0.91384 -0.00000
vn 0.55463 -0.83210 -0.00000
vn 0.40607 -0.91384 -0.00000
vn 0.40607 -0.91384 -0.00000
vn 0.40607 -0.91384 -0.00000
vn 0.25762 -0.96625 -0.00000
vn 0.25762 -0.96625 -0.00000
vn 0.40607 -0.91384 -0.00000
vn 0.25762 -0.96625 -0.00000
vn 0.25762 -0.96625 -0.00000
vn 0.25762 -0.96625 -0.00000
vn 0.00000 -1.00000 -0.00000
vn 0.00000 -1.00000 -0.00000
vn 0.25762 -0.96625 -0.00000
vn 0.00000 -1.00000 -0.00000
vn 0.00000 -1.00000 -0.00000
vn 0.00000 -1.00000 -0.00000
vn -0.18708 -0.98235 -0.00000
vn -0.18708 -0.98235 -0.00000
vn 0.00000 -1.00000 -0.00000
vn -0.18708 -0.98235 -0.00000
vn -0.18708 -0.98235 -0.00000
vn -0.18708 -0.98235 -0.00000
vn -0.40607 -0.91384 -0.00000
vn -0.40607 -0.91384 -0.00000
vn -0.18708 -0.98235 -0.00000
vn -0.40607 -0.91384 -0.00000
vn -0.40607 -0.91384 -0.00000
vn -0.40607 -0.91384 -0.00000
vn -0.62462 -0.78093 -0.00000
vn -0.62462 -0.78093 -0.00000
vn -0.40607 -0.91384 -0.00000
vn -0.62462 -0.78093 -0.00000
vn -0.62462 -0.78093 -0.00000
vn -0.62462 -0.78093 -0.00000
vn -0.79995 -0.60007 -0.00000
vn -0.97013 -0.24258 -0.00000
vn -0.91189 -0.41043 -0.00000
vn -0.97013 -0.24258 -0.00000
vn -0.97013 -0.24258 -0.00000
vn -0.91189 -0.41043 -0.00000
vn -0.91189 -0.41043 -0.00000
vn -0.97013 -0.24258 -0.00000
vn -0.91189 -0.41043 -0.00000
vn -0.97013 -0.24258 -0.00000
vn -0.97013 -0.24258 -0.00000
vn -0.91189 -0.41043 -0.00000
vn -0.91189 -0.41043 -0.00000
vn -0.91189 -0.41043 -0.00000
vn -0.79995 -0.60007 -0.00000
vn -0.91189 -0.41043 -0.00000
vn -0.91189 -0.41043 -0.00000
vn -0.79995 -0.60007 -0.00000
vn -0.79995 -0.60007 -0.00000
vn -0.91189 -0.41043 -0.00000
vn -0.79995 -0.60007 -0.00000
vn -0.91189 -0.41043 -0.00000
vn -0.91189 -0.41043 -0.00000
vn -0.79995 -0.60007 -0.00000
vn -0.79995 -0.60007 -0.00000
vn -0.79995 -0.60007 -0.00000
vn -0.62462 -0.78093 -0.00000
vn -0.79995 -0.60007 -0.00000
vn -0.79995 -0.60007 -0.00000
vn -0.62462 -0.78093 -0.00000
vn -0.62462 -0.78093 -0.00000
vn -0.79995 -0.60007 -0.00000
vn -0.62462 -0.78093 -0.00000
vn -0.79995 -0.60007 -0.00000
vn -0.79995 -0.60007 -0.00000
vn -0.62462 -0.78093 -0.00000
vn -0.62462 -0.78093 -0.00000
vn -0.62462 -0.78093 -0.00000
vn -0.40607 -0.91384 -0.00000
vn -0.62462 -0.78093 -0.00000
vn -0.62462 -0.78093 -0.00000
vn -0.40607 -0.91384 -0.00000
vn -0.40607 -0.91384 -0.00000
vn -0.62462 -0.78093 -0.00000
vn -0.40607 -0.91384 -0.00000
vn -0.62462 -0.78093 -0.00000
vn -0.62462 -0.78093 -0.00000
vn -0.40607 -0.91384 -0.00000
vn -0.40607 -0.91384 -0.00000
vn -0.40607 -0.91384 -0.00000
vn -0.18708 -0.98235 -0.00000
vn -0.40607 -0.91384 -0.00000
vn -0.40607 -0.91384 -0.00000
vn -0.18708 -0.98235 -0.00000
vn -0.18708 -0.98235 -0.00000
vn -0.40607 -0.91384 -0.00000
vn -0.18708 -0.98235 -0.00000
vn -0.40607 -0.91384 -0.00000
vn -0.40607 -0.91384 -0.00000
vn -0.18708 -0.98235 -0.00000
vn -0.18708 -0.98235 -0.00000
vn -0.18708 -0.98235 -0.00000
vn 0.00000 -1.00000 -0.00000
vn -0.18708 -0.98235 -0.00000
vn -0.18708 -0.98235 -0.00000
vn 0.00000 -1.00000 -0.00000
vn 0.00000 -1.00000 -0.00000
vn -0.18708 -0.98235 -0.00000
vn 0.00000 -1.00000 -0.00000
vn -0.18708 -0.98235 -0.00000
vn -0.18708 -0.98235 -0.00000
vn 0.00000 -1.00000 -0.00000
vn 0.00000 -1.00000 -0.00000
vn 0.00000 -1.00000 -0.00000
vn 0.25762 -0.96625 -0.00000
vn 0.00000 -1.00000 -0.00000
vn 0.00000 -1.00000 -0.00000
vn 0.25762 -0.96625 -0.00000
vn 0.25762 -0.96625 -0.00000
vn 0.00000 -1.00000 -0.00000
vn 0.25762 -0.96625 -0.00000
vn 0.00000 -1.00000 -0.00000
vn 0.00000 -1.00000 -0.00000
vn 0.25762 -0.96625 -0.00000
vn 0.25762 -0.96625 -0.00000
vn 0.25762 -0.96625 -0.00000
vn 0.40607 -0.91384 -0.00000
vn 0.25762 -0.96625 -0.00000
vn 0.25762 -0.96625 -0.00000
vn 0.40607 -0.91384 -0.00000
vn 0.40607 -0.91384 -0.00000
vn 0.25762 -0.96625 -0.00000
vn 0.40607 -0.91384 -0.00000
vn 0.25762 -0.96625 -0.00000
vn 0.25762 -0.96625 -0.00000
vn 0.40607 -0.91384 -0.00000
vn 0.40607 -0.91384 -0.00000
vn 0.40607 -0.91384 -0.00000
vn 0.55463 -0.83210 -0.00000
vn 0.40607 -0.91384 -0.00000
vn 0.40607 -0.91384 -0.00000
vn 0.55463 -0.83210 -0.00000
vn 0.40607 -0.91384 -0.00000
vn 0.55463 -0.83210 -0.00000
vn 0.55463 -0.83210 -0.00000
vn 0.40607 -0.91384 -0.00000
vn 0.40607 -0.91384 -0.00000
vn 0.55463 -0.83210 -0.00000
vn 0.40607 -0.91384 -0.00000
vn 0.40607 -0.91384 -0.00000
vn 0.40607 -0.91384 -0.00000
vn 0.25762 -0.96625 -0.00000
vn 0.25762 -0.96625 -0.00000
vn 0.40607 -0.91384 -0.00000
vn 0.25762 -0.96625 -0.00000
vn 0.25762 -0.96625 -0.00000
vn 0.25762 -0.96625 -0.00000
vn 0.00000 -1.00000 -0.00000
vn 0.00000 -1.00000 -0.00000
vn 0.25762 -0.96625 -0.00000
vn 0.00000 -1.00000 -0.00000
vn 0.00000 -1.00000 -0.00000
vn 0.00000 -1.00000 -0.00000
vn -0.18708 -0.98235 -0.00000
vn -0.18708 -0.98235 -0.00000
vn 0.00000 -1.00000 -0.00000
vn -0.18708 -0.98235 -0.00000
vn -0.18708 -0.98235 -0.00000
vn -0.18708 -0.98235 -0.00000
vn -0.40607 -0.91384 -0.00000
vn -0.40607 -0.91384 -0.00000
vn -0.18708 -0.98235 -0.00000
vn -0.40607 -0.91384 -0.00000
vn -0.40607 -0.91384 -0.00000
vn -0.40607 -0.91384 -0.00000
vn -0.62462 -0.78093 -0.00000
vn -0.62462 -0.78093 -0.00000
vn -0.40607 -0.91384 -0.00000
vn -0.62462 -0.78093 -0.00000
vn -0.62462 -0.78093 -0.00000
vn -0.62462 -0.78093 -0.00000
vn -0.79995 -0.60007 -0.00000
vn -0.79995 -0.60007 -0.00000
vn -0.62462 -0.78093 -0.00000
vn -0.79995 -0.60007 -0.00000
vn -0.79995 -0.60007 -0.00000
vn -0.79995 -0.60007 -0.00000
vn -0.91189 -0.41043 -0.00000
vn -0.91189 -0.41043 -0.00000
vn -0.79995 -0.60007 -0.00000
vn -0.91189 -0.41043 -0.00000
vn -0.91189 -0.41043 -0.00000
vn -0.91189 -0.41043 -0.00000
vn -0.97013 -0.24258 -0.00000
vn -0.97013 -0.24258 -0.00000
vn -0.91189 -0.41043 -0.00000
vn -0.97013 -0.24258 -0.00000
vn 0.40607 -0.91384 -0.00000
vn 0.40607 -0.91384 -0.00000
vn 0.55463 -0.83210 -0.00000
vn 0.55463 -0.83210 -0.00000
vn 0.40607 -0.91384 -0.00000
vn 0.40607 -0.91384 -0.00000
vn 0.55463 -0.83210 -0.00000
vn 0.40607 -0.91384 -0.00000
vn 0.40607 -0.91384 -0.00000
vn 0.40607 -0.91384 -0.00000
vn 0.40607 -0.91384 -0.00000
vn 0.25762 -0.96625 -0.00000
vn 0.40607 -0.91384 -0.00000
vn 0.25762 -0.96625 -0.00000
vn 0.25762 -0.96625 -0.00000
vn 0.25762 -0.96625 -0.00000
vn 0.25762 -0.96625 -0.00000
vn 0.00000 -1.00000 -0.00000
vn 0.25762 -0.96625 -0.00000
vn 0.00000 -1.00000 -0.00000
vn 0.00000 -1.00000 -0.00000
vn 0.00000 -1.00000 -0.00000
vn 0.00000 -1.00000 -0.00000
vn -0.18708 -0.98235 -0.00000
vn 0.40607 -0.91384 -0.00000
vn 0.25762 -0.96625 -0.00000
vn 0.40607 -0.91384 -0.00000
vn 0.40607 -0.91384 -0.00000
vn 0.25762 -0.96625 -0.00000
vn 0.25762 -0.96625 -0.00000
vn 0.40607 -0.91384 -0.00000
vn 0.25762 -0.96625 -0.00000
vn 0.40607 -0.91384 -0.00000
vn 0.40607 -0.91384 -0.00000
vn 0.25762 -0.96625 -0.00000
vn 0.25762 -0.96625 -0.00000
vn 0.25762 -0.96625 -0.00000
vn 0.00000 -1.00000 -0.00000
vn 0.25762 -0.96625 -0.00000
vn 0.25762 -0.96625 -0.00000
vn 0.00000 -1.00000 -0.00000
vn 0.00000 -1.00000 -0.00000
vn 0.25762 -0.96625 -0.00000
vn 0.00000 -1.00000 -0.00000
vn 0.25762 -0.96625 -0.00000
vn 0.25762 -0.96625 -0.00000
vn 0.00000 -1.00000 -0.00000
vn 0.00000 -1.00000 -0.00000
vn 0.00000 -1.00000 -0.00000
vn -0.18708 -0.98235 -0.00000
vn 0.00000 -1.00000 -0.00000
vn 0.00000 -1.00000 -0.00000
vn -0.18708 -0.98235 -0.00000
vn -0.18708 -0.98235 -0.00000
vn 0.00000 -1.00000 -0.00000
vn -0.18708 -0.98235 -0.00000
vn 0.00000 -1.00000 -0.00000
vn 0.00000 -1.00000 -0.00000
vn -0.18708 -0.98235 -0.00000
vn -0.18708 -0.98235 -0.00000
vn -0.18708 -0.98235 -0.00000
vn -0.40607 -0.91384 -0.00000
vn -0.18708 -0.98235 -0.00000
vn -0.18708 -0.98235 -0.00000
vn -0.40607 -0.91384 -0.00000
vn -0.40607 -0.91384 -0.00000
vn -0.18708 -0.98235 -0.00000
vn -0.40607 -0.91384 -0.00000
vn -0.18708 -0.98235 -0.00000
vn -0.40607 -0.91384 -0.00000
vn -0.62462 -0.78093 -0.00000
vn -0.40607 -0.91384 -0.00000
vn -0.62462 -0.78093 -0.00000
vn -0.79995 -0.60007 -0.00000
vn -0.79995 -0.60007 -0.00000
vn -0.79995 -0.60007 -0.00000
vn -0.79995 -0.60007 -0.00000
vn -0.91189 -0.41043 -0.00000
vn -0.79995 -0.60007 -0.00000
vn -0.91189 -0.41043 -0.00000
vn -0.91189 -0.41043 -0.00000
vn -0.91189 -0.41043 -0.00000
vn -0.91189 -0.41043 -0.00000
vn -0.97013 -0.24258 -0.00000
vn -0.91189 -0.41043 -0.00000
vn -0.97013 -0.24258 -0.00000
vn -0.97013 -0.24258 -0.00000
vn -0.97013 -0.24258 -0.00000
vn -0.97013 -0.24258 -0.00000
vn -1.00000 0.00000 0.00000
vn -0.97013 -0.24258 -0.00000
vn -1.00000 0.00000 0.00000
vn -0.97013 -0.24258 -0.00000
vn -0.97013 -0.24258 -0.00000
vn -1.00000 0.00000 0.00000
vn -0.97013 -0.24258 -0.00000
vn -0.97013 -0.24258 -0.00000
vn -0.97013 -0.24258 -0.00000
vn -0.91189 -0.41043 -0.00000
vn -0.91189 -0.41043 -0.00000
vn -0.97013 -0.24258 -0.00000
vn -0.91189 -0.41043 -0.00000
vn -0.91189 -0.41043 -0.00000
vn -0.91189 -0.41043 -0.00000
vn -0.79995 -0.60007 -0.00000
vn -0.79995 -0.60007 -0.00000
vn -0.91189 -0.41043 -0.00000
vn -0.79995 -0.60007 -0.00000
vn -0.79995 -0.60007 -0.00000
vn -0.79995 -0.60007 -0.00000
vn -0.62462 -0.78093 -0.00000
vn -0.62462 -0.78093 -0.00000
vn -0.79995 -0.60007 -0.00000
vn -0.62462 -0.78093 -0.00000
vn -0.62462 -0.78093 -0.00000
vn -0.62462 -0.78093 -0.00000
vn -0.40607 -0.91384 -0.00000
vn -0.40607 -0.91384 -0.00000
vn -0.62462 -0.78093 -0.00000
vn -0.40607 -0.91384 -0.00000
vn -0.40607 -0.91384 -0.00000
vn -0.40607 -0.91384 -0.00000
vn -0.18708 -0.98235 -0.00000
vn -1.00000 0.00000 0.00000
vn -0.97013 -0.24258 -0.00000
vn -1.00000 0.00000 0.00000
vn -1.00000 0.00000 0.00000
vn -0.97013 -0.24258 -0.00000
vn -0.97013 -0.24258 -0.00000
vn -1.00000 0.00000 0.00000
vn -0.97013 -0.24258 -0.00000
vn -0.97013 -0.24258 -0.00000
vn -0.97013 -0.24258 -0.00000
vn -0.97013 -0.24258 -0.00000
vn -0.91189 -0.41043 -0.00000
vn -0.97013 -0.24258 -0.00000
vn -0.91189 -0.41043 -0.00000
vn -0.91189 -0.41043 -0.00000
vn -0.91189 -0.41043 -0.00000
vn -0.91189 -0.41043 -0.00000
vn -0.79995 -0.60007 -0.00000
vn -0.91189 -0.41043 -0.00000
vn -0.79995 -0.60007 -0.00000
vn -0.79995 -0.60007 -0.00000
vn -0.79995 -0.60007 -0.00000
vn -0.79995 -0.60007 -0.00000
vn -0.62462 -0.78093 -0.00000
vn -0.79995 -0.60007 -0.00000
vn -0.62462 -0.78093 -0.00000
vn -0.62462 -0.78093 -0.00000
vn -0.62462 -0.78093 -0.00000
vn -0.62462 -0.78093 -0.00000
vn -0.40607 -0.91384 -0.00000
vn -0.62462 -0.78093 -0.00000
vn -0.40607 -0.91384 -0.00000
vn -0.40607 -0.91384 -0.00000
vn -0.40607 -0.91384 -0.00000
vn -0.40607 -0.91384 -0.00000
vn -0.18708 -0.98235 -0.00000
vn -0.40607 -0.91384 -0.00000
vn -0.18708 -0.98235 -0.00000
vn -0.18708 -0.98235 -0.00000
vn -0.18708 -0.98235 -0.00000
vn -0.18708 -0.98235 -0.00000
vn 0.00000 -1.00000 -0.00000
vn -1.00000 0.00000 0.00000
vn -0.97013 -0.24258 -0.00000
vn -0.97013 -0.24258 -0.00000
vn -0.97013 -0.24258 -0.00000
vn -0.97013 -0.24258 -0.00000
vn -0.91189 -0.41043 -0.00000
vn -0.97013 -0.24258 -0.00000
vn -0.91189 -0.41043 -0.00000
vn -0.91189 -0.41043 -0.00000
vn -0.91189 -0.41043 -0.00000
vn -0.91189 -0.41043 -0.00000
vn -0.79995 -0.60007 -0.00000
vn -0.91189 -0.41043 -0.00000
vn -0.79995 -0.60007 -0.00000
vn -0.79995 -0.60007 -0.00000
vn -0.79995 -0.60007 -0.00000
vn -0.79995 -0.60007 -0.00000
vn -0.62462 -0.78093 -0.00000
vn -0.79995 -0.60007 -0.00000
vn -0.62462 -0.78093 -0.00000
vn -0.62462 -0.78093 -0.00000
vn -0.62462 -0.78093 -0.00000
vn -0.62462 -0.78093 -0.00000
vn -0.40607 -0.91384 -0.00000
vn -0.62462 -0.78093 -0.00000
vn -0.40607 -0.91384 -0.00000
vn -0.40607 -0.91384 -0.00000
vn -0.40607 -0.91384 -0.00000
vn -0.40607 -0.91384 -0.00000
vn -0.18708 -0.98235 -0.00000
vn -0.40607 -0.91384 -0.00000
vn -0.18708 -0.98235 -0.00000
vn -0.18708 -0.98235 -0.00000
vn -0.18708 -0.98235 -0.00000
vn -0.18708 -0.98235 -0.00000
vn 0.00000 -1.00000 -0.00000
vn -0.18708 -0.98235 -0.00000
vn 0.00000 -1.00000 -0.00000
vn 0.00000 -1.00000 -0.00000
vn 0.00000 -1.00000 -0.00000
vn 0.00000 -1.00000 -0.00000
vn 0.25762 -0.96625 -0.00000
vn 0.00000 -1.00000 -0.00000
vn 0.25762 -0.96625 -0.00000
vn 0.25762 -0.96625 -0.00000
vn 0.25762 -0.96625 -0.00000
vn 0.25762 -0.96625 -0.00000
vn 0.40607 -0.91384 -0.00000
vn -1.00000 0.00000 0.00000
vn -0.97013 -0.24258 -0.00000
vn -0.97013 -0.24258 -0.00000
vn -0.97013 -0.24258 -0.00000
vn -0.97013 -0.24258 -0.00000
vn -0.91189 -0.41043 -0.00000
vn -0.97013 -0.24258 -0.00000
vn -0.91189 -0.41043 -0.00000
vn -0.91189 -0.41043 -0.00000
vn -0.91189 -0.41043 -0.00000
vn -0.91189 -0.41043 -0.00000
vn -0.79995 -0.60007 -0.00000
vn -0.91189 -0.41043 -0.00000
vn -0.79995 -0.60007 -0.00000
vn -0.79995 -0.60007 -0.00000
vn -0.79995 -0.60007 -0.00000
vn -0.79995 -0.60007 -0.00000
vn -0.62462 -0.78093 -0.00000
vn -0.79995 -0.60007 -0.00000
vn -0.62462 -0.78093 -0.00000
vn -0.62462 -0.78093 -0.00000
vn -0.62462 -0.78093 -0.00000
vn -0.62462 -0.78093 -0.00000
vn -0.40607 -0.91384 -0.00000
vn -0.62462 -0.78093 -0.00000
vn -0.40607 -0.91384 -0.00000
vn -0.40607 -0.91384 -0.00000
vn -0.40607 -0.91384 -0.00000
vn -0.40607 -0.91384 -0.00000
vn -0.18708 -0.98235 -0.00000
vn -0.40607 -0.91384 -0.00000
vn -0.18708 -0.98235 -0.00000
vn -0.18708 -0.98235 -0.00000
vn -0.18708 -0.98235 -0.00000
vn -0.18708 -0.98235 -0.00000
vn 0.00000 -1.00000 -0.00000
vn -0.18708 -0.98235 -0.00000
vn 0.00000 -1.00000 -0.00000
vn 0.00000 -1.00000 -0.00000
vn 0.00000 -1.00000 -0.00000
vn 0.00000 -1.00000 -0.00000
vn 0.25762 -0.96625 -0.00000
vn -1.00000 0.00000 0.00000
vn -0.97013 -0.24258 -0.00000
vn -0.97013 -0.24258 -0.00000
vn -0.97013 -0.24258 -0.00000
vn -0.97013 -0.24258 -0.00000
vn -0.91189 -0.41043 -0.00000
vn -0.97013 -0.24258 -0.00000
vn -0.91189 -0.41043 -0.00000
vn -0.91189 -0.41043 -0.00000
vn -0.91189 -0.41043 -0.00000
vn -0.91189 -0.41043 -0.00000
vn -0.79995 -0.60007 -0.00000
vn -0.91189 -0.41043 -0.00000
vn -0.79995 -0.60007 -0.00000
vn -0.79995 -0.60007 -0.00000
vn -0.79995 -0.60007 -0.00000
vn -0.79995 -0.60007 -0.00000
vn -0.62462 -0.78093 -0.00000
vn -0.79995 -0.60007 -0.00000
vn -0.62462 -0.78093 -0.00000
vn -0.62462 -0.78093 -0.00000
vn -0.62462 -0.78093 -0.00000
vn -0.62462 -0.78093 -0.00000
vn -0.40607 -0.91384 -0.00000
vn -1.00000 0.00000 0.00000
vn -0.97013 -0.24258 -0.00000
vn -0.97013 -0.24258 -0.00000
vn -0.97013 -0.24258 -0.00000
vn -0.97013 -0.24258 -0.00000
vn -0.91189 -0.41043 -0.00000
vn -0.97013 -0.24258 -0.00000
vn -0.91189 -0.41043 -0.00000
vn -0.91189 -0.41043 -0.00000
vn -0.91189 -0.41043 -0.00000
vn -0.91189 -0.41043 -0.00000
vn -0.79995 -0.60007 -0.00000
vn -0.91189 -0.41043 -0.00000
vn -0.79995 -0.60007 -0.00000
vn -0.79995 -0.60007 -0.00000
vn -0.79995 -0.60007 -0.00000
vn -0.79995 -0.60007 -0.00000
vn -0.62462 -0.78093 -0.00000
vn -1.00000 0.00000 0.00000
vn -0.97013 -0.24258 -0.00000
vn -0.97013 -0.24258 -0.00000
vn -0.97013 -0.24258 -0.00000
vn -0.97013 -0.24258 -0.00000
vn -0.91189 -0.41043 -0.00000
vn -0.97013 -0.24258 -0.00000
vn -0.91189 -0.41043 -0.00000
vn -0.91189 -0.41043 -0.00000
vn -0.91189 -0.41043 -0.00000
vn -0.91189 -0.41043 -0.00000
vn -0.79995 -0.60007 -0.00000
vn -0.91189 -0.41043 -0.00000
vn -0.79995 -0.60007 -0.00000
vn -0.79995 -0.60007 -0.00000
vn -0.79995 -0.60007 -0.00000
vn -0.79995 -0.60007 -0.00000
vn -0.62462 -0.78093 -0.00000
vn -0.79995 -0.60007 -0.00000
vn -0.62462 -0.78093 -0.00000
vn -0.62462 -0.78093 -0.00000
vn -0.62462 -0.78093 -0.00000
vn -0.62462 -0.78093 -0.00000
vn -0.40607 -0.91384 -0.00000
vn -0.62462 -0.78093 -0.00000
vn -0.40607 -0.91384 -0.00000
vn -0.40607 -0.91384 -0.00000
vn -0.40607 -0.91384 -0.00000
vn -0.40607 -0.91384 -0.00000
vn -0.18708 -0.98235 -0.00000
vn -0.40607 -0.91384 -0.00000
vn -0.18708 -0.98235 -0.00000
vn -0.18708 -0.98235 -0.00000
vn -0.18708 -0.98235 -0.00000
vn -0.18708 -0.98235 -0.00000
vn 0.00000 -1.00000 -0.00000
vn -0.18708 -0.98235 -0.00000
vn 0.00000 -1.00000 -0.00000
vn 0.00000 -1.00000 -0.00000
vn 0.00000 -1.00000 -0.00000
vn 0.00000 -1.00000 -0.00000
vn 0.25762 -0.96625 -0.00000
vn 0.00000 -1.00000 -0.00000
vn 0.25762 -0.96625 -0.00000
vn 0.25762 -0.96625 -0.00000
vn 0.25762 -0.96625 -0.00000
vn 0.25762 -0.96625 -0.00000
vn 0.40607 -0.91384 -0.00000
vn -1.00000 0.00000 0.00000
vn -0.97013 -0.24258 -0.00000
vn -0.97013 -0.24258 -0.00000
vn -0.97013 -0.24258 -0.00000
vn -0.97013 -0.24258 -0.00000
vn -0.91189 -0.41043 -0.00000
vn -0.97013 -0.24258 -0.00000
vn -0.91189 -0.41043 -0.00000
vn -0.91189 -0.41043 -0.00000
vn -0.91189 -0.41043 -0.00000
vn -0.91189 -0.41043 -0.00000
vn -0.79995 -0.60007 -0.00000
vn -0.91189 -0.41043 -0.00000
vn -0.79995 -0.60007 -0.00000
vn -0.79995 -0.60007 -0.00000
vn -0.79995 -0.60007 -0.00000
vn -0.79995 -0.60007 -0.00000
vn -0.62462 -0.78093 -0.00000
vn -0.79995 -0.60007 -0.00000
vn -0.62462 -0.78093 -0.00000
vn -0.62462 -0.78093 -0.00000
vn -0.62462 -0.78093 -0.00000
vn -0.62462 -0.78093 -0.00000
vn -0.40607 -0.91384 -0.00000
vn -0.62462 -0.78093 -0.00000
vn -0.40607 -0.91384 -0.00000
vn -0.40607 -0.91384 -0.00000
vn -0.40607 -0.91384 -0.00000
vn -0.40607 -0.91384 -0.00000
vn -0.18708 -0.98235 -0.00000
vn -1.00000 0.00000 0.00000
vn -0.97013 -0.24258 -0.00000
vn -0.97013 -0.24258 -0.00000
vn -0.97013 -0.24258 -0.00000
vn -0.97013 -0.24258 -0.00000
vn -0.91189 -0.41043 -0.00000
vn -0.97013 -0.24258 -0.00000
vn -0.91189 -0.41043 -0.00000
vn -0.91189 -0.41043 -0.00000
vn -0.91189 -0.41043 -0.00000
vn -0.91189 -0.41043 -0.00000
vn -0.79995 -0.60007 -0.00000
vn -0.91189 -0.41043 -0.00000
vn -0.79995 -0.60007 -0.00000
vn -0.79995 -0.60007 -0.00000
vn -0.79995 -0.60007 -0.00000
vn -0.79995 -0.60007 -0.00000
vn -0.62462 -0.78093 -0.00000
vn -0.79995 -0.60007 -0.00000
vn -0.62462 -0.78093 -0.00000
vn -0.62462 -0.78093 -0.00000
vn -0.62462 -0.78093 -0.00000
vn -0.62462 -0.78093 -0.00000
vn -0.40607 -0.91384 -0.00000
vn -0.91189 -0.41043 -0.00000
vn -0.97013 -0.24258 -0.00000
vn -0.97013 -0.24258 -0.00000
vn -0.97013 -0.24258 -0.00000
vn -0.97013 -0.24258 -0.00000
vn -1.00000 0.00000 0.00000
vn -0.97013 -0.24258 -0.00000
vn -1.00000 0.00000 0.00000
vn -0.97013 -0.24258 -0.00000
vn -0.97013 -0.24258 -0.00000
vn -1.00000 0.00000 0.00000
vn -0.97013 -0.24258 -0.00000
vn -0.97013 -0.24258 -0.00000
vn -0.97013 -0.24258 -0.00000
vn -0.91189 -0.41043 -0.00000
vn -1.00000 0.00000 0.00000
vn -0.97013 -0.24258 -0.00000
vn -0.97013 -0.24258 -0.00000
vn -0.97013 -0.24258 -0.00000
vn -0.97013 -0.24258 -0.00000
vn -0.91189 -0.41043 -0.00000
vn -0.97013 -0.24258 -0.00000
vn -0.91189 -0.41043 -0.00000
vn -0.91189 -0.41043 -0.00000
vn -0.91189 -0.41043 -0.00000
vn -0.91189 -0.41043 -0.00000
vn -0.79995 -0.60007 -0.00000
vn -0.91189 -0.41043 -0.00000
vn -0.79995 -0.60007 -0.00000
vn -0.79995 -0.60007 -0.00000
vn -0.79995 -0.60007 -0.00000
vn -0.79995 -0.60007 -0.00000
vn -0.62462 -0.78093 -0.00000
vn -0.79995 -0.60007 -0.00000
vn -0.62462 -0.78093 -0.00000
vn -0.62462 -0.78093 -0.00000
vn -0.62462 -0.78093 -0.00000
vn -0.62462 -0.78093 -0.00000
vn -0.40607 -0.91384 -0.00000
vn -1.00000 0.00000 0.00000
vn -0.97013 -0.24258 -0.00000
vn -0.97013 -0.24258 -0.00000
vn -0.97013 -0.24258 -0.00000
vn -0.97013 -0.24258 -0.00000
vn -0.91189 -0.41043 -0.00000
vn -0.97013 -0.24258 -0.00000
vn -0.91189 -0.41043 -0.00000
vn -0.91189 -0.41043 -0.00000
vn -0.91189 -0.41043 -0.00000
vn -0.91189 -0.41043 -0.00000
vn -0.79995 -0.60007 -0.00000
vn -0.91189 -0.41043 -0.00000
vn -0.79995 -0.60007 -0.00000
vn -0.79995 -0.60007 -0.00000
vn -0.79995 -0.60007 -0.00000
vn -0.79995 -0.60007 -0.00000
vn -0.62462 -0.78093 -0.00000
vn 0.40607 -0.91384 -0.00000
vn 0.55463 -0.83210 -0.00000
vn 0.40607 -0.91384 -0.00000
vn 0.40607 -0.91384 -0.00000
vn 0.55463 -0.83210 -0.00000
vn 0.40607 -0.91384 -0.00000
vn 0.40607 -0.91384 -0.00000
vn 0.40607 -0.91384 -0.00000
vn 0.25762 -0.96625 -0.00000
vn 0.25762 -0.96625 -0.00000
vn 0.40607 -0.91384 -0.00000
vn 0.25762 -0.96625 -0.00000
vn 0.25762 -0.96625 -0.00000
vn 0.25762 -0.96625 -0.00000
vn 0.00000 -1.00000 -0.00000
vn 0.00000 -1.00000 -0.00000
vn 0.25762 -0.96625 -0.00000
vn 0.00000 -1.00000 -0.00000
vn 0.00000 -1.00000 -0.00000
vn 0.00000 -1.00000 -0.00000
vn -0.18708 -0.98235 -0.00000
vn -0.18708 -0.98235 -0.00000
vn 0.00000 -1.00000 -0.00000
vn -0.18708 -0.98235 -0.00000
vn -0.18708 -0.98235 -0.00000
vn -0.18708 -0.98235 -0.00000
vn -0.40607 -0.91384 -0.00000
vn -0.40607 -0.91384 -0.00000
vn -0.18708 -0.98235 -0.00000
vn -0.40607 -0.91384 -0.00000
vn -0.40607 -0.91384 -0.00000
vn -0.40607 -0.91384 -0.00000
vn -0.62462 -0.78093 -0.00000
vn -0.62462 -0.78093 -0.00000
vn -0.40607 -0.91384 -0.00000
vn -0.62462 -0.78093 -0.00000
vn -0.62462 -0.78093 -0.00000
vn -0.62462 -0.78093 -0.00000
vn -0.79995 -0.60007 -0.00000
vn -0.79995 -0.60007 -0.00000
vn -0.62462 -0.78093 -0.00000
vn -0.79995 -0.60007 -0.00000
vn -0.79995 -0.60007 -0.00000
vn -0.79995 -0.60007 -0.00000
vn -0.91189 -0.41043 -0.00000
vn -0.91189 -0.41043 -0.00000
vn -0.79995 -0.60007 -0.00000
vn -0.91189 -0.41043 -0.00000
vn -0.91189 -0.41043 -0.00000
vn -0.91189 -0.41043 -0.00000
vn -0.97013 -0.24258 -0.00000
vn 0.40607 -0.91384 -0.00000
vn 0.55463 -0.83210 -0.00000
vn 0.40607 -0.91384 -0.00000
vn 0.40607 -0.91384 -0.00000
vn 0.55463 -0.83210 -0.00000
vn 0.40607 -0.91384 -0.00000
vn 0.40607 -0.91384 -0.00000
vn 0.40607 -0.91384 -0.00000
vn 0.25762 -0.96625 -0.00000
vn 0.25762 -0.96625 -0.00000
vn 0.40607 -0.91384 -0.00000
vn 0.25762 -0.96625 -0.00000
vn 0.25762 -0.96625 -0.00000
vn 0.25762 -0.96625 -0.00000
vn 0.00000 -1.00000 -0.00000
vn 0.00000 -1.00000 -0.00000
vn 0.25762 -0.96625 -0.00000
vn 0.00000 -1.00000 -0.00000
vn 0.00000 -1.00000 -0.00000
vn 0.00000 -1.00000 -0.00000
vn -0.18708 -0.98235 -0.00000
vn -0.18708 -0.98235 -0.00000
vn 0.00000 -1.00000 -0.00000
vn -0.18708 -0.98235 -0.00000
vn -0.18708 -0.98235 -0.00000
vn -0.18708 -0.98235 -0.00000
vn -0.40607 -0.91384 -0.00000
vn 0.55463 -0.83210 -0.00000
vn 0.40607 -0.91384 -0.00000
vn 0.40607 -0.91384 -0.00000
vn 0.40607 -0.91384 -0.00000
vn 0.40607 -0.91384 -0.00000
vn 0.25762 -0.96625 -0.00000
vn 0.40607 -0.91384 -0.00000
vn 0.25762 -0.96625 -0.00000
vn 0.25762 -0.96625 -0.00000
vn 0.25762 -0.96625 -0.00000
vn 0.25762 -0.96625 -0.00000
vn 0.00000 -1.00000 -0.00000
vn 0.25762 -0.96625 -0.00000
vn 0.00000 -1.00000 -0.00000
vn 0.00000 -1.00000 -0.00000
vn 0.00000 -1.00000 -0.00000
vn 0.00000 -1.00000 -0.00000
vn -0.18708 -0.98235 -0.00000
vn 0.40607 -0.91384 -0.00000
vn 0.55463 -0.83210 -0.00000
vn 0.40607 -0.91384 -0.00000
vn 0.40607 -0.91384 -0.00000
vn 0.55463 -0.83210 -0.00000
vn 0.40607 -0.91384 -0.00000
vn 0.40607 -0.91384 -0.00000
vn 0.40607 -0.91384 -0.00000
vn 0.25762 -0.96625 -0.00000
vn 0.25762 -0.96625 -0.00000
vn 0.40607 -0.91384 -0.00000
vn 0.25762 -0.96625 -0.00000
vn 0.25762 -0.96625 -0.00000
vn 0.25762 -0.96625 -0.00000
vn 0.00000 -1.00000 -0.00000
vn 0.00000 -1.00000 -0.00000
vn 0.25762 -0.96625 -0.00000
vn 0.00000 -1.00000 -0.00000
vn 0.00000 -1.00000 -0.00000
vn 0.00000 -1.00000 -0.00000
vn -0.18708 -0.98235 -0.00000
vn -0.18708 -0.98235 -0.00000
vn 0.00000 -1.00000 -0.00000
vn -0.18708 -0.98235 -0.00000
vn -0.18708 -0.98235 -0.00000
vn -0.18708 -0.98235 -0.00000
vn -0.40607 -0.91384 -0.00000
vn -0.40607 -0.91384 -0.00000
vn -0.18708 -0.98235 -0.00000
vn -0.40607 -0.91384 -0.00000
vn -0.40607 -0.91384 -0.00000
vn -0.40607 -0.91384 -0.00000
vn -0.62462 -0.78093 -0.00000
vn 0.40607 -0.91384 -0.00000
vn 0.55463 -0.83210 -0.00000
vn 0.40607 -0.91384 -0.00000
vn 0.40607 -0.91384 -0.00000
vn 0.55463 -0.83210 -0.00000
vn 0.40607 -0.91384 -0.00000
vn 0.40607 -0.91384 -0.00000
vn 0.40607 -0.91384 -0.00000
vn 0.25762 -0.96625 -0.00000
vn 0.25762 -0.96625 -0.00000
vn 0.40607 -0.91384 -0.00000
vn 0.40607 -0.91384 -0.00000
vn 0.40607 -0.91384 -0.00000
vn 0.40607 -0.91384 -0.00000
vn 0.55463 -0.83210 -0.00000
vn 0.40607 -0.91384 -0.00000
vn 0.55463 -0.83210 -0.00000
vn 0.40607 -0.91384 -0.00000
vn -0.97013 -0.24258 -0.00000
vn -1.00000 0.00000 0.00000
vn -0.97013 -0.24258 -0.00000
vn -0.91189 -0.41043 -0.00000
vn -0.97013 -0.24258 -0.00000
vn -0.91189 -0.41043 -0.00000
vn -0.91189 -0.41043 -0.00000
vn -0.97013 -0.24258 -0.00000
vn -0.97013 -0.24258 -0.00000
vn -0.91189 -0.41043 -0.00000
vn -0.97013 -0.24258 -0.00000
vn -0.91189 -0.41043 -0.00000
vn -0.79995 -0.60007 -0.00000
vn -0.91189 -0.41043 -0.00000
vn -0.79995 -0.60007 -0.00000
vn -0.79995 -0.60007 -0.00000
vn -0.91189 -0.41043 -0.00000
vn -0.91189 -0.41043 -0.00000
vn -0.79995 -0.60007 -0.00000
vn -0.91189 -0.41043 -0.00000
vn -0.79995 -0.60007 -0.00000
vn -0.79995 -0.60007 -0.00000
vn -0.91189 -0.41043 -0.00000
vn -0.91189 -0.41043 -0.00000
vn -0.79995 -0.60007 -0.00000
vn -0.91189 -0.41043 -0.00000
vn -0.79995 -0.60007 -0.00000
vn -0.62462 -0.78093 -0.00000
vn -0.79995 -0.60007 -0.00000
vn -0.62462 -0.78093 -0.00000
vn -0.62462 -0.78093 -0.00000
vn -0.79995 -0.60007 -0.00000
vn -0.79995 -0.60007 -0.00000
vn -0.62462 -0.78093 -0.00000
vn -0.79995 -0.60007 -0.00000
vn -0.62462 -0.78093 -0.00000
vn -0.62462 -0.78093 -0.00000
vn -0.79995 -0.60007 -0.00000
vn -0.79995 -0.60007 -0.00000
vn -0.62462 -0.78093 -0.00000
vn -0.79995 -0.60007 -0.00000
vn -0.62462 -0.78093 -0.00000
vn -0.62462 -0.78093 -0.00000
vn -0.79995 -0.60007 -0.00000
vn -0.79995 -0.60007 -0.00000
vn -0.62462 -0.78093 -0.00000
vn -0.79995 -0.60007 -0.00000
vn -0.62462 -0.78093 -0.00000
vn 0.40607 -0.91384 -0.00000
vn 0.25762 -0.96625 -0.00000
vn 0.40607 -0.91384 -0.00000
vn 0.40607 -0.91384 -0.00000
vn 0.25762 -0.96625 -0.00000
vn 0.25762 -0.96625 -0.00000
vn 0.25762 -0.96625 -0.00000
vn 0.00000 -1.00000 -0.00000
vn 0.25762 -0.96625 -0.00000
vn 0.25762 -0.96625 -0.00000
vn 0.00000 -1.00000 -0.00000
vn 0.00000 -1.00000 -0.00000
vn 0.00000 -1.00000 -0.00000
vn -0.18708 -0.98235 -0.00000
vn 0.00000 -1.00000 -0.00000
vn 0.00000 -1.00000 -0.00000
vn -0.18708 -0.98235 -0.00000
vn -0.18708 -0.98235 -0.00000
vn -0.18708 -0.98235 -0.00000
vn -0.40607 -0.91384 -0.00000
vn -0.18708 -0.98235 -0.00000
vn -0.18708 -0.98235 -0.00000
vn -0.40607 -0.91384 -0.00000
vn -0.40607 -0.91384 -0.00000
vn -0.40607 -0.91384 -0.00000
vn -0.62462 -0.78093 -0.00000
vn -0.40607 -0.91384 -0.00000
vn -0.40607 -0.91384 -0.00000
vn -0.62462 -0.78093 -0.00000
vn -0.62462 -0.78093 -0.00000
vn -0.62462 -0.78093 -0.00000
vn -0.79995 -0.60007 -0.00000
vn -0.62462 -0.78093 -0.00000
vn -0.62462 -0.78093 -0.00000
vn -0.79995 -0.60007 -0.00000
vn -0.79995 -0.60007 -0.00000
vn -0.97013 -0.24258 -0.00000
vn -0.97013 -0.24258 -0.00000
vn -0.91189 -0.41043 -0.00000
vn -0.79995 -0.60007 -0.00000
vn -0.91189 -0.41043 -0.00000
vn -0.79995 -0.60007 -0.00000
vn -0.79995 -0.60007 -0.00000
vn -0.91189 -0.41043 -0.00000
vn -0.91189 -0.41043 -0.00000
vn -1.00000 0.00000 0.00000
vn -0.97013 -0.24258 -0.00000
vn -0.97013 -0.24258 -0.00000
vn -0.97013 -0.24258 -0.00000
vn -0.97013 -0.24258 -0.00000
vn -0.91189 -0.41043 -0.00000
vn -0.97013 -0.24258 -0.00000
vn -0.91189 -0.41043 -0.00000
vn -0.91189 -0.41043 -0.00000
vn -0.91189 -0.41043 -0.00000
vn -0.91189 -0.41043 -0.00000
vn -0.79995 -0.60007 -0.00000
vn -0.91189 -0.41043 -0.00000
vn -0.79995 -0.60007 -0.00000
vn -0.79995 -0.60007 -0.00000
vn -0.79995 -0.60007 -0.00000
vn -0.79995 -0.60007 -0.00000
vn -0.62462 -0.78093 -0.00000
vn -0.79995 -0.60007 -0.00000
vn -0.62462 -0.78093 -0.00000
vn -0.62462 -0.78093 -0.00000
vn -0.62462 -0.78093 -0.00000
vn -0.62462 -0.78093 -0.00000
vn -0.40607 -0.91384 -0.00000
vn -0.62462 -0.78093 -0.00000
vn -0.40607 -0.91384 -0.00000
vn -0.40607 -0.91384 -0.00000
vn -0.40607 -0.91384 -0.00000
vn -0.40607 -0.91384 -0.00000
vn -0.18708 -0.98235 -0.00000
vn -0.40607 -0.91384 -0.00000
vn -0.18708 -0.98235 -0.00000
vn -0.18708 -0.98235 -0.00000
vn -0.18708 -0.98235 -0.00000
vn -0.18708 -0.98235 -0.00000
vn 0.00000 -1.00000 -0.00000
vn -0.91189 -0.41043 -0.00000
vn -0.97013 -0.24258 -0.00000
vn -0.91189 -0.41043 -0.00000
vn -1.00000 0.00000 0.00000
vn -0.97013 -0.24258 -0.00000
vn -0.97013 -0.24258 -0.00000
vn -0.97013 -0.24258 -0.00000
vn -0.97013 -0.24258 -0.00000
vn -0.91189 -0.41043 -0.00000
vn -0.97013 -0.24258 -0.00000
vn -0.91189 -0.41043 -0.00000
vn -0.91189 -0.41043 -0.00000
vn -0.91189 -0.41043 -0.00000
vn -0.91189 -0.41043 -0.00000
vn -0.79995 -0.60007 -0.00000
vn -0.91189 -0.41043 -0.00000
vn -0.79995 -0.60007 -0.00000
vn -0.79995 -0.60007 -0.00000
vn -0.79995 -0.60007 -0.00000
vn -0.79995 -0.60007 -0.00000
vn -0.62462 -0.78093 -0.00000
vn -0.79995 -0.60007 -0.00000
vn -0.62462 -0.78093 -0.00000
vn -0.62462 -0.78093 -0.00000
vn -0.62462 -0.78093 -0.00000
vn -0.62462 -0.78093 -0.00000
vn -0.40607 -0.91384 -0.00000
vn -0.62462 -0.78093 -0.00000
vn -0.40607 -0.91384 -0.00000
vn -0.40607 -0.91384 -0.00000
vn -0.40607 -0.91384 -0.00000
vn -0.40607 -0.91384 -0.00000
vn -0.18708 -0.98235 -0.00000
vn -1.00000 0.00000 0.00000
vn -0.97013 -0.24258 -0.00000
vn -0.97013 -0.24258 -0.00000
vn -0.97013 -0.24258 -0.00000
vn -0.97013 -0.24258 -0.00000
vn -0.91189 -0.41043 -0.00000
vn -0.97013 -0.24258 -0.00000
vn -0.91189 -0.41043 -0.00000
vn -0.91189 -0.41043 -0.00000
vn -0.91189 -0.41043 -0.00000
vn -0.91189 -0.41043 -0.00000
vn -0.79995 -0.60007 -0.00000
vn 0.40607 -0.91384 -0.00000
vn 0.40607 -0.91384 -0.00000
vn 0.25762 -0.96625 -0.00000
vn 0.25762 -0.96625 -0.00000
vn 0.40607 -0.91384 -0.00000
vn 0.25762 -0.96625 -0.00000
vn 0.25762 -0.96625 -0.00000
vn 0.25762 -0.96625 -0.00000
vn 0.00000 -1.00000 -0.00000
vn 0.00000 -1.00000 -0.00000
vn 0.25762 -0.96625 -0.00000
vn 0.00000 -1.00000 -0.00000
vn 0.00000 -1.00000 -0.00000
vn 0.00000 -1.00000 -0.00000
vn -0.18708 -0.98235 -0.00000
vn -0.18708 -0.98235 -0.00000
vn 0.00000 -1.00000 -0.00000
vn -0.18708 -0.98235 -0.00000
vn -0.18708 -0.98235 -0.00000
vn -0.18708 -0.98235 -0.00000
vn -0.40607 -0.91384 -0.00000
vn -0.40607 -0.91384 -0.00000
vn -0.18708 -0.98235 -0.00000
vn -0.40607 -0.91384 -0.00000
vn -0.40607 -0.91384 -0.00000
vn -0.40607 -0.91384 -0.00000
vn -0.62462 -0.78093 -0.00000
vn -0.62462 -0.78093 -0.00000
vn -0.40607 -0.91384 -0.00000
vn -0.62462 -0.78093 -0.00000
vn -0.62462 -0.78093 -0.00000
vn -0.62462 -0.78093 -0.00000
vn -0.79995 -0.60007 -0.00000
vn -0.79995 -0.60007 -0.00000
vn -0.62462 -0.78093 -0.00000
vn -0.79995 -0.60007 -0.00000
vn -0.79995 -0.60007 -0.00000
vn -0.79995 -0.60007 -0.00000
vn -0.91189 -0.41043 -0.00000
vn -0.91189 -0.41043 -0.00000
vn -0.79995 -0.60007 -0.00000
vn -0.91189 -0.41043 -0.00000
vn -0.91189 -0.41043 -0.00000
vn -0.91189 -0.41043 -0.00000
vn -0.97013 -0.24258 -0.00000
vn -0.97013 -0.24258 -0.00000
vn -0.91189 -0.41043 -0.00000
vn -0.97013 -0.24258 -0.00000
vn -0.91189 -0.41043 -0.00000
vn -0.97013 -0.24258 -0.00000
vn -0.97013 -0.24258 -0.00000
vn -0.97013 -0.24258 -0.00000
vn -0.97013 -0.24258 -0.00000
vn -1.00000 0.00000 0.00000
vn -0.97013 -0.24258 -0.00000
vn -1.00000 0.00000 0.00000
vn -0.97013 -0.24258 -0.00000
vn 0.25762 -0.96625 -0.00000
vn 0.40607 -0.91384 -0.00000
vn 0.40607 -0.91384 -0.00000
vn 0.40607 -0.91384 -0.00000
vn 0.40607 -0.91384 -0.00000
vn 0.55463 -0.83210 -0.00000
vn 0.40607 -0.91384 -0.00000
vn 0.55463 -0.83210 -0.00000
vn 0.40607 -0.91384 -0.00000
vn 0.25762 -0.96625 -0.00000
vn 0.40607 -0.91384 -0.00000
vn 0.25762 -0.96625 -0.00000
vn 0.25762 -0.96625 -0.00000
vn 0.40607 -0.91384 -0.00000
vn 0.40607 -0.91384 -0.00000
vn 0.25762 -0.96625 -0.00000
vn 0.40607 -0.91384 -0.00000
vn 0.25762 -0.96625 -0.00000
vn 0.25762 -0.96625 -0.00000
vn 0.40607 -0.91384 -0.00000
vn 0.40607 -0.91384 -0.00000
vn 0.25762 -0.96625 -0.00000
vn 0.40607 -0.91384 -0.00000
vn 0.25762 -0.96625 -0.00000
vn 0.25762 -0.96625 -0.00000
vn 0.25762 -0.96625 -0.00000
vn 0.00000 -1.00000 -0.00000
vn 0.00000 -1.00000 -0.00000
vn 0.25762 -0.96625 -0.00000
vn 0.00000 -1.00000 -0.00000
vn 0.00000 -1.00000 -0.00000
vn 0.00000 -1.00000 -0.00000
vn -0.18708 -0.98235 -0.00000
vn -0.18708 -0.98235 -0.00000
vn 0.00000 -1.00000 -0.00000
vn -0.18708 -0.98235 -0.00000
vn -0.18708 -0.98235 -0.00000
vn -0.18708 -0.98235 -0.00000
vn -0.40607 -0.91384 -0.00000
vn -0.40607 -0.91384 -0.00000
vn -0.18708 -0.98235 -0.00000
vn -0.40607 -0.91384 -0.00000
vn -0.40607 -0.91384 -0.00000
vn -0.40607 -0.91384 -0.00000
vn -0.62462 -0.78093 -0.00000
vn -0.62462 -0.78093 -0.00000
vn -0.40607 -0.91384 -0.00000
vn -0.62462 -0.78093 -0.00000
vn -0.62462 -0.78093 -0.00000
vn -0.62462 -0.78093 -0.00000
vn -0.79995 -0.60007 -0.00000
vn -0.79995 -0.60007 -0.00000
vn -0.62462 -0.78093 -0.00000
vn -0.79995 -0.60007 -0.00000
vn -0.79995 -0.60007 -0.00000
vn -0.79995 -0.60007 -0.00000
vn -0.91189 -0.41043 -0.00000
vn 0.00000 -1.00000 -0.00000
vn 0.25762 -0.96625 -0.00000
vn 0.25762 -0.96625 -0.00000
vn 0.00000 -1.00000 -0.00000
vn 0.25762 -0.96625 -0.00000
vn 0.00000 -1.00000 -0.00000
vn 0.00000 -1.00000 -0.00000
vn 0.25762 -0.96625 -0.00000
vn 0.25762 -0.96625 -0.00000
vn 0.00000 -1.00000 -0.00000
vn 0.25762 -0.96625 -0.00000
vn 0.00000 -1.00000 -0.00000
vn 0.00000 -1.00000 -0.00000
vn 0.00000 -1.00000 -0.00000
vn -0.18708 -0.98235 -0.00000
vn -0.18708 -0.98235 -0.00000
vn 0.00000 -1.00000 -0.00000
vn -0.18708 -0.98235 -0.00000
vn -0.18708 -0.98235 -0.00000
vn -0.18708 -0.98235 -0.00000
vn -0.40607 -0.91384 -0.00000
vn -0.40607 -0.91384 -0.00000
vn -0.18708 -0.98235 -0.00000
vn -0.40607 -0.91384 -0.00000
vn -0.40607 -0.91384 -0.00000
vn -0.40607 -0.91384 -0.00000
vn -0.62462 -0.78093 -0.00000
vn -0.62462 -0.78093 -0.00000
vn -0.40607 -0.91384 -0.00000
vn -0.62462 -0.78093 -0.00000
vn -0.62462 -0.78093 -0.00000
vn -0.62462 -0.78093 -0.00000
vn -0.79995 -0.60007 -0.00000
vn -0.18708 -0.98235 -0.00000
vn 0.00000 -1.00000 -0.00000
vn 0.00000 -1.00000 -0.00000
vn 0.25762 -0.96625 -0.00000
vn 0.40607 -0.91384 -0.00000
vn 0.40607 -0.91384 -0.00000
vn 0.40607 -0.91384 -0.00000
vn 0.40607 -0.91384 -0.00000
vn 0.55463 -0.83210 -0.00000
vn 0.40607 -0.91384 -0.00000
vn 0.55463 -0.83210 -0.00000
vn 0.40607 -0.91384 -0.00000
vn 0.40607 -0.91384 -0.00000
vn 0.25762 -0.96625 -0.00000
vn 0.40607 -0.91384 -0.00000
vn 0.40607 -0.91384 -0.00000
vn 0.25762 -0.96625 -0.00000
vn 0.25762 -0.96625 -0.00000
vn 0.25762 -0.96625 -0.00000
vn 0.00000 -1.00000 -0.00000
vn 0.25762 -0.96625 -0.00000
vn -0.40607 -0.91384 -0.00000
vn -0.18708 -0.98235 -0.00000
vn -0.18708 -0.98235 -0.00000
vn -0.18708 -0.98235 -0.00000
vn -0.18708 -0.98235 -0.00000
vn 0.00000 -1.00000 -0.00000
vn -0.62462 -0.78093 -0.00000
vn -0.40607 -0.91384 -0.00000
vn -0.40607 -0.91384 -0.00000
vn -0.40607 -0.91384 -0.00000
vn -0.40607 -0.91384 -0.00000
vn -0.18708 -0.98235 -0.00000
vn 0.40607 -0.91384 -0.00000
vn 0.25762 -0.96625 -0.00000
vn 0.40607 -0.91384 -0.00000
vn 0.40607 -0.91384 -0.00000
vn 0.25762 -0.96625 -0.00000
vn 0.25762 -0.96625 -0.00000
vn 0.25762 -0.96625 -0.00000
vn 0.00000 -1.00000 -0.00000
vn 0.25762 -0.96625 -0.00000
vn 0.25762 -0.96625 -0.00000
vn 0.00000 -1.00000 -0.00000
vn 0.00000 -1.00000 -0.00000
vn 0.00000 -1.00000 -0.00000
vn -0.18708 -0.98235 -0.00000
vn 0.00000 -1.00000 -0.00000
vn 0.00000 -1.00000 -0.00000
vn -0.18708 -0.98235 -0.00000
vn -0.18708 -0.98235 -0.00000
vn -0.18708 -0.98235 -0.00000
vn -0.40607 -0.91384 -0.00000
vn -0.18708 -0.98235 -0.00000
vn -0.18708 -0.98235 -0.00000
vn -0.40607 -0.91384 -0.00000
vn -0.40607 -0.91384 -0.00000
vn -0.40607 -0.91384 -0.00000
vn -0.62462 -0.78093 -0.00000
vn -0.40607 -0.91384 -0.00000
vn -0.40607 -0.91384 -0.00000
vn -0.62462 -0.78093 -0.00000
vn -0.62462 -0.78093 -0.00000
vn -0.62462 -0.78093 -0.00000
vn -0.79995 -0.60007 -0.00000
vn -0.62462 -0.78093 -0.00000
vn -0.62462 -0.78093 -0.00000
vn -0.79995 -0.60007 -0.00000
vn -0.79995 -0.60007 -0.00000
vn -0.97013 -0.24258 -0.00000
vn -0.97013 -0.24258 -0.00000
vn -0.91189 -0.41043 -0.00000
vn -0.79995 -0.60007 -0.00000
vn -0.91189 -0.41043 -0.00000
vn -0.79995 -0.60007 -0.00000
vn -0.79995 -0.60007 -0.00000
vn -0.91189 -0.41043 -0.00000
vn -0.91189 -0.41043 -0.00000
vn -1.00000 0.00000 0.00000
vn -0.97013 -0.24258 -0.00000
vn -0.97013 -0.24258 -0.00000
vn -0.97013 -0.24258 -0.00000
vn -0.97013 -0.24258 -0.00000
vn -0.91189 -0.41043 -0.00000
vn -0.97013 -0.24258 -0.00000
vn -0.91189 -0.41043 -0.00000
vn -0.91189 -0.41043 -0.00000
vn -0.91189 -0.41043 -0.00000
vn -0.91189 -0.41043 -0.00000
vn -0.79995 -0.60007 -0.00000
vn -0.91189 -0.41043 -0.00000
vn -0.97013 -0.24258 -0.00000
vn -0.91189 -0.41043 -0.00000
vn -0.91189 -0.41043 -0.00000
vn -0.97013 -0.24258 -0.00000
vn -0.97013 -0.24258 -0.00000
vn -0.97013 -0.24258 -0.00000
vn -0.97013 -0.24258 -0.00000
vn -1.00000 0.00000 0.00000
vn 0.25762 -0.96625 -0.00000
vn 0.00000 -1.00000 -0.00000
vn 0.00000 -1.00000 -0.00000
vn 0.00000 -1.00000 -0.00000
vn 0.00000 -1.00000 -0.00000
vn -0.18708 -0.98235 -0.00000
vn 0.00000 -1.00000 -0.00000
vn -0.18708 -0.98235 -0.00000
vn -0.18708 -0.98235 -0.00000
vn -0.18708 -0.98235 -0.00000
vn -0.18708 -0.98235 -0.00000
vn -0.40607 -0.91384 -0.00000
vn -0.18708 -0.98235 -0.00000
vn -0.40607 -0.91384 -0.00000
vn -0.40607 -0.91384 -0.00000
vn -0.40607 -0.91384 -0.00000
vn -0.40607 -0.91384 -0.00000
vn -0.62462 -0.78093 -0.00000
vn -0.40607 -0.91384 -0.00000
vn -0.62462 -0.78093 -0.00000
vn -0.62462 -0.78093 -0.00000
vn -0.62462 -0.78093 -0.00000
vn -0.62462 -0.78093 -0.00000
vn -0.79995 -0.60007 -0.00000
vn -0.62462 -0.78093 -0.00000
vn -0.79995 -0.60007 -0.00000
vn -0.79995 -0.60007 -0.00000
vn -0.79995 -0.60007 -0.00000
vn -0.79995 -0.60007 -0.00000
vn -0.91189 -0.41043 -0.00000
vn -0.79995 -0.60007 -0.00000
vn -0.91189 -0.41043 -0.00000
vn -0.91189 -0.41043 -0.00000
vn -0.91189 -0.41043 -0.00000
vn -0.91189 -0.41043 -0.00000
vn -0.97013 -0.24258 -0.00000
vn -0.91189 -0.41043 -0.00000
vn -0.97013 -0.24258 -0.00000
vn -0.97013 -0.24258 -0.00000
vn 0.25762 -0.96625 -0.00000
vn 0.40607 -0.91384 -0.00000
vn 0.40607 -0.91384 -0.00000
vn 0.40607 -0.91384 -0.00000
vn 0.40607 -0.91384 -0.00000
vn 0.55463 -0.83210 -0.00000
vn 0.40607 -0.91384 -0.00000
vn 0.55463 -0.83210 -0.00000
vn 0.40607 -0.91384 -0.00000
vn 0.25762 -0.96625 -0.00000
vn 0.40607 -0.91384 -0.00000
vn 0.25762 -0.96625 -0.00000
vn 0.25762 -0.96625 -0.00000
vn 0.40607 -0.91384 -0.00000
vn 0.40607 -0.91384 -0.00000
vn 0.25762 -0.96625 -0.00000
vn 0.40607 -0.91384 -0.00000
vn 0.25762 -0.96625 -0.00000
vn 0.25762 -0.96625 -0.00000
vn 0.40607 -0.91384 -0.00000
vn 0.40607 -0.91384 -0.00000
vn 0.25762 -0.96625 -0.00000
vn 0.40607 -0.91384 -0.00000
vn 0.25762 -0.96625 -0.00000
vn 0.25762 -0.96625 -0.00000
vn 0.25762 -0.96625 -0.00000
vn 0.00000 -1.00000 -0.00000
vn 0.00000 -1.00000 -0.00000
vn 0.25762 -0.96625 -0.00000
vn 0.00000 -1.00000 -0.00000
vn 0.00000 -1.00000 -0.00000
vn 0.00000 -1.00000 -0.00000
vn -0.18708 -0.98235 -0.00000
vn -0.18708 -0.98235 -0.00000
vn 0.00000 -1.00000 -0.00000
vn -0.18708 -0.98235 -0.00000
vn -0.18708 -0.98235 -0.00000
vn -0.18708 -0.98235 -0.00000
vn -0.40607 -0.91384 -0.00000
vn -0.40607 -0.91384 -0.00000
vn -0.18708 -0.98235 -0.00000
vn -0.40607 -0.91384 -0.00000
vn -0.40607 -0.91384 -0.00000
vn -0.40607 -0.91384 -0.00000
vn -0.62462 -0.78093 -0.00000
vn -0.62462 -0.78093 -0.00000
vn -0.40607 -0.91384 -0.00000
vn -0.62462 -0.78093 -0.00000
vn -0.62462 -0.78093 -0.00000
vn -0.62462 -0.78093 -0.00000
vn -0.79995 -0.60007 -0.00000
vn -0.79995 -0.60007 -0.00000
vn -0.62462 -0.78093 -0.00000
vn -0.79995 -0.60007 -0.00000
vn -0.79995 -0.60007 -0.00000
vn -0.79995 -0.60007 -0.00000
vn -0.91189 -0.41043 -0.00000
vn -0.91189 -0.41043 -0.00000
vn -0.79995 -0.60007 -0.00000
vn -0.91189 -0.41043 -0.00000
vn -0.91189 -0.41043 -0.00000
vn -0.91189 -0.41043 -0.00000
vn -0.97013 -0.24258 -0.00000
vn 0.00000 -1.00000 -0.00000
vn 0.25762 -0.96625 -0.00000
vn 0.25762 -0.96625 -0.00000
vn 0.00000 -1.00000 -0.00000
vn 0.25762 -0.96625 -0.00000
vn 0.00000 -1.00000 -0.00000
vn 0.00000 -1.00000 -0.00000
vn 0.25762 -0.96625 -0.00000
vn 0.25762 -0.96625 -0.00000
vn 0.00000 -1.00000 -0.00000
vn 0.25762 -0.96625 -0.00000
vn 0.00000 -1.00000 -0.00000
vn -0.62462 -0.78093 -0.00000
vn -0.79995 -0.60007 -0.00000
vn -0.79995 -0.60007 -0.00000
vn -0.79995 -0.60007 -0.00000
vn -0.79995 -0.60007 -0.00000
vn -0.91189 -0.41043 -0.00000
vn -0.79995 -0.60007 -0.00000
vn -0.91189 -0.41043 -0.00000
vn -0.91189 -0.41043 -0.00000
vn -0.91189 -0.41043 -0.00000
vn -0.91189 -0.41043 -0.00000
vn -0.97013 -0.24258 -0.00000
vn 0.00000 -1.00000 -0.00000
vn 0.00000 -1.00000 -0.00000
vn -0.18708 -0.98235 -0.00000
vn -0.18708 -0.98235 -0.00000
vn 0.00000 -1.00000 -0.00000
vn -0.18708 -0.98235 -0.00000
vn -0.18708 -0.98235 -0.00000
vn -0.18708 -0.98235 -0.00000
vn -0.40607 -0.91384 -0.00000
vn -0.40607 -0.91384 -0.00000
vn -0.18708 -0.98235 -0.00000
vn -0.40607 -0.91384 -0.00000
vn -0.40607 -0.91384 -0.00000
vn -0.40607 -0.91384 -0.00000
vn -0.62462 -0.78093 -0.00000
vn -0.62462 -0.78093 -0.00000
vn -0.40607 -0.91384 -0.00000
vn -0.62462 -0.78093 -0.00000
vn -0.62462 -0.78093 -0.00000
vn -0.62462 -0.78093 -0.00000
vn -0.79995 -0.60007 -0.00000
vn -0.79995 -0.60007 -0.00000
vn -0.62462 -0.78093 -0.00000
vn -0.79995 -0.60007 -0.00000
vn -0.79995 -0.60007 -0.00000
vn -0.79995 -0.60007 -0.00000
vn -0.91189 -0.41043 -0.00000
vn -0.18708 -0.98235 -0.00000
vn 0.00000 -1.00000 -0.00000
vn 0.00000 -1.00000 -0.00000
vn -0.97013 -0.24258 -0.00000
vn -0.97013 -0.24258 -0.00000
vn -0.91189 -0.41043 -0.00000
vn -0.97013 -0.24258 -0.00000
vn -0.91189 -0.41043 -0.00000
vn -0.91189 -0.41043 -0.00000
vn -0.91189 -0.41043 -0.00000
vn -0.91189 -0.41043 -0.00000
vn -0.79995 -0.60007 -0.00000
vn 0.25762 -0.96625 -0.00000
vn 0.40607 -0.91384 -0.00000
vn 0.40607 -0.91384 -0.00000
vn 0.40607 -0.91384 -0.00000
vn 0.40607 -0.91384 -0.00000
vn 0.55463 -0.83210 -0.00000
vn 0.40607 -0.91384 -0.00000
vn 0.55463 -0.83210 -0.00000
vn 0.40607 -0.91384 -0.00000
vn 0.25762 -0.96625 -0.00000
vn 0.40607 -0.91384 -0.00000
vn 0.25762 -0.96625 -0.00000
vn 0.25762 -0.96625 -0.00000
vn 0.40607 -0.91384 -0.00000
vn 0.40607 -0.91384 -0.00000
vn 0.25762 -0.96625 -0.00000
vn 0.40607 -0.91384 -0.00000
vn 0.25762 -0.96625 -0.00000
vn 0.25762 -0.96625 -0.00000
vn 0.40607 -0.91384 -0.00000
vn 0.40607 -0.91384 -0.00000
vn 0.25762 -0.96625 -0.00000
vn 0.40607 -0.91384 -0.00000
vn 0.25762 -0.96625 -0.00000
vn -0.40607 -0.91384 -0.00000
vn -0.18708 -0.98235 -0.00000
vn -0.18708 -0.98235 -0.00000
vn -0.18708 -0.98235 -0.00000
vn -0.18708 -0.98235 -0.00000
vn 0.00000 -1.00000 -0.00000
vn 0.25762 -0.96625 -0.00000
vn 0.25762 -0.96625 -0.00000
vn 0.00000 -1.00000 -0.00000
vn 0.00000 -1.00000 -0.00000
vn 0.25762 -0.96625 -0.00000
vn 0.00000 -1.00000 -0.00000
vn 0.00000 -1.00000 -0.00000
vn 0.00000 -1.00000 -0.00000
vn -0.18708 -0.98235 -0.00000
vn -0.18708 -0.98235 -0.00000
vn 0.00000 -1.00000 -0.00000
vn -0.18708 -0.98235 -0.00000
vn -0.18708 -0.98235 -0.00000
vn -0.18708 -0.98235 -0.00000
vn -0.40607 -0.91384 -0.00000
vn 0.00000 -1.00000 -0.00000
vn 0.25762 -0.96625 -0.00000
vn 0.25762 -0.96625 -0.00000
vn -0.62462 -0.78093 -0.00000
vn -0.40607 -0.91384 -0.00000
vn -0.40607 -0.91384 -0.00000
vn -0.40607 -0.91384 -0.00000
vn -0.40607 -0.91384 -0.00000
vn -0.18708 -0.98235 -0.00000
vn 0.25762 -0.96625 -0.00000
vn 0.00000 -1.00000 -0.00000
vn 0.25762 -0.96625 -0.00000
vn 0.25762 -0.96625 -0.00000
vn 0.00000 -1.00000 -0.00000
vn 0.00000 -1.00000 -0.00000
vn 0.00000 -1.00000 -0.00000
vn -0.18708 -0.98235 -0.00000
vn 0.00000 -1.00000 -0.00000
vn -0.79995 -0.60007 -0.00000
vn -0.62462 -0.78093 -0.00000
vn -0.62462 -0.78093 -0.00000
vn -0.62462 -0.78093 -0.00000
vn -0.62462 -0.78093 -0.00000
vn -0.40607 -0.91384 -0.00000
vn 0.25762 -0.96625 -0.00000
vn 0.40607 -0.91384 -0.00000
vn 0.25762 -0.96625 -0.00000
vn 0.25762 -0.96625 -0.00000
vn 0.40607 -0.91384 -0.00000
vn 0.40607 -0.91384 -0.00000
vn 0.25762 -0.96625 -0.00000
vn 0.40607 -0.91384 -0.00000
vn 0.25762 -0.96625 -0.00000
vn 0.00000 -1.00000 -0.00000
vn 0.25762 -0.96625 -0.00000
vn 0.00000 -1.00000 -0.00000
vn 0.00000 -1.00000 -0.00000
vn 0.25762 -0.96625 -0.00000
vn 0.25762 -0.96625 -0.00000
vn 0.00000 -1.00000 -0.00000
vn 0.25762 -0.96625 -0.00000
vn 0.00000 -1.00000 -0.00000
vn 0.00000 -1.00000 -0.00000
vn 0.25762 -0.96625 -0.00000
vn 0.25762 -0.96625 -0.00000
vn 0.00000 -1.00000 -0.00000
vn 0.25762 -0.96625 -0.00000
vn 0.00000 -1.00000 -0.00000
vn -0.18708 -0.98235 -0.00000
vn 0.00000 -1.00000 -0.00000
vn -0.18708 -0.98235 -0.00000
vn -0.18708 -0.98235 -0.00000
vn 0.00000 -1.00000 -0.00000
vn 0.00000 -1.00000 -0.00000
vn -0.18708 -0.98235 -0.00000
vn 0.00000 -1.00000 -0.00000
vn -0.18708 -0.98235 -0.00000
vn -0.18708 -0.98235 -0.00000
vn 0.00000 -1.00000 -0.00000
vn 0.00000 -1.00000 -0.00000
vn -0.18708 -0.98235 -0.00000
vn 0.00000 -1.00000 -0.00000
vn -0.18708 -0.98235 -0.00000
vn -0.18708 -0.98235 -0.00000
vn 0.00000 -1.00000 -0.00000
vn 0.00000 -1.00000 -0.00000
vn -0.18708 -0.98235 -0.00000
vn 0.00000 -1.00000 -0.00000
vn -0.18708 -0.98235 -0.00000
vn -0.18708 -0.98235 -0.00000
vn -0.18708 -0.98235 -0.00000
vn -0.40607 -0.91384 -0.00000
vn -0.40607 -0.91384 -0.00000
vn -0.18708 -0.98235 -0.00000
vn -0.40607 -0.91384 -0.00000
vn -0.40607 -0.91384 -0.00000
vn -0.40607 -0.91384 -0.00000
vn -0.62462 -0.78093 -0.00000
vn -0.62462 -0.78093 -0.00000
vn -0.40607 -0.91384 -0.00000
vn -0.62462 -0.78093 -0.00000
vn -0.40607 -0.91384 -0.00000
vn -0.18708 -0.98235 -0.00000
vn -0.18708 -0.98235 -0.00000
vn -0.40607 -0.91384 -0.00000
vn -0.18708 -0.98235 -0.00000
vn -0.40607 -0.91384 -0.00000
vn -0.40607 -0.91384 -0.00000
vn -0.18708 -0.98235 -0.00000
vn -0.18708 -0.98235 -0.00000
vn -0.40607 -0.91384 -0.00000
vn -0.18708 -0.98235 -0.00000
vn -0.40607 -0.91384 -0.00000
vn -0.40607 -0.91384 -0.00000
vn -0.18708 -0.98235 -0.00000
vn -0.18708 -0.98235 -0.00000
vn -0.40607 -0.91384 -0.00000
vn -0.18708 -0.98235 -0.00000
vn -0.40607 -0.91384 -0.00000
vn 0.40607 -0.91384 -0.00000
vn 0.25762 -0.96625 -0.00000
vn 0.40607 -0.91384 -0.00000
vn 0.40607 -0.91384 -0.00000
vn 0.25762 -0.96625 -0.00000
vn 0.25762 -0.96625 -0.00000
vn 0.25762 -0.96625 -0.00000
vn 0.00000 -1.00000 -0.00000
vn 0.25762 -0.96625 -0.00000
vn -0.62462 -0.78093 -0.00000
vn -0.62462 -0.78093 -0.00000
vn -0.40607 -0.91384 -0.00000
vn -0.40607 -0.91384 -0.00000
vn -0.62462 -0.78093 -0.00000
vn -0.40607 -0.91384 -0.00000
vn -0.62462 -0.78093 -0.00000
vn -0.40607 -0.91384 -0.00000
vn -0.40607 -0.91384 -0.00000
vn -0.62462 -0.78093 -0.00000
vn -0.62462 -0.78093 -0.00000
vn -0.40607 -0.91384 -0.00000
vn -0.62462 -0.78093 -0.00000
vn -0.40607 -0.91384 -0.00000
vn -0.40607 -0.91384 -0.00000
vn -0.62462 -0.78093 -0.00000
vn -0.62462 -0.78093 -0.00000
vn -0.40607 -0.91384 -0.00000
vn -1.00000 0.00000 0.00000
vn -1.00000 0.00000 0.00000
vn -1.00000 0.00000 0.00000
vn -1.00000 0.00000 0.00000
vn -1.00000 0.00000 0.00000
vn -1.00000 0.00000 0.00000
vn -0.99414 0.10809 0.00000
vn -0.98140 0.19199 0.00000
vn -0.99414 0.10809 0.00000
vn -0.99414 0.10809 0.00000
vn -0.98140 0.19199 0.00000
vn -0.98140 0.19199 0.00000
vn -0.98140 0.19199 0.00000
vn -0.98140 0.19199 0.00000
vn -0.95673 0.29099 0.00000
vn -0.98140 0.19199 0.00000
vn -0.95673 0.29099 0.00000
vn -0.95673 0.29099 0.00000
vn -0.99653 0.08321 0.00000
vn -0.99653 0.08321 0.00000
vn -0.99653 0.08321 0.00000
vn -0.99653 0.08321 0.00000
vn -0.99653 0.08321 0.00000
vn -0.99653 0.08321 0.00000
vn -0.99829 0.05844 0.00000
vn -0.99829 0.05844 0.00000
vn -0.99829 0.05844 0.00000
vn -0.99829 0.05844 0.00000
vn -0.99829 0.05844 0.00000
vn -0.99829 0.05844 0.00000
vn -1.00000 0.00000 0.00000
vn -1.00000 0.00000 0.00000
vn -1.00000 0.00000 0.00000
vn -1.00000 0.00000 0.00000
vn -1.00000 0.00000 0.00000
vn -1.00000 0.00000 0.00000
vn -0.99889 -0.04705 -0.00000
vn -0.99889 -0.04705 -0.00000
vn -0.99889 -0.04705 -0.00000
vn -0.99889 -0.04705 -0.00000
vn -0.99889 -0.04705 -0.00000
vn -0.99889 -0.04705 -0.00000
vn -0.99141 -0.13078 -0.00000
vn -0.99870 -0.05100 -0.00000
vn -0.99141 -0.13078 -0.00000
vn -0.99141 -0.13078 -0.00000
vn -0.99870 -0.05100 -0.00000
vn -0.99870 -0.05100 -0.00000
vn -0.98292 -0.18404 -0.00000
vn -0.99144 -0.13053 -0.00000
vn -0.98292 -0.18404 -0.00000
vn -0.98292 -0.18404 -0.00000
vn -0.99144 -0.13053 -0.00000
vn -0.99144 -0.13053 -0.00000
vn -0.91707 -0.39872 -0.00000
vn -0.91707 -0.39872 -0.00000
vn -0.91707 -0.39872 -0.00000
vn -0.91707 -0.39872 -0.00000
vn -0.91707 -0.39872 -0.00000
vn -0.91707 -0.39872 -0.00000
vn 0.94868 -0.31625 -0.00000
vn 0.94868 -0.31625 -0.00000
vn 0.98995 -0.14145 -0.00000
vn 0.98995 -0.14145 -0.00000
vn 0.94868 -0.31625 -0.00000
vn 0.94868 -0.31625 -0.00000
vn 0.98995 -0.14145 -0.00000
vn 0.94868 -0.31625 -0.00000
vn 0.94868 -0.31625 -0.00000
vn 0.94868 -0.31625 -0.00000
vn 0.94868 -0.31625 -0.00000
vn 0.88046 -0.47411 -0.00000
vn 0.94868 -0.31625 -0.00000
vn 0.88046 -0.47411 -0.00000
vn 0.88046 -0.47411 -0.00000
vn 0.88046 -0.47411 -0.00000
vn 0.88046 -0.47411 -0.00000
vn 0.81373 -0.58125 -0.00000
vn 0.88046 -0.47411 -0.00000
vn 0.81373 -0.58125 -0.00000
vn 0.81373 -0.58125 -0.00000
vn 0.81373 -0.58125 -0.00000
vn 0.81373 -0.58125 -0.00000
vn 0.70711 -0.70711 -0.00000
vn 0.81373 -0.58125 -0.00000
vn 0.70711 -0.70711 -0.00000
vn 0.70711 -0.70711 -0.00000
vn 0.70711 -0.70711 -0.00000
vn 0.70711 -0.70711 -0.00000
vn 0.54326 -0.83956 -0.00000
vn 0.70711 -0.70711 -0.00000
vn 0.54326 -0.83956 -0.00000
vn 0.54326 -0.83956 -0.00000
vn 0.54326 -0.83956 -0.00000
vn 0.54326 -0.83956 -0.00000
vn 0.31625 -0.94868 -0.00000
vn 0.54326 -0.83956 -0.00000
vn 0.31625 -0.94868 -0.00000
vn 0.31625 -0.94868 -0.00000
vn 0.31625 -0.94868 -0.00000
vn 0.31625 -0.94868 -0.00000
vn 0.18592 -0.98256 -0.00000
vn 0.31625 -0.94868 -0.00000
vn 0.18592 -0.98256 -0.00000
vn 0.18592 -0.98256 -0.00000
vn 0.18592 -0.98256 -0.00000
vn 0.18592 -0.98256 -0.00000
vn 0.05259 -0.99862 -0.00000
vn 0.18592 -0.98256 -0.00000
vn 0.05259 -0.99862 -0.00000
vn 0.05259 -0.99862 -0.00000
vn 0.05259 -0.99862 -0.00000
vn 0.05259 -0.99862 -0.00000
vn -0.19609 -0.98059 -0.00000
vn 0.05259 -0.99862 -0.00000
vn -0.19609 -0.98059 -0.00000
vn -0.19609 -0.98059 -0.00000
vn -0.19609 -0.98059 -0.00000
vn -0.19609 -0.98059 -0.00000
vn -0.39390 -0.91915 -0.00000
vn -0.19609 -0.98059 -0.00000
vn -0.39390 -0.91915 -0.00000
vn -0.39390 -0.91915 -0.00000
vn -0.39390 -0.91915 -0.00000
vn -0.39390 -0.91915 -0.00000
vn -0.53686 -0.84367 -0.00000
vn -0.39390 -0.91915 -0.00000
vn -0.53686 -0.84367 -0.00000
vn -0.53686 -0.84367 -0.00000
vn -0.53686 -0.84367 -0.00000
vn -0.53686 -0.84367 -0.00000
vn -0.70711 -0.70711 -0.00000
vn -0.53686 -0.84367 -0.00000
vn -0.70711 -0.70711 -0.00000
vn -0.53686 -0.84367 -0.00000
vn -0.53686 -0.84367 -0.00000
vn -0.70711 -0.70711 -0.00000
vn -0.53686 -0.84367 -0.00000
vn -0.53686 -0.84367 -0.00000
vn -0.53686 -0.84367 -0.00000
vn -0.39390 -0.91915 -0.00000
vn -0.39390 -0.91915 -0.00000
vn -0.53686 -0.84367 -0.00000
vn -0.39390 -0.91915 -0.00000
vn -0.39390 -0.91915 -0.00000
vn -0.39390 -0.91915 -0.00000
vn -0.19609 -0.98059 -0.00000
vn -0.19609 -0.98059 -0.00000
vn -0.39390 -0.91915 -0.00000
vn -0.19609 -0.98059 -0.00000
vn -0.19609 -0.98059 -0.00000
vn -0.19609 -0.98059 -0.00000
vn 0.05259 -0.99862 -0.00000
vn 0.05259 -0.99862 -0.00000
vn -0.19609 -0.98059 -0.00000
vn 0.05259 -0.99862 -0.00000
vn 0.05259 -0.99862 -0.00000
vn 0.05259 -0.99862 -0.00000
vn 0.18592 -0.98256 -0.00000
vn 0.18592 -0.98256 -0.00000
vn 0.05259 -0.99862 -0.00000
vn 0.18592 -0.98256 -0.00000
vn 0.18592 -0.98256 -0.00000
vn 0.18592 -0.98256 -0.00000
vn 0.31625 -0.94868 -0.00000
vn 0.31625 -0.94868 -0.00000
vn 0.18592 -0.98256 -0.00000
vn 0.31625 -0.94868 -0.00000
vn 0.31625 -0.94868 -0.00000
vn 0.31625 -0.94868 -0.00000
vn 0.54326 -0.83956 -0.00000
vn 0.54326 -0.83956 -0.00000
vn 0.31625 -0.94868 -0.00000
vn 0.54326 -0.83956 -0.00000
vn 0.54326 -0.83956 -0.00000
vn 0.54326 -0.83956 -0.00000
vn 0.70711 -0.70711 -0.00000
vn 0.70711 -0.70711 -0.00000
vn 0.54326 -0.83956 -0.00000
vn 0.70711 -0.70711 -0.00000
vn 0.70711 -0.70711 -0.00000
vn 0.70711 -0.70711 -0.00000
vn 0.81373 -0.58125 -0.00000
vn 0.81373 -0.58125 -0.00000
vn 0.70711 -0.70711 -0.00000
vn 0.81373 -0.58125 -0.00000
vn 0.81373 -0.58125 -0.00000
vn 0.81373 -0.58125 -0.00000
vn 0.88046 -0.47411 -0.00000
vn 0.88046 -0.47411 -0.00000
vn 0.81373 -0.58125 -0.00000
vn 0.88046 -0.47411 -0.00000
vn 0.88046 -0.47411 -0.00000
vn 0.88046 -0.47411 -0.00000
vn 0.94868 -0.31625 -0.00000
vn 0.94868 -0.31625 -0.00000
vn 0.88046 -0.47411 -0.00000
vn 0.94868 -0.31625 -0.00000
vn 0.94868 -0.31625 -0.00000
vn 0.94868 -0.31625 -0.00000
vn 0.98995 -0.14145 -0.00000
vn 0.98995 -0.14145 -0.00000
vn 0.94868 -0.31625 -0.00000
vn 0.94868 -0.31625 -0.00000
vn 0.98995 -0.14145 -0.00000
vn 0.94868 -0.31625 -0.00000
vn 0.94868 -0.31625 -0.00000
vn 0.94868 -0.31625 -0.00000
vn 0.94868 -0.31625 -0.00000
vn 0.88046 -0.47411 -0.00000
vn 0.94868 -0.31625 -0.00000
vn 0.88046 -0.47411 -0.00000
vn 0.88046 -0.47411 -0.00000
vn 0.88046 -0.47411 -0.00000
vn 0.88046 -0.47411 -0.00000
vn 0.81373 -0.58125 -0.00000
vn 0.88046 -0.47411 -0.00000
vn 0.81373 -0.58125 -0.00000
vn 0.81373 -0.58125 -0.00000
vn 0.81373 -0.58125 -0.00000
vn 0.81373 -0.58125 -0.00000
vn 0.70711 -0.70711 -0.00000
vn 0.81373 -0.58125 -0.00000
vn 0.70711 -0.70711 -0.00000
vn 0.70711 -0.70711 -0.00000
vn 0.70711 -0.70711 -0.00000
vn 0.70711 -0.70711 -0.00000
vn 0.54326 -0.83956 -0.00000
vn 0.70711 -0.70711 -0.00000
vn 0.54326 -0.83956 -0.00000
vn 0.54326 -0.83956 -0.00000
vn 0.54326 -0.83956 -0.00000
vn 0.54326 -0.83956 -0.00000
vn 0.31625 -0.94868 -0.00000
vn 0.54326 -0.83956 -0.00000
vn 0.31625 -0.94868 -0.00000
vn 0.31625 -0.94868 -0.00000
vn 0.31625 -0.94868 -0.00000
vn 0.31625 -0.94868 -0.00000
vn 0.18592 -0.98256 -0.00000
vn 0.31625 -0.94868 -0.00000
vn 0.18592 -0.98256 -0.00000
vn 0.18592 -0.98256 -0.00000
vn 0.18592 -0.98256 -0.00000
vn 0.18592 -0.98256 -0.00000
vn 0.05259 -0.99862 -0.00000
vn 0.18592 -0.98256 -0.00000
vn 0.05259 -0.99862 -0.00000
vn 0.05259 -0.99862 -0.00000
vn 0.05259 -0.99862 -0.00000
vn 0.05259 -0.99862 -0.00000
vn -0.19609 -0.98059 -0.00000
vn 0.05259 -0.99862 -0.00000
vn -0.19609 -0.98059 -0.00000
vn -0.19609 -0.98059 -0.00000
vn -0.19609 -0.98059 -0.00000
vn -0.19609 -0.98059 -0.00000
vn -0.39390 -0.91915 -0.00000
vn -0.19609 -0.98059 -0.00000
vn -0.39390 -0.91915 -0.00000
vn -0.39390 -0.91915 -0.00000
vn -0.39390 -0.91915 -0.00000
vn -0.39390 -0.91915 -0.00000
vn -0.53686 -0.84367 -0.00000
vn -0.39390 -0.91915 -0.00000
vn -0.53686 -0.84367 -0.00000
vn -0.53686 -0.84367 -0.00000
vn -0.53686 -0.84367 -0.00000
vn -0.53686 -0.84367 -0.00000
vn -0.70711 -0.70711 -0.00000
vn -0.53686 -0.84367 -0.00000
vn -0.70711 -0.70711 -0.00000
vn -0.53686 -0.84367 -0.00000
vn -0.53686 -0.84367 -0.00000
vn -0.70711 -0.70711 -0.00000
vn -0.53686 -0.84367 -0.00000
vn -0.53686 -0.84367 -0.00000
vn -0.53686 -0.84367 -0.00000
vn -0.39390 -0.91915 -0.00000
vn -0.39390 -0.91915 -0.00000
vn -0.53686 -0.84367 -0.00000
vn -0.39390 -0.91915 -0.00000
vn -0.39390 -0.91915 -0.00000
vn -0.39390 -0.91915 -0.00000
vn -0.19609 -0.98059 -0.00000
vn -0.19609 -0.98059 -0.00000
vn -0.39390 -0.91915 -0.00000
vn -0.19609 -0.98059 -0.00000
vn -0.19609 -0.98059 -0.00000
vn -0.19609 -0.98059 -0.00000
vn 0.05259 -0.99862 -0.00000
vn 0.05259 -0.99862 -0.00000
vn -0.19609 -0.98059 -0.00000
vn 0.05259 -0.99862 -0.00000
vn 0.05259 -0.99862 -0.00000
vn 0.05259 -0.99862 -0.00000
vn 0.18592 -0.98256 -0.00000
vn 0.18592 -0.98256 -0.00000
vn 0.05259 -0.99862 -0.00000
vn 0.18592 -0.98256 -0.00000
vn 0.18592 -0.98256 -0.00000
vn 0.18592 -0.98256 -0.00000
vn 0.31625 -0.94868 -0.00000
vn 0.31625 -0.94868 -0.00000
vn 0.18592 -0.98256 -0.00000
vn 0.31625 -0.94868 -0.00000
vn 0.31625 -0.94868 -0.00000
vn 0.31625 -0.94868 -0.00000
vn 0.54326 -0.83956 -0.00000
vn 0.54326 -0.83956 -0.00000
vn 0.31625 -0.94868 -0.00000
vn 0.54326 -0.83956 -0.00000
vn 0.54326 -0.83956 -0.00000
vn 0.54326 -0.83956 -0.00000
vn 0.70711 -0.70711 -0.00000
vn 0.70711 -0.70711 -0.00000
vn 0.54326 -0.83956 -0.00000
vn 0.70711 -0.70711 -0.00000
vn 0.70711 -0.70711 -0.00000
vn 0.70711 -0.70711 -0.00000
vn 0.81373 -0.58125 -0.00000
vn 0.81373 -0.58125 -0.00000
vn 0.70711 -0.70711 -0.00000
vn 0.81373 -0.58125 -0.00000
vn 0.81373 -0.58125 -0.00000
vn 0.81373 -0.58125 -0.00000
vn 0.88046 -0.47411 -0.00000
vn 0.88046 -0.47411 -0.00000
vn 0.81373 -0.58125 -0.00000
vn 0.88046 -0.47411 -0.00000
vn 0.88046 -0.47411 -0.00000
vn 0.88046 -0.47411 -0.00000
vn 0.94868 -0.31625 -0.00000
vn 0.94868 -0.31625 -0.00000
vn 0.88046 -0.47411 -0.00000
vn 0.94868 -0.31625 -0.00000
vn 0.94868 -0.31625 -0.00000
vn 0.94868 -0.31625 -0.00000
vn 0.98995 -0.14145 -0.00000
vn 0.98995 -0.14145 -0.00000
vn 0.94868 -0.31625 -0.00000
vn 0.94868 -0.31625 -0.00000
vn 0.98995 -0.14145 -0.00000
vn 0.94868 -0.31625 -0.00000
vn 0.94868 -0.31625 -0.00000
vn 0.94868 -0.31625 -0.00000
vn 0.94868 -0.31625 -0.00000
vn 0.88046 -0.47411 -0.00000
vn 0.94868 -0.31625 -0.00000
vn 0.88046 -0.47411 -0.00000
vn 0.88046 -0.47411 -0.00000
vn 0.88046 -0.47411 -0.00000
vn 0.88046 -0.47411 -0.00000
vn 0.81373 -0.58125 -0.00000
vn 0.88046 -0.47411 -0.00000
vn 0.81373 -0.58125 -0.00000
vn 0.81373 -0.58125 -0.00000
vn 0.81373 -0.58125 -0.00000
vn 0.81373 -0.58125 -0.00000
vn 0.70711 -0.70711 -0.00000
vn 0.81373 -0.58125 -0.00000
vn 0.70711 -0.70711 -0.00000
vn 0.70711 -0.70711 -0.00000
vn 0.70711 -0.70711 -0.00000
vn 0.70711 -0.70711 -0.00000
vn 0.54326 -0.83956 -0.00000
vn 0.70711 -0.70711 -0.00000
vn 0.54326 -0.83956 -0.00000
vn 0.54326 -0.83956 -0.00000
vn 0.54326 -0.83956 -0.00000
vn 0.54326 -0.83956 -0.00000
vn 0.31625 -0.94868 -0.00000
vn 0.54326 -0.83956 -0.00000
vn 0.31625 -0.94868 -0.00000
vn 0.31625 -0.94868 -0.00000
vn 0.31625 -0.94868 -0.00000
vn 0.31625 -0.94868 -0.00000
vn 0.18592 -0.98256 -0.00000
vn 0.31625 -0.94868 -0.00000
vn 0.18592 -0.98256 -0.00000
vn 0.18592 -0.98256 -0.00000
vn 0.18592 -0.98256 -0.00000
vn 0.18592 -0.98256 -0.00000
vn 0.05259 -0.99862 -0.00000
vn 0.18592 -0.98256 -0.00000
vn 0.05259 -0.99862 -0.00000
vn 0.05259 -0.99862 -0.00000
vn 0.05259 -0.99862 -0.00000
vn 0.05259 -0.99862 -0.00000
vn -0.19609 -0.98059 -0.00000
vn 0.05259 -0.99862 -0.00000
vn -0.19609 -0.98059 -0.00000
vn -0.19609 -0.98059 -0.00000
vn -0.19609 -0.98059 -0.00000
vn -0.19609 -0.98059 -0.00000
vn -0.39390 -0.91915 -0.00000
vn -0.19609 -0.98059 -0.00000
vn -0.39390 -0.91915 -0.00000
vn -0.39390 -0.91915 -0.00000
vn -0.39390 -0.91915 -0.00000
vn -0.39390 -0.91915 -0.00000
vn -0.53686 -0.84367 -0.00000
vn -0.39390 -0.91915 -0.00000
vn -0.53686 -0.84367 -0.00000
vn -0.53686 -0.84367 -0.00000
vn -0.53686 -0.84367 -0.00000
vn -0.53686 -0.84367 -0.00000
vn -0.70711 -0.70711 -0.00000
vn -0.53686 -0.84367 -0.00000
vn -0.70711 -0.70711 -0.00000
vn -0.53686 -0.84367 -0.00000
vn -0.53686 -0.84367 -0.00000
vn -0.70711 -0.70711 -0.00000
vn -0.53686 -0.84367 -0.00000
vn -0.53686 -0.84367 -0.00000
vn -0.53686 -0.84367 -0.00000
vn -0.39390 -0.91915 -0.00000
vn -0.39390 -0.91915 -0.00000
vn -0.53686 -0.84367 -0.00000
vn -0.39390 -0.91915 -0.00000
vn -0.39390 -0.91915 -0.00000
vn -0.39390 -0.91915 -0.00000
vn -0.19609 -0.98059 -0.00000
vn -0.19609 -0.98059 -0.00000
vn -0.39390 -0.91915 -0.00000
vn -0.19609 -0.98059 -0.00000
vn -0.19609 -0.98059 -0.00000
vn -0.19609 -0.98059 -0.00000
vn 0.05259 -0.99862 -0.00000
vn 0.05259 -0.99862 -0.00000
vn -0.19609 -0.98059 -0.00000
vn 0.05259 -0.99862 -0.00000
vn 0.05259 -0.99862 -0.00000
vn 0.05259 -0.99862 -0.00000
vn 0.18592 -0.98256 -0.00000
vn 0.18592 -0.98256 -0.00000
vn 0.05259 -0.99862 -0.00000
vn 0.18592 -0.98256 -0.00000
vn 0.18592 -0.98256 -0.00000
vn 0.18592 -0.98256 -0.00000
vn 0.31625 -0.94868 -0.00000
vn 0.31625 -0.94868 -0.00000
vn 0.18592 -0.98256 -0.00000
vn 0.31625 -0.94868 -0.00000
vn 0.31625 -0.94868 -0.00000
vn 0.31625 -0.94868 -0.00000
vn 0.54326 -0.83956 -0.00000
vn 0.54326 -0.83956 -0.00000
vn 0.31625 -0.94868 -0.00000
vn 0.54326 -0.83956 -0.00000
vn 0.54326 -0.83956 -0.00000
vn 0.54326 -0.83956 -0.00000
vn 0.70711 -0.70711 -0.00000
vn 0.70711 -0.70711 -0.00000
vn 0.54326 -0.83956 -0.00000
vn 0.70711 -0.70711 -0.00000
vn 0.70711 -0.70711 -0.00000
vn 0.70711 -0.70711 -0.00000
vn 0.81373 -0.58125 -0.00000
vn 0.81373 -0.58125 -0.00000
vn 0.70711 -0.70711 -0.00000
vn 0.81373 -0.58125 -0.00000
vn 0.81373 -0.58125 -0.00000
vn 0.81373 -0.58125 -0.00000
vn 0.88046 -0.47411 -0.00000
vn 0.88046 -0.47411 -0.00000
vn 0.81373 -0.58125 -0.00000
vn 0.88046 -0.47411 -0.00000
vn 0.88046 -0.47411 -0.00000
vn 0.88046 -0.47411 -0.00000
vn 0.94868 -0.31625 -0.00000
vn 0.94868 -0.31625 -0.00000
vn 0.88046 -0.47411 -0.00000
vn 0.94868 -0.31625 -0.00000
vn 0.94868 -0.31625 -0.00000
vn 0.94868 -0.31625 -0.00000
vn 0.98995 -0.14145 -0.00000
vn 0.98995 -0.14145 -0.00000
vn 0.94868 -0.31625 -0.00000
vn 0.94868 -0.31625 -0.00000
vn 0.98995 -0.14145 -0.00000
vn 0.94868 -0.31625 -0.00000
vn 0.94868 -0.31625 -0.00000
vn 0.94868 -0.31625 -0.00000
vn 0.94868 -0.31625 -0.00000
vn 0.88046 -0.47411 -0.00000
vn 0.94868 -0.31625 -0.00000
vn 0.88046 -0.47411 -0.00000
vn 0.88046 -0.47411 -0.00000
vn 0.88046 -0.47411 -0.00000
vn 0.88046 -0.47411 -0.00000
vn 0.81373 -0.58125 -0.00000
vn 0.88046 -0.47411 -0.00000
vn 0.81373 -0.58125 -0.00000
vn 0.81373 -0.58125 -0.00000
vn 0.81373 -0.58125 -0.00000
vn 0.81373 -0.58125 -0.00000
vn 0.70711 -0.70711 -0.00000
vn 0.81373 -0.58125 -0.00000
vn 0.70711 -0.70711 -0.00000
vn 0.70711 -0.70711 -0.00000
vn 0.70711 -0.70711 -0.00000
vn 0.70711 -0.70711 -0.00000
vn 0.54326 -0.83956 -0.00000
vn 0.70711 -0.70711 -0.00000
vn 0.54326 -0.83956 -0.00000
vn 0.54326 -0.83956 -0.00000
vn 0.54326 -0.83956 -0.00000
vn 0.54326 -0.83956 -0.00000
vn 0.31625 -0.94868 -0.00000
vn 0.54326 -0.83956 -0.00000
vn 0.31625 -0.94868 -0.00000
vn 0.31625 -0.94868 -0.00000
vn 0.31625 -0.94868 -0.00000
vn 0.31625 -0.94868 -0.00000
vn 0.18592 -0.98256 -0.00000
vn 0.31625 -0.94868 -0.00000
vn 0.18592 -0.98256 -0.00000
vn 0.18592 -0.98256 -0.00000
vn 0.18592 -0.98256 -0.00000
vn 0.18592 -0.98256 -0.00000
vn 0.05259 -0.99862 -0.00000
vn 0.18592 -0.98256 -0.00000
vn 0.05259 -0.99862 -0.00000
vn 0.05259 -0.99862 -0.00000
vn 0.05259 -0.99862 -0.00000
vn 0.05259 -0.99862 -0.00000
vn -0.19609 -0.98059 -0.00000
vn 0.05259 -0.99862 -0.00000
vn -0.19609 -0.98059 -0.00000
vn -0.19609 -0.98059 -0.00000
vn -0.19609 -0.98059 -0.00000
vn -0.19609 -0.98059 -0.00000
vn -0.39390 -0.91915 -0.00000
vn -0.19609 -0.98059 -0.00000
vn -0.39390 -0.91915 -0.00000
vn -0.39390 -0.91915 -0.00000
vn -0.39390 -0.91915 -0.00000
vn -0.39390 -0.91915 -0.00000
vn -0.53686 -0.84367 -0.00000
vn -0.39390 -0.91915 -0.00000
vn -0.53686 -0.84367 -0.00000
vn -0.53686 -0.84367 -0.00000
vn -0.53686 -0.84367 -0.00000
vn -0.53686 -0.84367 -0.00000
vn -0.70711 -0.70711 -0.00000
vn -0.53686 -0.84367 -0.00000
vn -0.70711 -0.70711 -0.00000
vn -0.53686 -0.84367 -0.00000
vn -0.53686 -0.84367 -0.00000
vn -0.70711 -0.70711 -0.00000
vn -0.53686 -0.84367 -0.00000
vn -0.53686 -0.84367 -0.00000
vn -0.53686 -0.84367 -0.00000
vn -0.39390 -0.91915 -0.00000
vn -0.39390 -0.91915 -0.00000
vn -0.53686 -0.84367 -0.00000
vn -0.39390 -0.91915 -0.00000
vn -0.39390 -0.91915 -0.00000
vn -0.39390 -0.91915 -0.00000
vn -0.19609 -0.98059 -0.00000
vn -0.19609 -0.98059 -0.00000
vn -0.39390 -0.91915 -0.00000
vn -0.19609 -0.98059 -0.00000
vn -0.19609 -0.98059 -0.00000
vn -0.19609 -0.98059 -0.00000
vn 0.05259 -0.99862 -0.00000
vn 0.05259 -0.99862 -0.00000
vn -0.19609 -0.98059 -0.00000
vn 0.05259 -0.99862 -0.00000
vn 0.05259 -0.99862 -0.00000
vn 0.05259 -0.99862 -0.00000
vn 0.18592 -0.98256 -0.00000
vn 0.18592 -0.98256 -0.00000
vn 0.05259 -0.99862 -0.00000
vn 0.18592 -0.98256 -0.00000
vn 0.18592 -0.98256 -0.00000
vn 0.18592 -0.98256 -0.00000
vn 0.31625 -0.94868 -0.00000
vn 0.31625 -0.94868 -0.00000
vn 0.18592 -0.98256 -0.00000
vn 0.31625 -0.94868 -0.00000
vn 0.31625 -0.94868 -0.00000
vn 0.31625 -0.94868 -0.00000
vn 0.54326 -0.83956 -0.00000
vn 0.54326 -0.83956 -0.00000
vn 0.31625 -0.94868 -0.00000
vn 0.54326 -0.83956 -0.00000
vn 0.54326 -0.83956 -0.00000
vn 0.54326 -0.83956 -0.00000
vn 0.70711 -0.70711 -0.00000
vn 0.70711 -0.70711 -0.00000
vn 0.54326 -0.83956 -0.00000
vn 0.70711 -0.70711 -0.00000
vn 0.70711 -0.70711 -0.00000
vn 0.70711 -0.70711 -0.00000
vn 0.81373 -0.58125 -0.00000
vn 0.81373 -0.58125 -0.00000
vn 0.70711 -0.70711 -0.00000
vn 0.81373 -0.58125 -0.00000
vn 0.81373 -0.58125 -0.00000
vn 0.81373 -0.58125 -0.00000
vn 0.88046 -0.47411 -0.00000
vn 0.88046 -0.47411 -0.00000
vn 0.81373 -0.58125 -0.00000
vn 0.88046 -0.47411 -0.00000
vn 0.88046 -0.47411 -0.00000
vn 0.88046 -0.47411 -0.00000
vn 0.94868 -0.31625 -0.00000
vn 0.94868 -0.31625 -0.00000
vn 0.88046 -0.47411 -0.00000
vn 0.94868 -0.31625 -0.00000
vn 0.94868 -0.31625 -0.00000
vn 0.94868 -0.31625 -0.00000
vn 0.98995 -0.14145 -0.00000
vn 0.98995 -0.14145 -0.00000
vn 0.94868 -0.31625 -0.00000
vn 0.94868 -0.31625 -0.00000
vn 0.98995 -0.14145 -0.00000
vn 0.94868 -0.31625 -0.00000
vn 0.94868 -0.31625 -0.00000
vn 0.94868 -0.31625 -0.00000
vn 0.94868 -0.31625 -0.00000
vn 0.88046 -0.47411 -0.00000
vn 0.94868 -0.31625 -0.00000
vn 0.88046 -0.47411 -0.00000
vn 0.88046 -0.47411 -0.00000
vn 0.88046 -0.47411 -0.00000
vn 0.88046 -0.47411 -0.00000
vn 0.81373 -0.58125 -0.00000
vn 0.88046 -0.47411 -0.00000
vn 0.81373 -0.58125 -0.00000
vn 0.81373 -0.58125 -0.00000
vn 0.81373 -0.58125 -0.00000
vn 0.81373 -0.58125 -0.00000
vn 0.70711 -0.70711 -0.00000
vn 0.81373 -0.58125 -0.00000
vn 0.70711 -0.70711 -0.00000
vn 0.70711 -0.70711 -0.00000
vn 0.70711 -0.70711 -0.00000
vn 0.70711 -0.70711 -0.00000
vn 0.54326 -0.83956 -0.00000
vn 0.70711 -0.70711 -0.00000
vn 0.54326 -0.83956 -0.00000
vn 0.54326 -0.83956 -0.00000
vn 0.54326 -0.83956 -0.00000
vn 0.54326 -0.83956 -0.00000
vn 0.31625 -0.94868 -0.00000
vn 0.54326 -0.83956 -0.00000
vn 0.31625 -0.94868 -0.00000
vn 0.31625 -0.94868 -0.00000
vn 0.31625 -0.94868 -0.00000
vn 0.31625 -0.94868 -0.00000
vn 0.18592 -0.98256 -0.00000
vn 0.31625 -0.94868 -0.00000
vn 0.18592 -0.98256 -0.00000
vn 0.18592 -0.98256 -0.00000
vn 0.18592 -0.98256 -0.00000
vn 0.18592 -0.98256 -0.00000
vn 0.05259 -0.99862 -0.00000
vn 0.18592 -0.98256 -0.00000
vn 0.05259 -0.99862 -0.00000
vn 0.05259 -0.99862 -0.00000
vn 0.05259 -0.99862 -0.00000
vn 0.05259 -0.99862 -0.00000
vn -0.19609 -0.98059 -0.00000
vn 0.05259 -0.99862 -0.00000
vn -0.19609 -0.98059 -0.00000
vn -0.19609 -0.98059 -0.00000
vn -0.19609 -0.98059 -0.00000
vn -0.19609 -0.98059 -0.00000
vn -0.39390 -0.91915 -0.00000
vn -0.19609 -0.98059 -0.00000
vn -0.39390 -0.91915 -0.00000
vn -0.39390 -0.91915 -0.00000
vn -0.39390 -0.91915 -0.00000
vn -0.39390 -0.91915 -0.00000
vn -0.53686 -0.84367 -0.00000
vn -0.39390 -0.91915 -0.00000
vn -0.53686 -0.84367 -0.00000
vn -0.53686 -0.84367 -0.00000
vn -0.53686 -0.84367 -0.00000
vn -0.53686 -0.84367 -0.00000
vn -0.70711 -0.70711 -0.00000
vn -0.53686 -0.84367 -0.00000
vn -0.70711 -0.70711 -0.00000
vn -0.53686 -0.84367 -0.00000
vn -0.53686 -0.84367 -0.00000
vn -0.70711 -0.70711 -0.00000
vn -0.53686 -0.84367 -0.00000
vn -0.53686 -0.84367 -0.00000
vn -0.53686 -0.84367 -0.00000
vn -0.39390 -0.91915 -0.00000
vn -0.39390 -0.91915 -0.00000
vn -0.53686 -0.84367 -0.00000
vn -0.39390 -0.91915 -0.00000
vn -0.39390 -0.91915 -0.00000
vn -0.39390 -0.91915 -0.00000
vn -0.19609 -0.98059 -0.00000
vn -0.19609 -0.98059 -0.00000
vn -0.39390 -0.91915 -0.00000
vn -0.19609 -0.98059 -0.00000
vn -0.19609 -0.98059 -0.00000
vn -0.19609 -0.98059 -0.00000
vn 0.05259 -0.99862 -0.00000
vn 0.05259 -0.99862 -0.00000
vn -0.19609 -0.98059 -0.00000
vn 0.05259 -0.99862 -0.00000
vn 0.05259 -0.99862 -0.00000
vn 0.05259 -0.99862 -0.00000
vn 0.18592 -0.98256 -0.00000
vn 0.18592 -0.98256 -0.00000
vn 0.05259 -0.99862 -0.00000
vn 0.18592 -0.98256 -0.00000
vn 0.18592 -0.98256 -0.00000
vn 0.18592 -0.98256 -0.00000
vn 0.31625 -0.94868 -0.00000
vn 0.31625 -0.94868 -0.00000
vn 0.18592 -0.98256 -0.00000
vn 0.31625 -0.94868 -0.00000
vn 0.31625 -0.94868 -0.00000
vn 0.31625 -0.94868 -0.00000
vn 0.54326 -0.83956 -0.00000
vn 0.54326 -0.83956 -0.00000
vn 0.31625 -0.94868 -0.00000
vn 0.54326 -0.83956 -0.00000
vn 0.54326 -0.83956 -0.00000
vn 0.54326 -0.83956 -0.00000
vn 0.70711 -0.70711 -0.00000
vn 0.70711 -0.70711 -0.00000
vn 0.54326 -0.83956 -0.00000
vn 0.70711 -0.70711 -0.00000
vn 0.70711 -0.70711 -0.00000
vn 0.70711 -0.70711 -0.00000
vn 0.81373 -0.58125 -0.00000
vn 0.81373 -0.58125 -0.00000
vn 0.70711 -0.70711 -0.00000
vn 0.81373 -0.58125 -0.00000
vn 0.81373 -0.58125 -0.00000
vn 0.81373 -0.58125 -0.00000
vn 0.88046 -0.47411 -0.00000
vn 0.94868 -0.31625 -0.00000
vn 0.88046 -0.47411 -0.00000
vn 0.94868 -0.31625 -0.00000
vn 0.94868 -0.31625 -0.00000
vn 0.88046 -0.47411 -0.00000
vn 0.88046 -0.47411 -0.00000
vn 0.94868 -0.31625 -0.00000
vn 0.88046 -0.47411 -0.00000
vn 0.94868 -0.31625 -0.00000
vn 0.94868 -0.31625 -0.00000
vn 0.88046 -0.47411 -0.00000
vn 0.88046 -0.47411 -0.00000
vn 0.88046 -0.47411 -0.00000
vn 0.81373 -0.58125 -0.00000
vn 0.88046 -0.47411 -0.00000
vn 0.88046 -0.47411 -0.00000
vn 0.81373 -0.58125 -0.00000
vn 0.81373 -0.58125 -0.00000
vn 0.88046 -0.47411 -0.00000
vn 0.81373 -0.58125 -0.00000
vn 0.88046 -0.47411 -0.00000
vn 0.88046 -0.47411 -0.00000
vn 0.81373 -0.58125 -0.00000
vn 0.81373 -0.58125 -0.00000
vn 0.81373 -0.58125 -0.00000
vn 0.70711 -0.70711 -0.00000
vn 0.81373 -0.58125 -0.00000
vn 0.81373 -0.58125 -0.00000
vn 0.70711 -0.70711 -0.00000
vn 0.70711 -0.70711 -0.00000
vn 0.81373 -0.58125 -0.00000
vn 0.70711 -0.70711 -0.00000
vn 0.81373 -0.58125 -0.00000
vn 0.81373 -0.58125 -0.00000
vn 0.70711 -0.70711 -0.00000
vn 0.70711 -0.70711 -0.00000
vn 0.70711 -0.70711 -0.00000
vn 0.54326 -0.83956 -0.00000
vn 0.70711 -0.70711 -0.00000
vn 0.70711 -0.70711 -0.00000
vn 0.54326 -0.83956 -0.00000
vn 0.54326 -0.83956 -0.00000
vn 0.70711 -0.70711 -0.00000
vn 0.54326 -0.83956 -0.00000
vn 0.70711 -0.70711 -0.00000
vn 0.70711 -0.70711 -0.00000
vn 0.54326 -0.83956 -0.00000
vn 0.54326 -0.83956 -0.00000
vn 0.54326 -0.83956 -0.00000
vn 0.31625 -0.94868 -0.00000
vn 0.54326 -0.83956 -0.00000
vn 0.54326 -0.83956 -0.00000
vn 0.31625 -0.94868 -0.00000
vn 0.31625 -0.94868 -0.00000
vn 0.54326 -0.83956 -0.00000
vn 0.31625 -0.94868 -0.00000
vn 0.54326 -0.83956 -0.00000
vn 0.54326 -0.83956 -0.00000
vn 0.31625 -0.94868 -0.00000
vn 0.31625 -0.94868 -0.00000
vn 0.31625 -0.94868 -0.00000
vn 0.18592 -0.98256 -0.00000
vn 0.31625 -0.94868 -0.00000
vn 0.31625 -0.94868 -0.00000
vn 0.18592 -0.98256 -0.00000
vn 0.18592 -0.98256 -0.00000
vn 0.31625 -0.94868 -0.00000
vn 0.18592 -0.98256 -0.00000
vn 0.31625 -0.94868 -0.00000
vn 0.31625 -0.94868 -0.00000
vn 0.18592 -0.98256 -0.00000
vn 0.18592 -0.98256 -0.00000
vn 0.18592 -0.98256 -0.00000
vn 0.05259 -0.99862 -0.00000
vn 0.18592 -0.98256 -0.00000
vn 0.18592 -0.98256 -0.00000
vn 0.05259 -0.99862 -0.00000
vn 0.05259 -0.99862 -0.00000
vn 0.18592 -0.98256 -0.00000
vn 0.05259 -0.99862 -0.00000
vn 0.18592 -0.98256 -0.00000
vn 0.18592 -0.98256 -0.00000
vn 0.05259 -0.99862 -0.00000
vn 0.05259 -0.99862 -0.00000
vn 0.05259 -0.99862 -0.00000
vn -0.19609 -0.98059 -0.00000
vn 0.05259 -0.99862 -0.00000
vn 0.05259 -0.99862 -0.00000
vn -0.19609 -0.98059 -0.00000
vn -0.19609 -0.98059 -0.00000
vn 0.05259 -0.99862 -0.00000
vn -0.19609 -0.98059 -0.00000
vn 0.05259 -0.99862 -0.00000
vn 0.05259 -0.99862 -0.00000
vn -0.19609 -0.98059 -0.00000
vn -0.19609 -0.98059 -0.00000
vn -0.19609 -0.98059 -0.00000
vn -0.39390 -0.91915 -0.00000
vn -0.19609 -0.98059 -0.00000
vn -0.19609 -0.98059 -0.00000
vn -0.39390 -0.91915 -0.00000
vn -0.39390 -0.91915 -0.00000
vn -0.19609 -0.98059 -0.00000
vn -0.39390 -0.91915 -0.00000
vn -0.19609 -0.98059 -0.00000
vn -0.19609 -0.98059 -0.00000
vn -0.39390 -0.91915 -0.00000
vn -0.39390 -0.91915 -0.00000
vn -0.39390 -0.91915 -0.00000
vn -0.53686 -0.84367 -0.00000
vn -0.39390 -0.91915 -0.00000
vn -0.39390 -0.91915 -0.00000
vn -0.53686 -0.84367 -0.00000
vn -0.53686 -0.84367 -0.00000
vn -0.39390 -0.91915 -0.00000
vn -0.53686 -0.84367 -0.00000
vn -0.39390 -0.91915 -0.00000
vn -0.39390 -0.91915 -0.00000
vn -0.53686 -0.84367 -0.00000
vn -0.53686 -0.84367 -0.00000
vn -0.53686 -0.84367 -0.00000
vn -0.70711 -0.70711 -0.00000
vn -0.53686 -0.84367 -0.00000
vn -0.53686 -0.84367 -0.00000
vn -0.70711 -0.70711 -0.00000
vn -0.53686 -0.84367 -0.00000
vn -0.53686 -0.84367 -0.00000
vn -0.70711 -0.70711 -0.00000
vn -0.53686 -0.84367 -0.00000
vn -0.53686 -0.84367 -0.00000
vn -0.70711 -0.70711 -0.00000
vn -0.70711 -0.70711 -0.00000
vn -0.53686 -0.84367 -0.00000
vn -0.70711 -0.70711 -0.00000
vn -0.53686 -0.84367 -0.00000
vn -0.53686 -0.84367 -0.00000
vn -0.70711 -0.70711 -0.00000
vn -0.53686 -0.84367 -0.00000
vn -0.53686 -0.84367 -0.00000
vn -0.53686 -0.84367 -0.00000
vn -0.39390 -0.91915 -0.00000
vn -0.39390 -0.91915 -0.00000
vn -0.53686 -0.84367 -0.00000
vn -0.39390 -0.91915 -0.00000
vn -0.39390 -0.91915 -0.00000
vn -0.39390 -0.91915 -0.00000
vn -0.19609 -0.98059 -0.00000
vn -0.19609 -0.98059 -0.00000
vn -0.39390 -0.91915 -0.00000
vn -0.19609 -0.98059 -0.00000
vn -0.19609 -0.98059 -0.00000
vn -0.19609 -0.98059 -0.00000
vn 0.05259 -0.99862 -0.00000
vn 0.05259 -0.99862 -0.00000
vn -0.19609 -0.98059 -0.00000
vn 0.05259 -0.99862 -0.00000
vn 0.05259 -0.99862 -0.00000
vn 0.05259 -0.99862 -0.00000
vn 0.18592 -0.98256 -0.00000
vn 0.18592 -0.98256 -0.00000
vn 0.05259 -0.99862 -0.00000
vn 0.18592 -0.98256 -0.00000
vn 0.18592 -0.98256 -0.00000
vn 0.18592 -0.98256 -0.00000
vn 0.31625 -0.94868 -0.00000
vn 0.31625 -0.94868 -0.00000
vn 0.18592 -0.98256 -0.00000
vn 0.31625 -0.94868 -0.00000
vn 0.31625 -0.94868 -0.00000
vn 0.31625 -0.94868 -0.00000
vn 0.54326 -0.83956 -0.00000
vn 0.54326 -0.83956 -0.00000
vn 0.31625 -0.94868 -0.00000
vn 0.54326 -0.83956 -0.00000
vn 0.54326 -0.83956 -0.00000
vn 0.54326 -0.83956 -0.00000
vn 0.70711 -0.70711 -0.00000
vn 0.70711 -0.70711 -0.00000
vn 0.54326 -0.83956 -0.00000
vn 0.70711 -0.70711 -0.00000
vn 0.70711 -0.70711 -0.00000
vn 0.70711 -0.70711 -0.00000
vn 0.81373 -0.58125 -0.00000
vn 0.81373 -0.58125 -0.00000
vn 0.70711 -0.70711 -0.00000
vn 0.81373 -0.58125 -0.00000
vn 0.81373 -0.58125 -0.00000
vn 0.81373 -0.58125 -0.00000
vn 0.88046 -0.47411 -0.00000
vn -0.53686 -0.84367 -0.00000
vn -0.53686 -0.84367 -0.00000
vn -0.70711 -0.70711 -0.00000
vn -0.70711 -0.70711 -0.00000
vn -0.53686 -0.84367 -0.00000
vn -0.53686 -0.84367 -0.00000
vn -0.70711 -0.70711 -0.00000
vn -0.53686 -0.84367 -0.00000
vn -0.53686 -0.84367 -0.00000
vn -0.53686 -0.84367 -0.00000
vn -0.53686 -0.84367 -0.00000
vn -0.39390 -0.91915 -0.00000
vn -0.53686 -0.84367 -0.00000
vn -0.39390 -0.91915 -0.00000
vn -0.39390 -0.91915 -0.00000
vn -0.39390 -0.91915 -0.00000
vn -0.39390 -0.91915 -0.00000
vn -0.19609 -0.98059 -0.00000
vn -0.39390 -0.91915 -0.00000
vn -0.19609 -0.98059 -0.00000
vn -0.19609 -0.98059 -0.00000
vn -0.19609 -0.98059 -0.00000
vn -0.19609 -0.98059 -0.00000
vn 0.05259 -0.99862 -0.00000
vn -0.19609 -0.98059 -0.00000
vn 0.05259 -0.99862 -0.00000
vn 0.05259 -0.99862 -0.00000
vn 0.05259 -0.99862 -0.00000
vn 0.05259 -0.99862 -0.00000
vn 0.18592 -0.98256 -0.00000
vn 0.05259 -0.99862 -0.00000
vn 0.18592 -0.98256 -0.00000
vn 0.18592 -0.98256 -0.00000
vn 0.18592 -0.98256 -0.00000
vn 0.18592 -0.98256 -0.00000
vn 0.31625 -0.94868 -0.00000
vn 0.18592 -0.98256 -0.00000
vn 0.31625 -0.94868 -0.00000
vn 0.31625 -0.94868 -0.00000
vn 0.31625 -0.94868 -0.00000
vn 0.31625 -0.94868 -0.00000
vn 0.54326 -0.83956 -0.00000
vn -0.53686 -0.84367 -0.00000
vn -0.39390 -0.91915 -0.00000
vn -0.53686 -0.84367 -0.00000
vn -0.53686 -0.84367 -0.00000
vn -0.39390 -0.91915 -0.00000
vn -0.39390 -0.91915 -0.00000
vn -0.53686 -0.84367 -0.00000
vn -0.39390 -0.91915 -0.00000
vn -0.53686 -0.84367 -0.00000
vn -0.53686 -0.84367 -0.00000
vn -0.39390 -0.91915 -0.00000
vn -0.39390 -0.91915 -0.00000
vn -0.39390 -0.91915 -0.00000
vn -0.19609 -0.98059 -0.00000
vn -0.39390 -0.91915 -0.00000
vn -0.39390 -0.91915 -0.00000
vn -0.19609 -0.98059 -0.00000
vn -0.19609 -0.98059 -0.00000
vn -0.39390 -0.91915 -0.00000
vn -0.19609 -0.98059 -0.00000
vn -0.39390 -0.91915 -0.00000
vn -0.39390 -0.91915 -0.00000
vn -0.19609 -0.98059 -0.00000
vn -0.19609 -0.98059 -0.00000
vn -0.19609 -0.98059 -0.00000
vn 0.05259 -0.99862 -0.00000
vn -0.19609 -0.98059 -0.00000
vn -0.19609 -0.98059 -0.00000
vn 0.05259 -0.99862 -0.00000
vn 0.05259 -0.99862 -0.00000
vn -0.19609 -0.98059 -0.00000
vn 0.05259 -0.99862 -0.00000
vn -0.19609 -0.98059 -0.00000
vn -0.19609 -0.98059 -0.00000
vn 0.05259 -0.99862 -0.00000
vn 0.05259 -0.99862 -0.00000
vn 0.05259 -0.99862 -0.00000
vn 0.18592 -0.98256 -0.00000
vn 0.05259 -0.99862 -0.00000
vn 0.05259 -0.99862 -0.00000
vn 0.18592 -0.98256 -0.00000
vn 0.18592 -0.98256 -0.00000
vn 0.05259 -0.99862 -0.00000
vn 0.18592 -0.98256 -0.00000
vn 0.05259 -0.99862 -0.00000
vn 0.05259 -0.99862 -0.00000
vn 0.18592 -0.98256 -0.00000
vn 0.18592 -0.98256 -0.00000
vn 0.18592 -0.98256 -0.00000
vn 0.31625 -0.94868 -0.00000
vn 0.18592 -0.98256 -0.00000
vn 0.18592 -0.98256 -0.00000
vn 0.31625 -0.94868 -0.00000
vn 0.31625 -0.94868 -0.00000
vn 0.18592 -0.98256 -0.00000
vn 0.31625 -0.94868 -0.00000
vn 0.18592 -0.98256 -0.00000
vn 0.18592 -0.98256 -0.00000
vn 0.31625 -0.94868 -0.00000
vn 0.31625 -0.94868 -0.00000
vn 0.31625 -0.94868 -0.00000
vn 0.54326 -0.83956 -0.00000
vn 0.31625 -0.94868 -0.00000
vn 0.31625 -0.94868 -0.00000
vn 0.54326 -0.83956 -0.00000
vn 0.54326 -0.83956 -0.00000
vn 0.31625 -0.94868 -0.00000
vn 0.54326 -0.83956 -0.00000
vn 0.31625 -0.94868 -0.00000
vn 0.31625 -0.94868 -0.00000
vn 0.54326 -0.83956 -0.00000
vn 0.54326 -0.83956 -0.00000
vn 0.54326 -0.83956 -0.00000
vn 0.70711 -0.70711 -0.00000
vn 0.54326 -0.83956 -0.00000
vn 0.54326 -0.83956 -0.00000
vn 0.70711 -0.70711 -0.00000
vn 0.70711 -0.70711 -0.00000
vn 0.54326 -0.83956 -0.00000
vn 0.70711 -0.70711 -0.00000
vn 0.54326 -0.83956 -0.00000
vn 0.70711 -0.70711 -0.00000
vn 0.81373 -0.58125 -0.00000
vn 0.70711 -0.70711 -0.00000
vn 0.81373 -0.58125 -0.00000
vn 0.88046 -0.47411 -0.00000
vn 0.88046 -0.47411 -0.00000
vn 0.88046 -0.47411 -0.00000
vn 0.88046 -0.47411 -0.00000
vn 0.94868 -0.31625 -0.00000
vn 0.88046 -0.47411 -0.00000
vn 0.94868 -0.31625 -0.00000
vn 0.94868 -0.31625 -0.00000
vn 0.94868 -0.31625 -0.00000
vn 0.94868 -0.31625 -0.00000
vn 0.98995 -0.14145 -0.00000
vn 0.94868 -0.31625 -0.00000
vn 0.98995 -0.14145 -0.00000
vn 0.94868 -0.31625 -0.00000
vn 0.94868 -0.31625 -0.00000
vn 0.98995 -0.14145 -0.00000
vn 0.94868 -0.31625 -0.00000
vn 0.94868 -0.31625 -0.00000
vn 0.94868 -0.31625 -0.00000
vn 0.88046 -0.47411 -0.00000
vn 0.88046 -0.47411 -0.00000
vn 0.94868 -0.31625 -0.00000
vn 0.88046 -0.47411 -0.00000
vn 0.88046 -0.47411 -0.00000
vn 0.88046 -0.47411 -0.00000
vn 0.81373 -0.58125 -0.00000
vn 0.81373 -0.58125 -0.00000
vn 0.88046 -0.47411 -0.00000
vn 0.81373 -0.58125 -0.00000
vn 0.81373 -0.58125 -0.00000
vn 0.81373 -0.58125 -0.00000
vn 0.70711 -0.70711 -0.00000
vn 0.70711 -0.70711 -0.00000
vn 0.81373 -0.58125 -0.00000
vn 0.70711 -0.70711 -0.00000
vn 0.70711 -0.70711 -0.00000
vn 0.70711 -0.70711 -0.00000
vn 0.54326 -0.83956 -0.00000
vn 0.54326 -0.83956 -0.00000
vn 0.70711 -0.70711 -0.00000
vn 0.54326 -0.83956 -0.00000
vn 0.54326 -0.83956 -0.00000
vn 0.54326 -0.83956 -0.00000
vn 0.31625 -0.94868 -0.00000
vn 0.31625 -0.94868 -0.00000
vn 0.54326 -0.83956 -0.00000
vn 0.31625 -0.94868 -0.00000
vn 0.31625 -0.94868 -0.00000
vn 0.31625 -0.94868 -0.00000
vn 0.18592 -0.98256 -0.00000
vn 0.18592 -0.98256 -0.00000
vn 0.31625 -0.94868 -0.00000
vn 0.18592 -0.98256 -0.00000
vn 0.18592 -0.98256 -0.00000
vn 0.18592 -0.98256 -0.00000
vn 0.05259 -0.99862 -0.00000
vn 0.05259 -0.99862 -0.00000
vn 0.18592 -0.98256 -0.00000
vn 0.05259 -0.99862 -0.00000
vn 0.05259 -0.99862 -0.00000
vn 0.05259 -0.99862 -0.00000
vn -0.19609 -0.98059 -0.00000
vn 0.98995 -0.14145 -0.00000
vn 0.94868 -0.31625 -0.00000
vn 0.98995 -0.14145 -0.00000
vn 0.98995 -0.14145 -0.00000
vn 0.94868 -0.31625 -0.00000
vn 0.94868 -0.31625 -0.00000
vn 0.98995 -0.14145 -0.00000
vn 0.94868 -0.31625 -0.00000
vn 0.94868 -0.31625 -0.00000
vn 0.94868 -0.31625 -0.00000
vn 0.94868 -0.31625 -0.00000
vn 0.88046 -0.47411 -0.00000
vn 0.94868 -0.31625 -0.00000
vn 0.88046 -0.47411 -0.00000
vn 0.88046 -0.47411 -0.00000
vn 0.88046 -0.47411 -0.00000
vn 0.88046 -0.47411 -0.00000
vn 0.81373 -0.58125 -0.00000
vn 0.88046 -0.47411 -0.00000
vn 0.81373 -0.58125 -0.00000
vn 0.81373 -0.58125 -0.00000
vn 0.81373 -0.58125 -0.00000
vn 0.81373 -0.58125 -0.00000
vn 0.70711 -0.70711 -0.00000
vn 0.81373 -0.58125 -0.00000
vn 0.70711 -0.70711 -0.00000
vn 0.70711 -0.70711 -0.00000
vn 0.70711 -0.70711 -0.00000
vn 0.70711 -0.70711 -0.00000
vn 0.54326 -0.83956 -0.00000
vn 0.70711 -0.70711 -0.00000
vn 0.54326 -0.83956 -0.00000
vn 0.54326 -0.83956 -0.00000
vn 0.54326 -0.83956 -0.00000
vn 0.54326 -0.83956 -0.00000
vn 0.31625 -0.94868 -0.00000
vn 0.54326 -0.83956 -0.00000
vn 0.31625 -0.94868 -0.00000
vn 0.31625 -0.94868 -0.00000
vn 0.31625 -0.94868 -0.00000
vn 0.31625 -0.94868 -0.00000
vn 0.18592 -0.98256 -0.00000
vn 0.98995 -0.14145 -0.00000
vn 0.94868 -0.31625 -0.00000
vn 0.94868 -0.31625 -0.00000
vn 0.94868 -0.31625 -0.00000
vn 0.94868 -0.31625 -0.00000
vn 0.88046 -0.47411 -0.00000
vn 0.94868 -0.31625 -0.00000
vn 0.88046 -0.47411 -0.00000
vn 0.88046 -0.47411 -0.00000
vn 0.88046 -0.47411 -0.00000
vn 0.88046 -0.47411 -0.00000
vn 0.81373 -0.58125 -0.00000
vn 0.88046 -0.47411 -0.00000
vn 0.81373 -0.58125 -0.00000
vn 0.81373 -0.58125 -0.00000
vn 0.81373 -0.58125 -0.00000
vn 0.81373 -0.58125 -0.00000
vn 0.70711 -0.70711 -0.00000
vn 0.81373 -0.58125 -0.00000
vn 0.70711 -0.70711 -0.00000
vn 0.70711 -0.70711 -0.00000
vn 0.70711 -0.70711 -0.00000
vn 0.70711 -0.70711 -0.00000
vn 0.54326 -0.83956 -0.00000
vn 0.70711 -0.70711 -0.00000
vn 0.54326 -0.83956 -0.00000
vn 0.54326 -0.83956 -0.00000
vn 0.54326 -0.83956 -0.00000
vn 0.54326 -0.83956 -0.00000
vn 0.31625 -0.94868 -0.00000
vn 0.54326 -0.83956 -0.00000
vn 0.31625 -0.94868 -0.00000
vn 0.31625 -0.94868 -0.00000
vn 0.31625 -0.94868 -0.00000
vn 0.31625 -0.94868 -0.00000
vn 0.18592 -0.98256 -0.00000
vn 0.31625 -0.94868 -0.00000
vn 0.18592 -0.98256 -0.00000
vn 0.18592 -0.98256 -0.00000
vn 0.18592 -0.98256 -0.00000
vn 0.18592 -0.98256 -0.00000
vn 0.05259 -0.99862 -0.00000
vn 0.18592 -0.98256 -0.00000
vn 0.05259 -0.99862 -0.00000
vn 0.05259 -0.99862 -0.00000
vn 0.05259 -0.99862 -0.00000
vn 0.05259 -0.99862 -0.00000
vn -0.19609 -0.98059 -0.00000
vn 0.05259 -0.99862 -0.00000
vn -0.19609 -0.98059 -0.00000
vn -0.19609 -0.98059 -0.00000
vn -0.19609 -0.98059 -0.00000
vn -0.19609 -0.98059 -0.00000
vn -0.39390 -0.91915 -0.00000
vn -0.19609 -0.98059 -0.00000
vn -0.39390 -0.91915 -0.00000
vn -0.39390 -0.91915 -0.00000
vn -0.39390 -0.91915 -0.00000
vn -0.39390 -0.91915 -0.00000
vn -0.53686 -0.84367 -0.00000
vn 0.98995 -0.14145 -0.00000
vn 0.94868 -0.31625 -0.00000
vn 0.94868 -0.31625 -0.00000
vn 0.94868 -0.31625 -0.00000
vn 0.94868 -0.31625 -0.00000
vn 0.88046 -0.47411 -0.00000
vn 0.94868 -0.31625 -0.00000
vn 0.88046 -0.47411 -0.00000
vn 0.88046 -0.47411 -0.00000
vn 0.88046 -0.47411 -0.00000
vn 0.88046 -0.47411 -0.00000
vn 0.81373 -0.58125 -0.00000
vn 0.88046 -0.47411 -0.00000
vn 0.81373 -0.58125 -0.00000
vn 0.81373 -0.58125 -0.00000
vn 0.81373 -0.58125 -0.00000
vn 0.81373 -0.58125 -0.00000
vn 0.70711 -0.70711 -0.00000
vn 0.81373 -0.58125 -0.00000
vn 0.70711 -0.70711 -0.00000
vn 0.70711 -0.70711 -0.00000
vn 0.70711 -0.70711 -0.00000
vn 0.70711 -0.70711 -0.00000
vn 0.54326 -0.83956 -0.00000
vn 0.70711 -0.70711 -0.00000
vn 0.54326 -0.83956 -0.00000
vn 0.54326 -0.83956 -0.00000
vn 0.54326 -0.83956 -0.00000
vn 0.54326 -0.83956 -0.00000
vn 0.31625 -0.94868 -0.00000
vn 0.54326 -0.83956 -0.00000
vn 0.31625 -0.94868 -0.00000
vn 0.31625 -0.94868 -0.00000
vn 0.31625 -0.94868 -0.00000
vn 0.31625 -0.94868 -0.00000
vn 0.18592 -0.98256 -0.00000
vn 0.31625 -0.94868 -0.00000
vn 0.18592 -0.98256 -0.00000
vn 0.18592 -0.98256 -0.00000
vn 0.18592 -0.98256 -0.00000
vn 0.18592 -0.98256 -0.00000
vn 0.05259 -0.99862 -0.00000
vn 0.18592 -0.98256 -0.00000
vn 0.05259 -0.99862 -0.00000
vn 0.05259 -0.99862 -0.00000
vn 0.05259 -0.99862 -0.00000
vn 0.05259 -0.99862 -0.00000
vn -0.19609 -0.98059 -0.00000
vn 0.05259 -0.99862 -0.00000
vn -0.19609 -0.98059 -0.00000
vn -0.19609 -0.98059 -0.00000
vn -0.19609 -0.98059 -0.00000
vn -0.19609 -0.98059 -0.00000
vn -0.39390 -0.91915 -0.00000
vn 0.98995 -0.14145 -0.00000
vn 0.94868 -0.31625 -0.00000
vn 0.94868 -0.31625 -0.00000
vn 0.94868 -0.31625 -0.00000
vn 0.94868 -0.31625 -0.00000
vn 0.88046 -0.47411 -0.00000
vn 0.94868 -0.31625 -0.00000
vn 0.88046 -0.47411 -0.00000
vn 0.88046 -0.47411 -0.00000
vn 0.88046 -0.47411 -0.00000
vn 0.88046 -0.47411 -0.00000
vn 0.81373 -0.58125 -0.00000
vn 0.88046 -0.47411 -0.00000
vn 0.81373 -0.58125 -0.00000
vn 0.81373 -0.58125 -0.00000
vn 0.81373 -0.58125 -0.00000
vn 0.81373 -0.58125 -0.00000
vn 0.70711 -0.70711 -0.00000
vn 0.81373 -0.58125 -0.00000
vn 0.70711 -0.70711 -0.00000
vn 0.70711 -0.70711 -0.00000
vn 0.70711 -0.70711 -0.00000
vn 0.70711 -0.70711 -0.00000
vn 0.54326 -0.83956 -0.00000
vn 0.70711 -0.70711 -0.00000
vn 0.54326 -0.83956 -0.00000
vn 0.54326 -0.83956 -0.00000
vn 0.54326 -0.83956 -0.00000
vn 0.54326 -0.83956 -0.00000
vn 0.31625 -0.94868 -0.00000
vn 0.54326 -0.83956 -0.00000
vn 0.31625 -0.94868 -0.00000
vn 0.31625 -0.94868 -0.00000
vn 0.31625 -0.94868 -0.00000
vn 0.31625 -0.94868 -0.00000
vn 0.18592 -0.98256 -0.00000
vn 0.98995 -0.14145 -0.00000
vn 0.94868 -0.31625 -0.00000
vn 0.94868 -0.31625 -0.00000
vn 0.94868 -0.31625 -0.00000
vn 0.94868 -0.31625 -0.00000
vn 0.88046 -0.47411 -0.00000
vn 0.94868 -0.31625 -0.00000
vn 0.88046 -0.47411 -0.00000
vn 0.88046 -0.47411 -0.00000
vn 0.88046 -0.47411 -0.00000
vn 0.88046 -0.47411 -0.00000
vn 0.81373 -0.58125 -0.00000
vn 0.88046 -0.47411 -0.00000
vn 0.81373 -0.58125 -0.00000
vn 0.81373 -0.58125 -0.00000
vn 0.81373 -0.58125 -0.00000
vn 0.81373 -0.58125 -0.00000
vn 0.70711 -0.70711 -0.00000
vn 0.81373 -0.58125 -0.00000
vn 0.70711 -0.70711 -0.00000
vn 0.70711 -0.70711 -0.00000
vn 0.70711 -0.70711 -0.00000
vn 0.70711 -0.70711 -0.00000
vn 0.54326 -0.83956 -0.00000
vn 0.70711 -0.70711 -0.00000
vn 0.54326 -0.83956 -0.00000
vn 0.54326 -0.83956 -0.00000
vn 0.54326 -0.83956 -0.00000
vn 0.54326 -0.83956 -0.00000
vn 0.31625 -0.94868 -0.00000
vn 0.98995 -0.14145 -0.00000
vn 0.94868 -0.31625 -0.00000
vn 0.94868 -0.31625 -0.00000
vn 0.94868 -0.31625 -0.00000
vn 0.94868 -0.31625 -0.00000
vn 0.88046 -0.47411 -0.00000
vn 0.94868 -0.31625 -0.00000
vn 0.88046 -0.47411 -0.00000
vn 0.88046 -0.47411 -0.00000
vn 0.88046 -0.47411 -0.00000
vn 0.88046 -0.47411 -0.00000
vn 0.81373 -0.58125 -0.00000
vn 0.88046 -0.47411 -0.00000
vn 0.94868 -0.31625 -0.00000
vn 0.94868 -0.31625 -0.00000
vn 0.94868 -0.31625 -0.00000
vn 0.94868 -0.31625 -0.00000
vn 0.98995 -0.14145 -0.00000
vn 0.98995 -0.14145 -0.00000
vn 0.94868 -0.31625 -0.00000
vn 0.94868 -0.31625 -0.00000
vn 0.94868 -0.31625 -0.00000
vn 0.94868 -0.31625 -0.00000
vn 0.88046 -0.47411 -0.00000
vn 0.94868 -0.31625 -0.00000
vn 0.88046 -0.47411 -0.00000
vn 0.88046 -0.47411 -0.00000
vn 0.88046 -0.47411 -0.00000
vn 0.88046 -0.47411 -0.00000
vn 0.81373 -0.58125 -0.00000
vn 0.88046 -0.47411 -0.00000
vn 0.81373 -0.58125 -0.00000
vn 0.81373 -0.58125 -0.00000
vn 0.81373 -0.58125 -0.00000
vn 0.81373 -0.58125 -0.00000
vn 0.70711 -0.70711 -0.00000
vn 0.81373 -0.58125 -0.00000
vn 0.70711 -0.70711 -0.00000
vn 0.70711 -0.70711 -0.00000
vn 0.70711 -0.70711 -0.00000
vn 0.70711 -0.70711 -0.00000
vn 0.54326 -0.83956 -0.00000
vn 0.70711 -0.70711 -0.00000
vn 0.54326 -0.83956 -0.00000
vn 0.54326 -0.83956 -0.00000
vn 0.54326 -0.83956 -0.00000
vn 0.54326 -0.83956 -0.00000
vn 0.31625 -0.94868 -0.00000
vn 0.54326 -0.83956 -0.00000
vn 0.31625 -0.94868 -0.00000
vn 0.31625 -0.94868 -0.00000
vn 0.31625 -0.94868 -0.00000
vn 0.31625 -0.94868 -0.00000
vn 0.18592 -0.98256 -0.00000
vn 0.31625 -0.94868 -0.00000
vn 0.18592 -0.98256 -0.00000
vn 0.18592 -0.98256 -0.00000
vn 0.18592 -0.98256 -0.00000
vn 0.18592 -0.98256 -0.00000
vn 0.05259 -0.99862 -0.00000
vn 0.18592 -0.98256 -0.00000
vn 0.05259 -0.99862 -0.00000
vn 0.05259 -0.99862 -0.00000
vn 0.05259 -0.99862 -0.00000
vn 0.05259 -0.99862 -0.00000
vn -0.19609 -0.98059 -0.00000
vn 0.05259 -0.99862 -0.00000
vn -0.19609 -0.98059 -0.00000
vn -0.19609 -0.98059 -0.00000
vn -0.19609 -0.98059 -0.00000
vn -0.19609 -0.98059 -0.00000
vn -0.39390 -0.91915 -0.00000
vn -0.19609 -0.98059 -0.00000
vn -0.39390 -0.91915 -0.00000
vn -0.39390 -0.91915 -0.00000
vn -0.39390 -0.91915 -0.00000
vn -0.39390 -0.91915 -0.00000
vn -0.53686 -0.84367 -0.00000
vn -0.39390 -0.91915 -0.00000
vn -0.53686 -0.84367 -0.00000
vn -0.53686 -0.84367 -0.00000
vn 0.98995 -0.14145 -0.00000
vn 0.94868 -0.31625 -0.00000
vn 0.94868 -0.31625 -0.00000
vn 0.94868 -0.31625 -0.00000
vn 0.94868 -0.31625 -0.00000
vn 0.88046 -0.47411 -0.00000
vn 0.94868 -0.31625 -0.00000
vn 0.88046 -0.47411 -0.00000
vn 0.88046 -0.47411 -0.00000
vn 0.88046 -0.47411 -0.00000
vn 0.88046 -0.47411 -0.00000
vn 0.81373 -0.58125 -0.00000
vn 0.88046 -0.47411 -0.00000
vn 0.81373 -0.58125 -0.00000
vn 0.81373 -0.58125 -0.00000
vn 0.81373 -0.58125 -0.00000
vn 0.81373 -0.58125 -0.00000
vn 0.70711 -0.70711 -0.00000
vn 0.81373 -0.58125 -0.00000
vn 0.70711 -0.70711 -0.00000
vn 0.70711 -0.70711 -0.00000
vn 0.70711 -0.70711 -0.00000
vn 0.70711 -0.70711 -0.00000
vn 0.54326 -0.83956 -0.00000
vn 0.70711 -0.70711 -0.00000
vn 0.54326 -0.83956 -0.00000
vn 0.54326 -0.83956 -0.00000
vn 0.54326 -0.83956 -0.00000
vn 0.54326 -0.83956 -0.00000
vn 0.31625 -0.94868 -0.00000
vn 0.54326 -0.83956 -0.00000
vn 0.31625 -0.94868 -0.00000
vn 0.31625 -0.94868 -0.00000
vn 0.31625 -0.94868 -0.00000
vn 0.31625 -0.94868 -0.00000
vn 0.18592 -0.98256 -0.00000
vn 0.31625 -0.94868 -0.00000
vn 0.18592 -0.98256 -0.00000
vn 0.18592 -0.98256 -0.00000
vn 0.18592 -0.98256 -0.00000
vn 0.18592 -0.98256 -0.00000
vn 0.05259 -0.99862 -0.00000
vn 0.18592 -0.98256 -0.00000
vn 0.05259 -0.99862 -0.00000
vn 0.05259 -0.99862 -0.00000
vn 0.05259 -0.99862 -0.00000
vn 0.05259 -0.99862 -0.00000
vn -0.19609 -0.98059 -0.00000
vn 0.98995 -0.14145 -0.00000
vn 0.94868 -0.31625 -0.00000
vn 0.94868 -0.31625 -0.00000
vn 0.94868 -0.31625 -0.00000
vn 0.94868 -0.31625 -0.00000
vn 0.88046 -0.47411 -0.00000
vn 0.94868 -0.31625 -0.00000
vn 0.88046 -0.47411 -0.00000
vn 0.88046 -0.47411 -0.00000
vn 0.88046 -0.47411 -0.00000
vn 0.88046 -0.47411 -0.00000
vn 0.81373 -0.58125 -0.00000
vn 0.88046 -0.47411 -0.00000
vn 0.81373 -0.58125 -0.00000
vn 0.81373 -0.58125 -0.00000
vn 0.81373 -0.58125 -0.00000
vn 0.81373 -0.58125 -0.00000
vn 0.70711 -0.70711 -0.00000
vn 0.81373 -0.58125 -0.00000
vn 0.70711 -0.70711 -0.00000
vn 0.70711 -0.70711 -0.00000
vn 0.70711 -0.70711 -0.00000
vn 0.70711 -0.70711 -0.00000
vn 0.54326 -0.83956 -0.00000
vn 0.70711 -0.70711 -0.00000
vn 0.54326 -0.83956 -0.00000
vn 0.54326 -0.83956 -0.00000
vn 0.54326 -0.83956 -0.00000
vn 0.54326 -0.83956 -0.00000
vn 0.31625 -0.94868 -0.00000
vn 0.54326 -0.83956 -0.00000
vn 0.31625 -0.94868 -0.00000
vn 0.31625 -0.94868 -0.00000
vn 0.31625 -0.94868 -0.00000
vn 0.31625 -0.94868 -0.00000
vn 0.18592 -0.98256 -0.00000
vn 0.31625 -0.94868 -0.00000
vn 0.18592 -0.98256 -0.00000
vn 0.18592 -0.98256 -0.00000
vn 0.18592 -0.98256 -0.00000
vn 0.18592 -0.98256 -0.00000
vn 0.05259 -0.99862 -0.00000
vn 0.98995 -0.14145 -0.00000
vn 0.94868 -0.31625 -0.00000
vn 0.94868 -0.31625 -0.00000
vn 0.94868 -0.31625 -0.00000
vn 0.94868 -0.31625 -0.00000
vn 0.88046 -0.47411 -0.00000
vn 0.94868 -0.31625 -0.00000
vn 0.88046 -0.47411 -0.00000
vn 0.88046 -0.47411 -0.00000
vn 0.88046 -0.47411 -0.00000
vn 0.88046 -0.47411 -0.00000
vn 0.81373 -0.58125 -0.00000
vn 0.88046 -0.47411 -0.00000
vn 0.81373 -0.58125 -0.00000
vn 0.81373 -0.58125 -0.00000
vn 0.81373 -0.58125 -0.00000
vn 0.81373 -0.58125 -0.00000
vn 0.70711 -0.70711 -0.00000
vn 0.81373 -0.58125 -0.00000
vn 0.70711 -0.70711 -0.00000
vn 0.70711 -0.70711 -0.00000
vn 0.70711 -0.70711 -0.00000
vn 0.70711 -0.70711 -0.00000
vn 0.54326 -0.83956 -0.00000
vn 0.98995 -0.14145 -0.00000
vn 0.94868 -0.31625 -0.00000
vn 0.94868 -0.31625 -0.00000
vn 0.94868 -0.31625 -0.00000
vn 0.94868 -0.31625 -0.00000
vn 0.88046 -0.47411 -0.00000
vn 0.94868 -0.31625 -0.00000
vn 0.88046 -0.47411 -0.00000
vn 0.88046 -0.47411 -0.00000
vn 0.88046 -0.47411 -0.00000
vn 0.88046 -0.47411 -0.00000
vn 0.81373 -0.58125 -0.00000
vn 0.88046 -0.47411 -0.00000
vn 0.81373 -0.58125 -0.00000
vn 0.81373 -0.58125 -0.00000
vn 0.81373 -0.58125 -0.00000
vn 0.81373 -0.58125 -0.00000
vn 0.70711 -0.70711 -0.00000
vn 0.98995 -0.14145 -0.00000
vn 0.94868 -0.31625 -0.00000
vn 0.94868 -0.31625 -0.00000
vn 0.94868 -0.31625 -0.00000
vn 0.94868 -0.31625 -0.00000
vn 0.88046 -0.47411 -0.00000
vn 0.94868 -0.31625 -0.00000
vn 0.88046 -0.47411 -0.00000
vn 0.88046 -0.47411 -0.00000
vn 0.88046 -0.47411 -0.00000
vn 0.88046 -0.47411 -0.00000
vn 0.81373 -0.58125 -0.00000
vn 0.88046 -0.47411 -0.00000
vn 0.81373 -0.58125 -0.00000
vn 0.81373 -0.58125 -0.00000
vn 0.81373 -0.58125 -0.00000
vn 0.81373 -0.58125 -0.00000
vn 0.70711 -0.70711 -0.00000
vn 0.81373 -0.58125 -0.00000
vn 0.70711 -0.70711 -0.00000
vn 0.70711 -0.70711 -0.00000
vn 0.70711 -0.70711 -0.00000
vn 0.70711 -0.70711 -0.00000
vn 0.54326 -0.83956 -0.00000
vn 0.70711 -0.70711 -0.00000
vn 0.54326 -0.83956 -0.00000
vn 0.54326 -0.83956 -0.00000
vn 0.54326 -0.83956 -0.00000
vn 0.54326 -0.83956 -0.00000
vn 0.31625 -0.94868 -0.00000
vn 0.54326 -0.83956 -0.00000
vn 0.31625 -0.94868 -0.00000
vn 0.31625 -0.94868 -0.00000
vn 0.31625 -0.94868 -0.00000
vn 0.31625 -0.94868 -0.00000
vn 0.18592 -0.98256 -0.00000
vn 0.31625 -0.94868 -0.00000
vn 0.18592 -0.98256 -0.00000
vn 0.18592 -0.98256 -0.00000
vn 0.18592 -0.98256 -0.00000
vn 0.18592 -0.98256 -0.00000
vn 0.05259 -0.99862 -0.00000
vn 0.18592 -0.98256 -0.00000
vn 0.05259 -0.99862 -0.00000
vn 0.05259 -0.99862 -0.00000
vn 0.05259 -0.99862 -0.00000
vn 0.05259 -0.99862 -0.00000
vn -0.19609 -0.98059 -0.00000
vn 0.05259 -0.99862 -0.00000
vn -0.19609 -0.98059 -0.00000
vn -0.19609 -0.98059 -0.00000
vn -0.19609 -0.98059 -0.00000
vn -0.19609 -0.98059 -0.00000
vn -0.39390 -0.91915 -0.00000
vn -0.19609 -0.98059 -0.00000
vn -0.39390 -0.91915 -0.00000
vn -0.39390 -0.91915 -0.00000
vn -0.39390 -0.91915 -0.00000
vn -0.39390 -0.91915 -0.00000
vn -0.53686 -0.84367 -0.00000
vn 0.98995 -0.14145 -0.00000
vn 0.94868 -0.31625 -0.00000
vn 0.94868 -0.31625 -0.00000
vn 0.94868 -0.31625 -0.00000
vn 0.94868 -0.31625 -0.00000
vn 0.88046 -0.47411 -0.00000
vn 0.94868 -0.31625 -0.00000
vn 0.88046 -0.47411 -0.00000
vn 0.88046 -0.47411 -0.00000
vn 0.88046 -0.47411 -0.00000
vn 0.88046 -0.47411 -0.00000
vn 0.81373 -0.58125 -0.00000
vn 0.88046 -0.47411 -0.00000
vn 0.81373 -0.58125 -0.00000
vn 0.81373 -0.58125 -0.00000
vn 0.81373 -0.58125 -0.00000
vn 0.81373 -0.58125 -0.00000
vn 0.70711 -0.70711 -0.00000
vn 0.81373 -0.58125 -0.00000
vn 0.70711 -0.70711 -0.00000
vn 0.70711 -0.70711 -0.00000
vn 0.70711 -0.70711 -0.00000
vn 0.70711 -0.70711 -0.00000
vn 0.54326 -0.83956 -0.00000
vn 0.70711 -0.70711 -0.00000
vn 0.54326 -0.83956 -0.00000
vn 0.54326 -0.83956 -0.00000
vn 0.54326 -0.83956 -0.00000
vn 0.54326 -0.83956 -0.00000
vn 0.31625 -0.94868 -0.00000
vn 0.54326 -0.83956 -0.00000
vn 0.31625 -0.94868 -0.00000
vn 0.31625 -0.94868 -0.00000
vn 0.31625 -0.94868 -0.00000
vn 0.31625 -0.94868 -0.00000
vn 0.18592 -0.98256 -0.00000
vn 0.31625 -0.94868 -0.00000
vn 0.18592 -0.98256 -0.00000
vn 0.18592 -0.98256 -0.00000
vn 0.18592 -0.98256 -0.00000
vn 0.18592 -0.98256 -0.00000
vn 0.05259 -0.99862 -0.00000
vn 0.18592 -0.98256 -0.00000
vn 0.05259 -0.99862 -0.00000
vn 0.05259 -0.99862 -0.00000
vn 0.05259 -0.99862 -0.00000
vn 0.05259 -0.99862 -0.00000
vn -0.19609 -0.98059 -0.00000
vn 0.05259 -0.99862 -0.00000
vn -0.19609 -0.98059 -0.00000
vn -0.19609 -0.98059 -0.00000
vn -0.19609 -0.98059 -0.00000
vn -0.19609 -0.98059 -0.00000
vn -0.39390 -0.91915 -0.00000
vn 0.98995 -0.14145 -0.00000
vn 0.94868 -0.31625 -0.00000
vn 0.94868 -0.31625 -0.00000
vn 0.94868 -0.31625 -0.00000
vn 0.94868 -0.31625 -0.00000
vn 0.88046 -0.47411 -0.00000
vn 0.94868 -0.31625 -0.00000
vn 0.88046 -0.47411 -0.00000
vn 0.88046 -0.47411 -0.00000
vn 0.88046 -0.47411 -0.00000
vn 0.88046 -0.47411 -0.00000
vn 0.81373 -0.58125 -0.00000
vn 0.88046 -0.47411 -0.00000
vn 0.81373 -0.58125 -0.00000
vn 0.81373 -0.58125 -0.00000
vn 0.81373 -0.58125 -0.00000
vn 0.81373 -0.58125 -0.00000
vn 0.70711 -0.70711 -0.00000
vn 0.98995 -0.14145 -0.00000
vn 0.94868 -0.31625 -0.00000
vn 0.94868 -0.31625 -0.00000
vn 0.94868 -0.31625 -0.00000
vn 0.94868 -0.31625 -0.00000
vn 0.88046 -0.47411 -0.00000
vn 0.94868 -0.31625 -0.00000
vn 0.88046 -0.47411 -0.00000
vn 0.88046 -0.47411 -0.00000
vn 0.88046 -0.47411 -0.00000
vn 0.88046 -0.47411 -0.00000
vn 0.81373 -0.58125 -0.00000
vn 0.98995 -0.14145 -0.00000
vn 0.94868 -0.31625 -0.00000
vn 0.94868 -0.31625 -0.00000
vn 0.94868 -0.31625 -0.00000
vn 0.94868 -0.31625 -0.00000
vn 0.88046 -0.47411 -0.00000
vn 0.94868 -0.31625 -0.00000
vn 0.88046 -0.47411 -0.00000
vn 0.88046 -0.47411 -0.00000
vn 0.88046 -0.47411 -0.00000
vn 0.88046 -0.47411 -0.00000
vn 0.81373 -0.58125 -0.00000
vn 0.88046 -0.47411 -0.00000
vn 0.81373 -0.58125 -0.00000
vn 0.81373 -0.58125 -0.00000
vn 0.81373 -0.58125 -0.00000
vn 0.81373 -0.58125 -0.00000
vn 0.70711 -0.70711 -0.00000
vn 0.81373 -0.58125 -0.00000
vn 0.70711 -0.70711 -0.00000
vn 0.70711 -0.70711 -0.00000
vn 0.70711 -0.70711 -0.00000
vn 0.70711 -0.70711 -0.00000
vn 0.54326 -0.83956 -0.00000
vn 0.70711 -0.70711 -0.00000
vn 0.54326 -0.83956 -0.00000
vn 0.54326 -0.83956 -0.00000
vn 0.54326 -0.83956 -0.00000
vn 0.54326 -0.83956 -0.00000
vn 0.31625 -0.94868 -0.00000
vn 0.54326 -0.83956 -0.00000
vn 0.31625 -0.94868 -0.00000
vn 0.31625 -0.94868 -0.00000
vn 0.31625 -0.94868 -0.00000
vn 0.31625 -0.94868 -0.00000
vn 0.18592 -0.98256 -0.00000
vn 0.31625 -0.94868 -0.00000
vn 0.18592 -0.98256 -0.00000
vn 0.18592 -0.98256 -0.00000
vn 0.18592 -0.98256 -0.00000
vn 0.18592 -0.98256 -0.00000
vn 0.05259 -0.99862 -0.00000
vn 0.18592 -0.98256 -0.00000
vn 0.05259 -0.99862 -0.00000
vn 0.05259 -0.99862 -0.00000
vn 0.05259 -0.99862 -0.00000
vn 0.05259 -0.99862 -0.00000
vn -0.19609 -0.98059 -0.00000
vn 0.05259 -0.99862 -0.00000
vn -0.19609 -0.98059 -0.00000
vn -0.19609 -0.98059 -0.00000
vn -0.19609 -0.98059 -0.00000
vn -0.19609 -0.98059 -0.00000
vn -0.39390 -0.91915 -0.00000
vn 0.98995 -0.14145 -0.00000
vn 0.94868 -0.31625 -0.00000
vn 0.94868 -0.31625 -0.00000
vn 0.94868 -0.31625 -0.00000
vn 0.94868 -0.31625 -0.00000
vn 0.88046 -0.47411 -0.00000
vn 0.94868 -0.31625 -0.00000
vn 0.88046 -0.47411 -0.00000
vn 0.88046 -0.47411 -0.00000
vn 0.88046 -0.47411 -0.00000
vn 0.88046 -0.47411 -0.00000
vn 0.81373 -0.58125 -0.00000
vn 0.88046 -0.47411 -0.00000
vn 0.81373 -0.58125 -0.00000
vn 0.81373 -0.58125 -0.00000
vn 0.81373 -0.58125 -0.00000
vn 0.81373 -0.58125 -0.00000
vn 0.70711 -0.70711 -0.00000
vn 0.81373 -0.58125 -0.00000
vn 0.70711 -0.70711 -0.00000
vn 0.70711 -0.70711 -0.00000
vn 0.70711 -0.70711 -0.00000
vn 0.70711 -0.70711 -0.00000
vn 0.54326 -0.83956 -0.00000
vn 0.70711 -0.70711 -0.00000
vn 0.54326 -0.83956 -0.00000
vn 0.54326 -0.83956 -0.00000
vn 0.54326 -0.83956 -0.00000
vn 0.54326 -0.83956 -0.00000
vn 0.31625 -0.94868 -0.00000
vn 0.54326 -0.83956 -0.00000
vn 0.31625 -0.94868 -0.00000
vn 0.31625 -0.94868 -0.00000
vn 0.31625 -0.94868 -0.00000
vn 0.31625 -0.94868 -0.00000
vn 0.18592 -0.98256 -0.00000
vn 0.31625 -0.94868 -0.00000
vn 0.18592 -0.98256 -0.00000
vn 0.18592 -0.98256 -0.00000
vn 0.18592 -0.98256 -0.00000
vn 0.18592 -0.98256 -0.00000
vn 0.05259 -0.99862 -0.00000
vn 0.18592 -0.98256 -0.00000
vn 0.05259 -0.99862 -0.00000
vn 0.05259 -0.99862 -0.00000
vn 0.05259 -0.99862 -0.00000
vn 0.05259 -0.99862 -0.00000
vn -0.19609 -0.98059 -0.00000
vn 0.98995 -0.14145 -0.00000
vn 0.94868 -0.31625 -0.00000
vn 0.94868 -0.31625 -0.00000
vn 0.94868 -0.31625 -0.00000
vn 0.94868 -0.31625 -0.00000
vn 0.88046 -0.47411 -0.00000
vn 0.94868 -0.31625 -0.00000
vn 0.88046 -0.47411 -0.00000
vn 0.88046 -0.47411 -0.00000
vn 0.88046 -0.47411 -0.00000
vn 0.88046 -0.47411 -0.00000
vn 0.81373 -0.58125 -0.00000
vn 0.88046 -0.47411 -0.00000
vn 0.81373 -0.58125 -0.00000
vn 0.81373 -0.58125 -0.00000
vn 0.81373 -0.58125 -0.00000
vn 0.81373 -0.58125 -0.00000
vn 0.70711 -0.70711 -0.00000
vn 0.81373 -0.58125 -0.00000
vn 0.70711 -0.70711 -0.00000
vn 0.70711 -0.70711 -0.00000
vn 0.70711 -0.70711 -0.00000
vn 0.70711 -0.70711 -0.00000
vn 0.54326 -0.83956 -0.00000
vn 0.70711 -0.70711 -0.00000
vn 0.54326 -0.83956 -0.00000
vn 0.54326 -0.83956 -0.00000
vn 0.54326 -0.83956 -0.00000
vn 0.54326 -0.83956 -0.00000
vn 0.31625 -0.94868 -0.00000
vn 0.98995 -0.14145 -0.00000
vn 0.94868 -0.31625 -0.00000
vn 0.94868 -0.31625 -0.00000
vn 0.94868 -0.31625 -0.00000
vn 0.94868 -0.31625 -0.00000
vn 0.88046 -0.47411 -0.00000
vn 0.94868 -0.31625 -0.00000
vn 0.88046 -0.47411 -0.00000
vn 0.88046 -0.47411 -0.00000
vn 0.88046 -0.47411 -0.00000
vn 0.88046 -0.47411 -0.00000
vn 0.81373 -0.58125 -0.00000
vn 0.88046 -0.47411 -0.00000
vn 0.81373 -0.58125 -0.00000
vn 0.81373 -0.58125 -0.00000
vn 0.81373 -0.58125 -0.00000
vn 0.81373 -0.58125 -0.00000
vn 0.70711 -0.70711 -0.00000
vn 0.81373 -0.58125 -0.00000
vn 0.70711 -0.70711 -0.00000
vn 0.70711 -0.70711 -0.00000
vn 0.70711 -0.70711 -0.00000
vn 0.70711 -0.70711 -0.00000
vn 0.54326 -0.83956 -0.00000
vn 0.88046 -0.47411 -0.00000
vn 0.94868 -0.31625 -0.00000
vn 0.94868 -0.31625 -0.00000
vn 0.94868 -0.31625 -0.00000
vn 0.94868 -0.31625 -0.00000
vn 0.98995 -0.14145 -0.00000
vn 0.94868 -0.31625 -0.00000
vn 0.98995 -0.14145 -0.00000
vn 0.94868 -0.31625 -0.00000
vn 0.94868 -0.31625 -0.00000
vn 0.98995 -0.14145 -0.00000
vn 0.94868 -0.31625 -0.00000
vn 0.94868 -0.31625 -0.00000
vn 0.94868 -0.31625 -0.00000
vn 0.88046 -0.47411 -0.00000
vn 0.98995 -0.14145 -0.00000
vn 0.94868 -0.31625 -0.00000
vn 0.94868 -0.31625 -0.00000
vn 0.94868 -0.31625 -0.00000
vn 0.94868 -0.31625 -0.00000
vn 0.88046 -0.47411 -0.00000
vn 0.94868 -0.31625 -0.00000
vn 0.88046 -0.47411 -0.00000
vn 0.88046 -0.47411 -0.00000
vn 0.88046 -0.47411 -0.00000
vn 0.88046 -0.47411 -0.00000
vn 0.81373 -0.58125 -0.00000
vn 0.88046 -0.47411 -0.00000
vn 0.81373 -0.58125 -0.00000
vn 0.81373 -0.58125 -0.00000
vn 0.81373 -0.58125 -0.00000
vn 0.81373 -0.58125 -0.00000
vn 0.70711 -0.70711 -0.00000
vn 0.81373 -0.58125 -0.00000
vn 0.70711 -0.70711 -0.00000
vn 0.70711 -0.70711 -0.00000
vn 0.70711 -0.70711 -0.00000
vn 0.70711 -0.70711 -0.00000
vn 0.54326 -0.83956 -0.00000
vn 0.70711 -0.70711 -0.00000
vn 0.54326 -0.83956 -0.00000
vn 0.54326 -0.83956 -0.00000
vn 0.54326 -0.83956 -0.00000
vn 0.54326 -0.83956 -0.00000
vn 0.31625 -0.94868 -0.00000
vn 0.54326 -0.83956 -0.00000
vn 0.31625 -0.94868 -0.00000
vn 0.31625 -0.94868 -0.00000
vn 0.31625 -0.94868 -0.00000
vn 0.31625 -0.94868 -0.00000
vn 0.18592 -0.98256 -0.00000
vn 0.31625 -0.94868 -0.00000
vn 0.18592 -0.98256 -0.00000
vn 0.18592 -0.98256 -0.00000
vn 0.18592 -0.98256 -0.00000
vn 0.18592 -0.98256 -0.00000
vn 0.05259 -0.99862 -0.00000
vn 0.98995 -0.14145 -0.00000
vn 0.94868 -0.31625 -0.00000
vn 0.94868 -0.31625 -0.00000
vn 0.94868 -0.31625 -0.00000
vn 0.94868 -0.31625 -0.00000
vn 0.88046 -0.47411 -0.00000
vn 0.94868 -0.31625 -0.00000
vn 0.88046 -0.47411 -0.00000
vn 0.88046 -0.47411 -0.00000
vn 0.88046 -0.47411 -0.00000
vn 0.88046 -0.47411 -0.00000
vn 0.81373 -0.58125 -0.00000
vn 0.88046 -0.47411 -0.00000
vn 0.81373 -0.58125 -0.00000
vn 0.81373 -0.58125 -0.00000
vn 0.81373 -0.58125 -0.00000
vn 0.81373 -0.58125 -0.00000
vn 0.70711 -0.70711 -0.00000
vn 0.81373 -0.58125 -0.00000
vn 0.70711 -0.70711 -0.00000
vn 0.70711 -0.70711 -0.00000
vn 0.70711 -0.70711 -0.00000
vn 0.70711 -0.70711 -0.00000
vn 0.54326 -0.83956 -0.00000
vn 0.70711 -0.70711 -0.00000
vn 0.54326 -0.83956 -0.00000
vn 0.54326 -0.83956 -0.00000
vn 0.54326 -0.83956 -0.00000
vn 0.54326 -0.83956 -0.00000
vn 0.31625 -0.94868 -0.00000
vn 0.54326 -0.83956 -0.00000
vn 0.31625 -0.94868 -0.00000
vn 0.31625 -0.94868 -0.00000
vn 0.31625 -0.94868 -0.00000
vn 0.31625 -0.94868 -0.00000
vn 0.18592 -0.98256 -0.00000
vn 0.98995 -0.14145 -0.00000
vn 0.94868 -0.31625 -0.00000
vn 0.94868 -0.31625 -0.00000
vn 0.94868 -0.31625 -0.00000
vn 0.94868 -0.31625 -0.00000
vn 0.88046 -0.47411 -0.00000
vn 0.94868 -0.31625 -0.00000
vn 0.88046 -0.47411 -0.00000
vn 0.88046 -0.47411 -0.00000
vn 0.88046 -0.47411 -0.00000
vn 0.88046 -0.47411 -0.00000
vn 0.81373 -0.58125 -0.00000
vn 0.88046 -0.47411 -0.00000
vn 0.81373 -0.58125 -0.00000
vn 0.81373 -0.58125 -0.00000
vn 0.81373 -0.58125 -0.00000
vn 0.81373 -0.58125 -0.00000
vn 0.70711 -0.70711 -0.00000
vn 0.98995 -0.14145 -0.00000
vn 0.94868 -0.31625 -0.00000
vn 0.94868 -0.31625 -0.00000
vn 0.94868 -0.31625 -0.00000
vn 0.94868 -0.31625 -0.00000
vn 0.88046 -0.47411 -0.00000
vn 0.94868 -0.31625 -0.00000
vn 0.88046 -0.47411 -0.00000
vn 0.88046 -0.47411 -0.00000
vn 0.88046 -0.47411 -0.00000
vn 0.88046 -0.47411 -0.00000
vn 0.81373 -0.58125 -0.00000
vn -0.39390 -0.91915 -0.00000
vn -0.53686 -0.84367 -0.00000
vn -0.53686 -0.84367 -0.00000
vn -0.53686 -0.84367 -0.00000
vn -0.53686 -0.84367 -0.00000
vn -0.70711 -0.70711 -0.00000
vn -0.53686 -0.84367 -0.00000
vn -0.70711 -0.70711 -0.00000
vn -0.53686 -0.84367 -0.00000
vn -0.53686 -0.84367 -0.00000
vn -0.70711 -0.70711 -0.00000
vn -0.53686 -0.84367 -0.00000
vn -0.53686 -0.84367 -0.00000
vn -0.53686 -0.84367 -0.00000
vn -0.39390 -0.91915 -0.00000
vn -0.39390 -0.91915 -0.00000
vn -0.53686 -0.84367 -0.00000
vn -0.39390 -0.91915 -0.00000
vn -0.39390 -0.91915 -0.00000
vn -0.39390 -0.91915 -0.00000
vn -0.19609 -0.98059 -0.00000
vn -0.19609 -0.98059 -0.00000
vn -0.39390 -0.91915 -0.00000
vn -0.19609 -0.98059 -0.00000
vn -0.19609 -0.98059 -0.00000
vn -0.19609 -0.98059 -0.00000
vn 0.05259 -0.99862 -0.00000
vn 0.05259 -0.99862 -0.00000
vn -0.19609 -0.98059 -0.00000
vn 0.05259 -0.99862 -0.00000
vn 0.05259 -0.99862 -0.00000
vn 0.05259 -0.99862 -0.00000
vn 0.18592 -0.98256 -0.00000
vn 0.18592 -0.98256 -0.00000
vn 0.05259 -0.99862 -0.00000
vn 0.18592 -0.98256 -0.00000
vn 0.18592 -0.98256 -0.00000
vn 0.18592 -0.98256 -0.00000
vn 0.31625 -0.94868 -0.00000
vn 0.31625 -0.94868 -0.00000
vn 0.18592 -0.98256 -0.00000
vn 0.31625 -0.94868 -0.00000
vn 0.31625 -0.94868 -0.00000
vn 0.31625 -0.94868 -0.00000
vn 0.54326 -0.83956 -0.00000
vn 0.54326 -0.83956 -0.00000
vn 0.31625 -0.94868 -0.00000
vn 0.54326 -0.83956 -0.00000
vn 0.54326 -0.83956 -0.00000
vn 0.54326 -0.83956 -0.00000
vn 0.70711 -0.70711 -0.00000
vn 0.70711 -0.70711 -0.00000
vn 0.54326 -0.83956 -0.00000
vn 0.70711 -0.70711 -0.00000
vn 0.70711 -0.70711 -0.00000
vn 0.70711 -0.70711 -0.00000
vn 0.81373 -0.58125 -0.00000
vn 0.81373 -0.58125 -0.00000
vn 0.70711 -0.70711 -0.00000
vn 0.81373 -0.58125 -0.00000
vn 0.81373 -0.58125 -0.00000
vn 0.81373 -0.58125 -0.00000
vn 0.88046 -0.47411 -0.00000
vn -0.53686 -0.84367 -0.00000
vn -0.70711 -0.70711 -0.00000
vn -0.53686 -0.84367 -0.00000
vn -0.53686 -0.84367 -0.00000
vn -0.70711 -0.70711 -0.00000
vn -0.53686 -0.84367 -0.00000
vn -0.53686 -0.84367 -0.00000
vn -0.53686 -0.84367 -0.00000
vn -0.39390 -0.91915 -0.00000
vn -0.39390 -0.91915 -0.00000
vn -0.53686 -0.84367 -0.00000
vn -0.39390 -0.91915 -0.00000
vn -0.39390 -0.91915 -0.00000
vn -0.39390 -0.91915 -0.00000
vn -0.19609 -0.98059 -0.00000
vn -0.19609 -0.98059 -0.00000
vn -0.39390 -0.91915 -0.00000
vn -0.19609 -0.98059 -0.00000
vn -0.19609 -0.98059 -0.00000
vn -0.19609 -0.98059 -0.00000
vn 0.05259 -0.99862 -0.00000
vn 0.05259 -0.99862 -0.00000
vn -0.19609 -0.98059 -0.00000
vn 0.05259 -0.99862 -0.00000
vn 0.05259 -0.99862 -0.00000
vn 0.05259 -0.99862 -0.00000
vn 0.18592 -0.98256 -0.00000
vn 0.18592 -0.98256 -0.00000
vn 0.05259 -0.99862 -0.00000
vn 0.18592 -0.98256 -0.00000
vn 0.18592 -0.98256 -0.00000
vn 0.18592 -0.98256 -0.00000
vn 0.31625 -0.94868 -0.00000
vn 0.31625 -0.94868 -0.00000
vn 0.18592 -0.98256 -0.00000
vn 0.31625 -0.94868 -0.00000
vn 0.31625 -0.94868 -0.00000
vn 0.31625 -0.94868 -0.00000
vn 0.54326 -0.83956 -0.00000
vn 0.54326 -0.83956 -0.00000
vn 0.31625 -0.94868 -0.00000
vn 0.54326 -0.83956 -0.00000
vn 0.54326 -0.83956 -0.00000
vn 0.54326 -0.83956 -0.00000
vn 0.70711 -0.70711 -0.00000
vn -0.53686 -0.84367 -0.00000
vn -0.70711 -0.70711 -0.00000
vn -0.53686 -0.84367 -0.00000
vn -0.53686 -0.84367 -0.00000
vn -0.70711 -0.70711 -0.00000
vn -0.53686 -0.84367 -0.00000
vn -0.53686 -0.84367 -0.00000
vn -0.53686 -0.84367 -0.00000
vn -0.39390 -0.91915 -0.00000
vn -0.39390 -0.91915 -0.00000
vn -0.53686 -0.84367 -0.00000
vn -0.39390 -0.91915 -0.00000
vn -0.39390 -0.91915 -0.00000
vn -0.39390 -0.91915 -0.00000
vn -0.19609 -0.98059 -0.00000
vn -0.19609 -0.98059 -0.00000
vn -0.39390 -0.91915 -0.00000
vn -0.19609 -0.98059 -0.00000
vn -0.19609 -0.98059 -0.00000
vn -0.19609 -0.98059 -0.00000
vn 0.05259 -0.99862 -0.00000
vn -0.53686 -0.84367 -0.00000
vn -0.70711 -0.70711 -0.00000
vn -0.53686 -0.84367 -0.00000
vn -0.53686 -0.84367 -0.00000
vn -0.70711 -0.70711 -0.00000
vn -0.53686 -0.84367 -0.00000
vn -0.53686 -0.84367 -0.00000
vn -0.53686 -0.84367 -0.00000
vn -0.39390 -0.91915 -0.00000
vn -0.39390 -0.91915 -0.00000
vn -0.53686 -0.84367 -0.00000
vn -0.39390 -0.91915 -0.00000
vn -0.39390 -0.91915 -0.00000
vn -0.39390 -0.91915 -0.00000
vn -0.19609 -0.98059 -0.00000
vn -0.19609 -0.98059 -0.00000
vn -0.39390 -0.91915 -0.00000
vn -0.19609 -0.98059 -0.00000
vn -0.19609 -0.98059 -0.00000
vn -0.19609 -0.98059 -0.00000
vn 0.05259 -0.99862 -0.00000
vn 0.05259 -0.99862 -0.00000
vn -0.19609 -0.98059 -0.00000
vn 0.05259 -0.99862 -0.00000
vn 0.05259 -0.99862 -0.00000
vn 0.05259 -0.99862 -0.00000
vn 0.18592 -0.98256 -0.00000
vn 0.18592 -0.98256 -0.00000
vn 0.05259 -0.99862 -0.00000
vn 0.18592 -0.98256 -0.00000
vn 0.18592 -0.98256 -0.00000
vn 0.18592 -0.98256 -0.00000
vn 0.31625 -0.94868 -0.00000
vn 0.31625 -0.94868 -0.00000
vn 0.18592 -0.98256 -0.00000
vn 0.31625 -0.94868 -0.00000
vn 0.31625 -0.94868 -0.00000
vn 0.31625 -0.94868 -0.00000
vn 0.54326 -0.83956 -0.00000
vn 0.54326 -0.83956 -0.00000
vn 0.31625 -0.94868 -0.00000
vn 0.54326 -0.83956 -0.00000
vn 0.54326 -0.83956 -0.00000
vn 0.54326 -0.83956 -0.00000
vn 0.70711 -0.70711 -0.00000
vn 0.70711 -0.70711 -0.00000
vn 0.54326 -0.83956 -0.00000
vn 0.70711 -0.70711 -0.00000
vn 0.70711 -0.70711 -0.00000
vn 0.70711 -0.70711 -0.00000
vn 0.81373 -0.58125 -0.00000
vn 0.81373 -0.58125 -0.00000
vn 0.70711 -0.70711 -0.00000
vn 0.81373 -0.58125 -0.00000
vn 0.81373 -0.58125 -0.00000
vn 0.81373 -0.58125 -0.00000
vn 0.88046 -0.47411 -0.00000
vn -0.53686 -0.84367 -0.00000
vn -0.70711 -0.70711 -0.00000
vn -0.53686 -0.84367 -0.00000
vn -0.53686 -0.84367 -0.00000
vn -0.70711 -0.70711 -0.00000
vn -0.53686 -0.84367 -0.00000
vn -0.53686 -0.84367 -0.00000
vn -0.53686 -0.84367 -0.00000
vn -0.39390 -0.91915 -0.00000
vn -0.39390 -0.91915 -0.00000
vn -0.53686 -0.84367 -0.00000
vn -0.39390 -0.91915 -0.00000
vn -0.39390 -0.91915 -0.00000
vn -0.39390 -0.91915 -0.00000
vn -0.19609 -0.98059 -0.00000
vn -0.19609 -0.98059 -0.00000
vn -0.39390 -0.91915 -0.00000
vn -0.19609 -0.98059 -0.00000
vn -0.19609 -0.98059 -0.00000
vn -0.19609 -0.98059 -0.00000
vn 0.05259 -0.99862 -0.00000
vn 0.05259 -0.99862 -0.00000
vn -0.19609 -0.98059 -0.00000
vn 0.05259 -0.99862 -0.00000
vn 0.05259 -0.99862 -0.00000
vn 0.05259 -0.99862 -0.00000
vn 0.18592 -0.98256 -0.00000
vn 0.18592 -0.98256 -0.00000
vn 0.05259 -0.99862 -0.00000
vn 0.18592 -0.98256 -0.00000
vn 0.18592 -0.98256 -0.00000
vn 0.18592 -0.98256 -0.00000
vn 0.31625 -0.94868 -0.00000
vn -0.53686 -0.84367 -0.00000
vn -0.70711 -0.70711 -0.00000
vn -0.53686 -0.84367 -0.00000
vn -0.53686 -0.84367 -0.00000
vn -0.70711 -0.70711 -0.00000
vn -0.53686 -0.84367 -0.00000
vn -0.53686 -0.84367 -0.00000
vn -0.53686 -0.84367 -0.00000
vn -0.39390 -0.91915 -0.00000
vn -0.39390 -0.91915 -0.00000
vn -0.53686 -0.84367 -0.00000
vn -0.53686 -0.84367 -0.00000
vn -0.39390 -0.91915 -0.00000
vn -0.53686 -0.84367 -0.00000
vn -0.53686 -0.84367 -0.00000
vn -0.53686 -0.84367 -0.00000
vn -0.53686 -0.84367 -0.00000
vn -0.70711 -0.70711 -0.00000
vn -0.53686 -0.84367 -0.00000
vn -0.70711 -0.70711 -0.00000
vn -0.53686 -0.84367 -0.00000
vn -0.53686 -0.84367 -0.00000
vn -0.70711 -0.70711 -0.00000
vn -0.53686 -0.84367 -0.00000
vn -0.53686 -0.84367 -0.00000
vn -0.53686 -0.84367 -0.00000
vn -0.39390 -0.91915 -0.00000
vn -0.39390 -0.91915 -0.00000
vn -0.53686 -0.84367 -0.00000
vn -0.39390 -0.91915 -0.00000
vn -0.39390 -0.91915 -0.00000
vn -0.39390 -0.91915 -0.00000
vn -0.19609 -0.98059 -0.00000
vn -0.19609 -0.98059 -0.00000
vn -0.39390 -0.91915 -0.00000
vn -0.19609 -0.98059 -0.00000
vn -0.19609 -0.98059 -0.00000
vn -0.19609 -0.98059 -0.00000
vn 0.05259 -0.99862 -0.00000
vn 0.05259 -0.99862 -0.00000
vn -0.19609 -0.98059 -0.00000
vn 0.05259 -0.99862 -0.00000
vn 0.05259 -0.99862 -0.00000
vn 0.05259 -0.99862 -0.00000
vn 0.18592 -0.98256 -0.00000
vn 0.18592 -0.98256 -0.00000
vn 0.05259 -0.99862 -0.00000
vn 0.18592 -0.98256 -0.00000
vn 0.18592 -0.98256 -0.00000
vn 0.18592 -0.98256 -0.00000
vn 0.31625 -0.94868 -0.00000
vn 0.31625 -0.94868 -0.00000
vn 0.18592 -0.98256 -0.00000
vn 0.31625 -0.94868 -0.00000
vn 0.31625 -0.94868 -0.00000
vn 0.31625 -0.94868 -0.00000
vn 0.54326 -0.83956 -0.00000
vn -0.53686 -0.84367 -0.00000
vn -0.70711 -0.70711 -0.00000
vn -0.53686 -0.84367 -0.00000
vn -0.53686 -0.84367 -0.00000
vn -0.70711 -0.70711 -0.00000
vn -0.53686 -0.84367 -0.00000
vn -0.53686 -0.84367 -0.00000
vn -0.53686 -0.84367 -0.00000
vn -0.39390 -0.91915 -0.00000
vn -0.39390 -0.91915 -0.00000
vn -0.53686 -0.84367 -0.00000
vn -0.39390 -0.91915 -0.00000
vn -0.39390 -0.91915 -0.00000
vn -0.39390 -0.91915 -0.00000
vn -0.19609 -0.98059 -0.00000
vn -0.19609 -0.98059 -0.00000
vn -0.39390 -0.91915 -0.00000
vn -0.19609 -0.98059 -0.00000
vn -0.19609 -0.98059 -0.00000
vn -0.19609 -0.98059 -0.00000
vn 0.05259 -0.99862 -0.00000
vn 0.05259 -0.99862 -0.00000
vn -0.19609 -0.98059 -0.00000
vn 0.05259 -0.99862 -0.00000
vn 0.05259 -0.99862 -0.00000
vn 0.05259 -0.99862 -0.00000
vn 0.18592 -0.98256 -0.00000
vn -0.70711 -0.70711 -0.00000
vn -0.53686 -0.84367 -0.00000
vn -0.53686 -0.84367 -0.00000
vn -0.53686 -0.84367 -0.00000
vn -0.53686 -0.84367 -0.00000
vn -0.39390 -0.91915 -0.00000
vn -0.53686 -0.84367 -0.00000
vn -0.39390 -0.91915 -0.00000
vn -0.39390 -0.91915 -0.00000
vn -0.39390 -0.91915 -0.00000
vn -0.39390 -0.91915 -0.00000
vn -0.19609 -0.98059 -0.00000
vn -0.39390 -0.91915 -0.00000
vn -0.19609 -0.98059 -0.00000
vn -0.19609 -0.98059 -0.00000
vn -0.19609 -0.98059 -0.00000
vn -0.19609 -0.98059 -0.00000
vn 0.05259 -0.99862 -0.00000
vn -0.53686 -0.84367 -0.00000
vn -0.70711 -0.70711 -0.00000
vn -0.53686 -0.84367 -0.00000
vn -0.53686 -0.84367 -0.00000
vn -0.70711 -0.70711 -0.00000
vn -0.53686 -0.84367 -0.00000
vn -0.53686 -0.84367 -0.00000
vn -0.53686 -0.84367 -0.00000
vn -0.39390 -0.91915 -0.00000
vn -0.39390 -0.91915 -0.00000
vn -0.53686 -0.84367 -0.00000
vn -0.39390 -0.91915 -0.00000
vn -0.39390 -0.91915 -0.00000
vn -0.39390 -0.91915 -0.00000
vn -0.19609 -0.98059 -0.00000
vn -0.19609 -0.98059 -0.00000
vn -0.39390 -0.91915 -0.00000
vn -0.19609 -0.98059 -0.00000
vn -0.19609 -0.98059 -0.00000
vn -0.19609 -0.98059 -0.00000
vn 0.05259 -0.99862 -0.00000
vn 0.05259 -0.99862 -0.00000
vn -0.19609 -0.98059 -0.00000
vn 0.05259 -0.99862 -0.00000
vn 0.05259 -0.99862 -0.00000
vn 0.05259 -0.99862 -0.00000
vn 0.18592 -0.98256 -0.00000
vn 0.18592 -0.98256 -0.00000
vn 0.05259 -0.99862 -0.00000
vn 0.18592 -0.98256 -0.00000
vn 0.18592 -0.98256 -0.00000
vn 0.18592 -0.98256 -0.00000
vn 0.31625 -0.94868 -0.00000
vn 0.31625 -0.94868 -0.00000
vn 0.18592 -0.98256 -0.00000
vn 0.31625 -0.94868 -0.00000
vn 0.31625 -0.94868 -0.00000
vn 0.31625 -0.94868 -0.00000
vn 0.54326 -0.83956 -0.00000
vn 0.54326 -0.83956 -0.00000
vn 0.31625 -0.94868 -0.00000
vn 0.54326 -0.83956 -0.00000
vn 0.54326 -0.83956 -0.00000
vn 0.54326 -0.83956 -0.00000
vn 0.70711 -0.70711 -0.00000
vn 0.70711 -0.70711 -0.00000
vn 0.54326 -0.83956 -0.00000
vn 0.70711 -0.70711 -0.00000
vn 0.70711 -0.70711 -0.00000
vn 0.70711 -0.70711 -0.00000
vn 0.81373 -0.58125 -0.00000
vn 0.81373 -0.58125 -0.00000
vn 0.70711 -0.70711 -0.00000
vn 0.81373 -0.58125 -0.00000
vn 0.81373 -0.58125 -0.00000
vn 0.81373 -0.58125 -0.00000
vn 0.88046 -0.47411 -0.00000
vn 0.88046 -0.47411 -0.00000
vn 0.81373 -0.58125 -0.00000
vn 0.88046 -0.47411 -0.00000
vn 0.88046 -0.47411 -0.00000
vn 0.88046 -0.47411 -0.00000
vn 0.94868 -0.31625 -0.00000
vn -0.53686 -0.84367 -0.00000
vn -0.70711 -0.70711 -0.00000
vn -0.53686 -0.84367 -0.00000
vn -0.53686 -0.84367 -0.00000
vn -0.70711 -0.70711 -0.00000
vn -0.53686 -0.84367 -0.00000
vn -0.53686 -0.84367 -0.00000
vn -0.53686 -0.84367 -0.00000
vn -0.39390 -0.91915 -0.00000
vn -0.39390 -0.91915 -0.00000
vn -0.53686 -0.84367 -0.00000
vn -0.39390 -0.91915 -0.00000
vn -0.39390 -0.91915 -0.00000
vn -0.39390 -0.91915 -0.00000
vn -0.19609 -0.98059 -0.00000
vn -0.19609 -0.98059 -0.00000
vn -0.39390 -0.91915 -0.00000
vn -0.19609 -0.98059 -0.00000
vn -0.19609 -0.98059 -0.00000
vn -0.19609 -0.98059 -0.00000
vn 0.05259 -0.99862 -0.00000
vn 0.05259 -0.99862 -0.00000
vn -0.19609 -0.98059 -0.00000
vn 0.05259 -0.99862 -0.00000
vn 0.05259 -0.99862 -0.00000
vn 0.05259 -0.99862 -0.00000
vn 0.18592 -0.98256 -0.00000
vn 0.18592 -0.98256 -0.00000
vn 0.05259 -0.99862 -0.00000
vn 0.18592 -0.98256 -0.00000
vn 0.18592 -0.98256 -0.00000
vn 0.18592 -0.98256 -0.00000
vn 0.31625 -0.94868 -0.00000
vn 0.31625 -0.94868 -0.00000
vn 0.18592 -0.98256 -0.00000
vn 0.31625 -0.94868 -0.00000
vn 0.31625 -0.94868 -0.00000
vn 0.31625 -0.94868 -0.00000
vn 0.54326 -0.83956 -0.00000
vn -0.53686 -0.84367 -0.00000
vn -0.70711 -0.70711 -0.00000
vn -0.53686 -0.84367 -0.00000
vn -0.53686 -0.84367 -0.00000
vn -0.70711 -0.70711 -0.00000
vn -0.53686 -0.84367 -0.00000
vn -0.53686 -0.84367 -0.00000
vn -0.53686 -0.84367 -0.00000
vn -0.39390 -0.91915 -0.00000
vn -0.39390 -0.91915 -0.00000
vn -0.53686 -0.84367 -0.00000
vn -0.39390 -0.91915 -0.00000
vn -0.39390 -0.91915 -0.00000
vn -0.39390 -0.91915 -0.00000
vn -0.19609 -0.98059 -0.00000
vn -0.53686 -0.84367 -0.00000
vn -0.70711 -0.70711 -0.00000
vn -0.53686 -0.84367 -0.00000
vn -0.53686 -0.84367 -0.00000
vn -0.70711 -0.70711 -0.00000
vn -0.53686 -0.84367 -0.00000
vn -0.53686 -0.84367 -0.00000
vn -0.53686 -0.84367 -0.00000
vn -0.39390 -0.91915 -0.00000
vn -0.39390 -0.91915 -0.00000
vn -0.53686 -0.84367 -0.00000
vn -0.39390 -0.91915 -0.00000
vn -0.39390 -0.91915 -0.00000
vn -0.39390 -0.91915 -0.00000
vn -0.19609 -0.98059 -0.00000
vn 0.94868 -0.31625 -0.00000
vn 0.98995 -0.14145 -0.00000
vn 0.94868 -0.31625 -0.00000
vn 0.88046 -0.47411 -0.00000
vn 0.94868 -0.31625 -0.00000
vn 0.88046 -0.47411 -0.00000
vn 0.88046 -0.47411 -0.00000
vn 0.94868 -0.31625 -0.00000
vn 0.94868 -0.31625 -0.00000
vn 0.88046 -0.47411 -0.00000
vn 0.94868 -0.31625 -0.00000
vn 0.88046 -0.47411 -0.00000
vn 0.81373 -0.58125 -0.00000
vn 0.88046 -0.47411 -0.00000
vn 0.81373 -0.58125 -0.00000
vn 0.81373 -0.58125 -0.00000
vn 0.88046 -0.47411 -0.00000
vn 0.88046 -0.47411 -0.00000
vn 0.81373 -0.58125 -0.00000
vn 0.88046 -0.47411 -0.00000
vn 0.81373 -0.58125 -0.00000
vn 0.81373 -0.58125 -0.00000
vn 0.88046 -0.47411 -0.00000
vn 0.88046 -0.47411 -0.00000
vn 0.81373 -0.58125 -0.00000
vn 0.88046 -0.47411 -0.00000
vn 0.81373 -0.58125 -0.00000
vn -0.53686 -0.84367 -0.00000
vn -0.70711 -0.70711 -0.00000
vn -0.53686 -0.84367 -0.00000
vn -0.53686 -0.84367 -0.00000
vn -0.39390 -0.91915 -0.00000
vn -0.53686 -0.84367 -0.00000
vn -0.53686 -0.84367 -0.00000
vn -0.39390 -0.91915 -0.00000
vn -0.39390 -0.91915 -0.00000
vn -0.39390 -0.91915 -0.00000
vn -0.19609 -0.98059 -0.00000
vn -0.39390 -0.91915 -0.00000
vn -0.39390 -0.91915 -0.00000
vn -0.19609 -0.98059 -0.00000
vn -0.19609 -0.98059 -0.00000
vn -0.19609 -0.98059 -0.00000
vn 0.05259 -0.99862 -0.00000
vn -0.19609 -0.98059 -0.00000
vn -0.19609 -0.98059 -0.00000
vn 0.05259 -0.99862 -0.00000
vn 0.05259 -0.99862 -0.00000
vn 0.05259 -0.99862 -0.00000
vn 0.18592 -0.98256 -0.00000
vn 0.05259 -0.99862 -0.00000
vn 0.05259 -0.99862 -0.00000
vn 0.18592 -0.98256 -0.00000
vn 0.18592 -0.98256 -0.00000
vn 0.18592 -0.98256 -0.00000
vn 0.31625 -0.94868 -0.00000
vn 0.18592 -0.98256 -0.00000
vn 0.18592 -0.98256 -0.00000
vn 0.31625 -0.94868 -0.00000
vn 0.31625 -0.94868 -0.00000
vn 0.31625 -0.94868 -0.00000
vn 0.54326 -0.83956 -0.00000
vn 0.31625 -0.94868 -0.00000
vn 0.31625 -0.94868 -0.00000
vn 0.54326 -0.83956 -0.00000
vn 0.54326 -0.83956 -0.00000
vn 0.54326 -0.83956 -0.00000
vn 0.70711 -0.70711 -0.00000
vn 0.54326 -0.83956 -0.00000
vn 0.54326 -0.83956 -0.00000
vn 0.70711 -0.70711 -0.00000
vn 0.70711 -0.70711 -0.00000
vn 0.70711 -0.70711 -0.00000
vn 0.81373 -0.58125 -0.00000
vn 0.70711 -0.70711 -0.00000
vn 0.70711 -0.70711 -0.00000
vn 0.81373 -0.58125 -0.00000
vn 0.81373 -0.58125 -0.00000
vn 0.94868 -0.31625 -0.00000
vn 0.94868 -0.31625 -0.00000
vn 0.88046 -0.47411 -0.00000
vn 0.81373 -0.58125 -0.00000
vn 0.88046 -0.47411 -0.00000
vn 0.81373 -0.58125 -0.00000
vn 0.81373 -0.58125 -0.00000
vn 0.88046 -0.47411 -0.00000
vn 0.88046 -0.47411 -0.00000
vn 0.98995 -0.14145 -0.00000
vn 0.94868 -0.31625 -0.00000
vn 0.94868 -0.31625 -0.00000
vn 0.94868 -0.31625 -0.00000
vn 0.94868 -0.31625 -0.00000
vn 0.88046 -0.47411 -0.00000
vn 0.94868 -0.31625 -0.00000
vn 0.88046 -0.47411 -0.00000
vn 0.88046 -0.47411 -0.00000
vn 0.88046 -0.47411 -0.00000
vn 0.88046 -0.47411 -0.00000
vn 0.81373 -0.58125 -0.00000
vn 0.88046 -0.47411 -0.00000
vn 0.81373 -0.58125 -0.00000
vn 0.81373 -0.58125 -0.00000
vn 0.81373 -0.58125 -0.00000
vn 0.81373 -0.58125 -0.00000
vn 0.70711 -0.70711 -0.00000
vn 0.81373 -0.58125 -0.00000
vn 0.70711 -0.70711 -0.00000
vn 0.70711 -0.70711 -0.00000
vn 0.70711 -0.70711 -0.00000
vn 0.70711 -0.70711 -0.00000
vn 0.54326 -0.83956 -0.00000
vn 0.70711 -0.70711 -0.00000
vn 0.54326 -0.83956 -0.00000
vn 0.54326 -0.83956 -0.00000
vn 0.54326 -0.83956 -0.00000
vn 0.54326 -0.83956 -0.00000
vn 0.31625 -0.94868 -0.00000
vn 0.54326 -0.83956 -0.00000
vn 0.31625 -0.94868 -0.00000
vn 0.31625 -0.94868 -0.00000
vn 0.31625 -0.94868 -0.00000
vn 0.31625 -0.94868 -0.00000
vn 0.18592 -0.98256 -0.00000
vn 0.31625 -0.94868 -0.00000
vn 0.18592 -0.98256 -0.00000
vn 0.18592 -0.98256 -0.00000
vn 0.18592 -0.98256 -0.00000
vn 0.18592 -0.98256 -0.00000
vn 0.05259 -0.99862 -0.00000
vn 0.18592 -0.98256 -0.00000
vn 0.05259 -0.99862 -0.00000
vn 0.05259 -0.99862 -0.00000
vn 0.05259 -0.99862 -0.00000
vn 0.05259 -0.99862 -0.00000
vn -0.19609 -0.98059 -0.00000
vn 0.88046 -0.47411 -0.00000
vn 0.94868 -0.31625 -0.00000
vn 0.88046 -0.47411 -0.00000
vn 0.98995 -0.14145 -0.00000
vn 0.94868 -0.31625 -0.00000
vn 0.94868 -0.31625 -0.00000
vn 0.94868 -0.31625 -0.00000
vn 0.94868 -0.31625 -0.00000
vn 0.88046 -0.47411 -0.00000
vn 0.94868 -0.31625 -0.00000
vn 0.88046 -0.47411 -0.00000
vn 0.88046 -0.47411 -0.00000
vn 0.88046 -0.47411 -0.00000
vn 0.88046 -0.47411 -0.00000
vn 0.81373 -0.58125 -0.00000
vn 0.88046 -0.47411 -0.00000
vn 0.81373 -0.58125 -0.00000
vn 0.81373 -0.58125 -0.00000
vn 0.81373 -0.58125 -0.00000
vn 0.81373 -0.58125 -0.00000
vn 0.70711 -0.70711 -0.00000
vn 0.81373 -0.58125 -0.00000
vn 0.70711 -0.70711 -0.00000
vn 0.70711 -0.70711 -0.00000
vn 0.70711 -0.70711 -0.00000
vn 0.70711 -0.70711 -0.00000
vn 0.54326 -0.83956 -0.00000
vn 0.70711 -0.70711 -0.00000
vn 0.54326 -0.83956 -0.00000
vn 0.54326 -0.83956 -0.00000
vn 0.54326 -0.83956 -0.00000
vn 0.54326 -0.83956 -0.00000
vn 0.31625 -0.94868 -0.00000
vn 0.54326 -0.83956 -0.00000
vn 0.31625 -0.94868 -0.00000
vn 0.31625 -0.94868 -0.00000
vn 0.31625 -0.94868 -0.00000
vn 0.31625 -0.94868 -0.00000
vn 0.18592 -0.98256 -0.00000
vn 0.31625 -0.94868 -0.00000
vn 0.18592 -0.98256 -0.00000
vn 0.18592 -0.98256 -0.00000
vn 0.18592 -0.98256 -0.00000
vn 0.18592 -0.98256 -0.00000
vn 0.05259 -0.99862 -0.00000
vn 0.98995 -0.14145 -0.00000
vn 0.94868 -0.31625 -0.00000
vn 0.94868 -0.31625 -0.00000
vn 0.94868 -0.31625 -0.00000
vn 0.94868 -0.31625 -0.00000
vn 0.88046 -0.47411 -0.00000
vn 0.94868 -0.31625 -0.00000
vn 0.88046 -0.47411 -0.00000
vn 0.88046 -0.47411 -0.00000
vn 0.88046 -0.47411 -0.00000
vn 0.88046 -0.47411 -0.00000
vn 0.81373 -0.58125 -0.00000
vn 0.88046 -0.47411 -0.00000
vn 0.81373 -0.58125 -0.00000
vn 0.81373 -0.58125 -0.00000
vn 0.81373 -0.58125 -0.00000
vn 0.81373 -0.58125 -0.00000
vn 0.70711 -0.70711 -0.00000
vn 0.81373 -0.58125 -0.00000
vn 0.70711 -0.70711 -0.00000
vn 0.70711 -0.70711 -0.00000
vn 0.70711 -0.70711 -0.00000
vn 0.70711 -0.70711 -0.00000
vn 0.54326 -0.83956 -0.00000
vn -0.39390 -0.91915 -0.00000
vn -0.53686 -0.84367 -0.00000
vn -0.39390 -0.91915 -0.00000
vn -0.39390 -0.91915 -0.00000
vn -0.53686 -0.84367 -0.00000
vn -0.53686 -0.84367 -0.00000
vn -0.39390 -0.91915 -0.00000
vn -0.53686 -0.84367 -0.00000
vn -0.39390 -0.91915 -0.00000
vn 0.98995 -0.14145 -0.00000
vn 0.94868 -0.31625 -0.00000
vn 0.94868 -0.31625 -0.00000
vn 0.94868 -0.31625 -0.00000
vn 0.94868 -0.31625 -0.00000
vn 0.88046 -0.47411 -0.00000
vn 0.94868 -0.31625 -0.00000
vn 0.88046 -0.47411 -0.00000
vn 0.88046 -0.47411 -0.00000
vn 0.88046 -0.47411 -0.00000
vn 0.88046 -0.47411 -0.00000
vn 0.81373 -0.58125 -0.00000
vn 0.88046 -0.47411 -0.00000
vn 0.81373 -0.58125 -0.00000
vn 0.81373 -0.58125 -0.00000
vn 0.81373 -0.58125 -0.00000
vn 0.81373 -0.58125 -0.00000
vn 0.70711 -0.70711 -0.00000
vn -0.39390 -0.91915 -0.00000
vn -0.39390 -0.91915 -0.00000
vn -0.19609 -0.98059 -0.00000
vn -0.19609 -0.98059 -0.00000
vn -0.39390 -0.91915 -0.00000
vn -0.19609 -0.98059 -0.00000
vn -0.19609 -0.98059 -0.00000
vn -0.19609 -0.98059 -0.00000
vn 0.05259 -0.99862 -0.00000
vn 0.05259 -0.99862 -0.00000
vn -0.19609 -0.98059 -0.00000
vn 0.05259 -0.99862 -0.00000
vn 0.05259 -0.99862 -0.00000
vn 0.05259 -0.99862 -0.00000
vn 0.18592 -0.98256 -0.00000
vn 0.18592 -0.98256 -0.00000
vn 0.05259 -0.99862 -0.00000
vn 0.18592 -0.98256 -0.00000
vn 0.18592 -0.98256 -0.00000
vn 0.18592 -0.98256 -0.00000
vn 0.31625 -0.94868 -0.00000
vn 0.31625 -0.94868 -0.00000
vn 0.18592 -0.98256 -0.00000
vn 0.31625 -0.94868 -0.00000
vn 0.31625 -0.94868 -0.00000
vn 0.31625 -0.94868 -0.00000
vn 0.54326 -0.83956 -0.00000
vn 0.54326 -0.83956 -0.00000
vn 0.31625 -0.94868 -0.00000
vn 0.54326 -0.83956 -0.00000
vn 0.54326 -0.83956 -0.00000
vn 0.54326 -0.83956 -0.00000
vn 0.70711 -0.70711 -0.00000
vn 0.70711 -0.70711 -0.00000
vn 0.54326 -0.83956 -0.00000
vn 0.70711 -0.70711 -0.00000
vn 0.70711 -0.70711 -0.00000
vn 0.70711 -0.70711 -0.00000
vn 0.81373 -0.58125 -0.00000
vn 0.81373 -0.58125 -0.00000
vn 0.70711 -0.70711 -0.00000
vn 0.81373 -0.58125 -0.00000
vn 0.81373 -0.58125 -0.00000
vn 0.81373 -0.58125 -0.00000
vn 0.88046 -0.47411 -0.00000
vn 0.88046 -0.47411 -0.00000
vn 0.81373 -0.58125 -0.00000
vn 0.88046 -0.47411 -0.00000
vn 0.88046 -0.47411 -0.00000
vn 0.88046 -0.47411 -0.00000
vn 0.94868 -0.31625 -0.00000
vn 0.94868 -0.31625 -0.00000
vn 0.88046 -0.47411 -0.00000
vn 0.94868 -0.31625 -0.00000
vn -0.19609 -0.98059 -0.00000
vn -0.39390 -0.91915 -0.00000
vn -0.39390 -0.91915 -0.00000
vn 0.05259 -0.99862 -0.00000
vn -0.19609 -0.98059 -0.00000
vn -0.19609 -0.98059 -0.00000
vn -0.19609 -0.98059 -0.00000
vn -0.19609 -0.98059 -0.00000
vn -0.39390 -0.91915 -0.00000
vn -0.53686 -0.84367 -0.00000
vn -0.53686 -0.84367 -0.00000
vn -0.39390 -0.91915 -0.00000
vn -0.39390 -0.91915 -0.00000
vn -0.53686 -0.84367 -0.00000
vn -0.39390 -0.91915 -0.00000
vn -0.39390 -0.91915 -0.00000
vn -0.39390 -0.91915 -0.00000
vn -0.19609 -0.98059 -0.00000
vn -0.19609 -0.98059 -0.00000
vn -0.39390 -0.91915 -0.00000
vn -0.19609 -0.98059 -0.00000
vn -0.19609 -0.98059 -0.00000
vn -0.19609 -0.98059 -0.00000
vn 0.05259 -0.99862 -0.00000
vn 0.05259 -0.99862 -0.00000
vn -0.19609 -0.98059 -0.00000
vn 0.05259 -0.99862 -0.00000
vn 0.05259 -0.99862 -0.00000
vn 0.05259 -0.99862 -0.00000
vn 0.18592 -0.98256 -0.00000
vn 0.18592 -0.98256 -0.00000
vn 0.05259 -0.99862 -0.00000
vn 0.18592 -0.98256 -0.00000
vn 0.18592 -0.98256 -0.00000
vn 0.18592 -0.98256 -0.00000
vn 0.31625 -0.94868 -0.00000
vn 0.31625 -0.94868 -0.00000
vn 0.18592 -0.98256 -0.00000
vn 0.31625 -0.94868 -0.00000
vn 0.31625 -0.94868 -0.00000
vn 0.31625 -0.94868 -0.00000
vn 0.54326 -0.83956 -0.00000
vn 0.54326 -0.83956 -0.00000
vn 0.31625 -0.94868 -0.00000
vn 0.54326 -0.83956 -0.00000
vn 0.54326 -0.83956 -0.00000
vn 0.54326 -0.83956 -0.00000
vn 0.70711 -0.70711 -0.00000
vn 0.70711 -0.70711 -0.00000
vn 0.54326 -0.83956 -0.00000
vn 0.70711 -0.70711 -0.00000
vn 0.70711 -0.70711 -0.00000
vn 0.70711 -0.70711 -0.00000
vn 0.81373 -0.58125 -0.00000
vn 0.18592 -0.98256 -0.00000
vn 0.05259 -0.99862 -0.00000
vn 0.05259 -0.99862 -0.00000
vn 0.05259 -0.99862 -0.00000
vn 0.05259 -0.99862 -0.00000
vn -0.19609 -0.98059 -0.00000
vn 0.98995 -0.14145 -0.00000
vn 0.94868 -0.31625 -0.00000
vn 0.94868 -0.31625 -0.00000
vn 0.94868 -0.31625 -0.00000
vn 0.94868 -0.31625 -0.00000
vn 0.88046 -0.47411 -0.00000
vn 0.94868 -0.31625 -0.00000
vn 0.88046 -0.47411 -0.00000
vn 0.88046 -0.47411 -0.00000
vn 0.88046 -0.47411 -0.00000
vn 0.88046 -0.47411 -0.00000
vn 0.81373 -0.58125 -0.00000
vn 0.88046 -0.47411 -0.00000
vn 0.81373 -0.58125 -0.00000
vn 0.81373 -0.58125 -0.00000
vn 0.81373 -0.58125 -0.00000
vn 0.81373 -0.58125 -0.00000
vn 0.70711 -0.70711 -0.00000
vn 0.81373 -0.58125 -0.00000
vn 0.70711 -0.70711 -0.00000
vn 0.70711 -0.70711 -0.00000
vn 0.70711 -0.70711 -0.00000
vn 0.70711 -0.70711 -0.00000
vn 0.54326 -0.83956 -0.00000
vn 0.70711 -0.70711 -0.00000
vn 0.54326 -0.83956 -0.00000
vn 0.54326 -0.83956 -0.00000
vn 0.54326 -0.83956 -0.00000
vn 0.54326 -0.83956 -0.00000
vn 0.31625 -0.94868 -0.00000
vn 0.54326 -0.83956 -0.00000
vn 0.31625 -0.94868 -0.00000
vn 0.31625 -0.94868 -0.00000
vn 0.31625 -0.94868 -0.00000
vn 0.31625 -0.94868 -0.00000
vn 0.18592 -0.98256 -0.00000
vn 0.31625 -0.94868 -0.00000
vn 0.18592 -0.98256 -0.00000
vn 0.18592 -0.98256 -0.00000
vn 0.18592 -0.98256 -0.00000
vn 0.18592 -0.98256 -0.00000
vn 0.05259 -0.99862 -0.00000
vn 0.18592 -0.98256 -0.00000
vn 0.05259 -0.99862 -0.00000
vn 0.05259 -0.99862 -0.00000
vn 0.05259 -0.99862 -0.00000
vn 0.05259 -0.99862 -0.00000
vn -0.19609 -0.98059 -0.00000
vn 0.05259 -0.99862 -0.00000
vn -0.19609 -0.98059 -0.00000
vn -0.19609 -0.98059 -0.00000
vn -0.19609 -0.98059 -0.00000
vn -0.19609 -0.98059 -0.00000
vn -0.39390 -0.91915 -0.00000
vn -0.19609 -0.98059 -0.00000
vn -0.39390 -0.91915 -0.00000
vn -0.39390 -0.91915 -0.00000
vn -0.39390 -0.91915 -0.00000
vn -0.39390 -0.91915 -0.00000
vn -0.53686 -0.84367 -0.00000
vn 0.31625 -0.94868 -0.00000
vn 0.18592 -0.98256 -0.00000
vn 0.18592 -0.98256 -0.00000
vn 0.18592 -0.98256 -0.00000
vn 0.18592 -0.98256 -0.00000
vn 0.05259 -0.99862 -0.00000
vn 0.98995 -0.14145 -0.00000
vn 0.94868 -0.31625 -0.00000
vn 0.94868 -0.31625 -0.00000
vn 0.94868 -0.31625 -0.00000
vn 0.94868 -0.31625 -0.00000
vn 0.88046 -0.47411 -0.00000
vn 0.94868 -0.31625 -0.00000
vn 0.88046 -0.47411 -0.00000
vn 0.88046 -0.47411 -0.00000
vn 0.88046 -0.47411 -0.00000
vn 0.88046 -0.47411 -0.00000
vn 0.81373 -0.58125 -0.00000
vn 0.88046 -0.47411 -0.00000
vn 0.81373 -0.58125 -0.00000
vn 0.81373 -0.58125 -0.00000
vn 0.81373 -0.58125 -0.00000
vn 0.81373 -0.58125 -0.00000
vn 0.70711 -0.70711 -0.00000
vn 0.81373 -0.58125 -0.00000
vn 0.70711 -0.70711 -0.00000
vn 0.70711 -0.70711 -0.00000
vn 0.70711 -0.70711 -0.00000
vn 0.70711 -0.70711 -0.00000
vn 0.54326 -0.83956 -0.00000
vn 0.70711 -0.70711 -0.00000
vn 0.54326 -0.83956 -0.00000
vn 0.54326 -0.83956 -0.00000
vn 0.54326 -0.83956 -0.00000
vn 0.54326 -0.83956 -0.00000
vn 0.31625 -0.94868 -0.00000
vn 0.54326 -0.83956 -0.00000
vn 0.31625 -0.94868 -0.00000
vn 0.31625 -0.94868 -0.00000
vn 0.31625 -0.94868 -0.00000
vn 0.31625 -0.94868 -0.00000
vn 0.18592 -0.98256 -0.00000
vn 0.31625 -0.94868 -0.00000
vn 0.18592 -0.98256 -0.00000
vn 0.18592 -0.98256 -0.00000
vn 0.18592 -0.98256 -0.00000
vn 0.18592 -0.98256 -0.00000
vn 0.05259 -0.99862 -0.00000
vn 0.18592 -0.98256 -0.00000
vn 0.05259 -0.99862 -0.00000
vn 0.05259 -0.99862 -0.00000
vn 0.05259 -0.99862 -0.00000
vn 0.05259 -0.99862 -0.00000
vn -0.19609 -0.98059 -0.00000
vn 0.05259 -0.99862 -0.00000
vn -0.19609 -0.98059 -0.00000
vn -0.19609 -0.98059 -0.00000
vn -0.19609 -0.98059 -0.00000
vn -0.19609 -0.98059 -0.00000
vn -0.39390 -0.91915 -0.00000
vn -0.39390 -0.91915 -0.00000
vn -0.53686 -0.84367 -0.00000
vn -0.53686 -0.84367 -0.00000
vn -0.53686 -0.84367 -0.00000
vn -0.53686 -0.84367 -0.00000
vn -0.70711 -0.70711 -0.00000
vn -0.53686 -0.84367 -0.00000
vn -0.70711 -0.70711 -0.00000
vn -0.53686 -0.84367 -0.00000
vn -0.39390 -0.91915 -0.00000
vn -0.53686 -0.84367 -0.00000
vn -0.39390 -0.91915 -0.00000
vn -0.39390 -0.91915 -0.00000
vn -0.53686 -0.84367 -0.00000
vn -0.53686 -0.84367 -0.00000
vn -0.39390 -0.91915 -0.00000
vn -0.53686 -0.84367 -0.00000
vn -0.39390 -0.91915 -0.00000
vn -0.39390 -0.91915 -0.00000
vn -0.53686 -0.84367 -0.00000
vn -0.53686 -0.84367 -0.00000
vn -0.39390 -0.91915 -0.00000
vn -0.53686 -0.84367 -0.00000
vn -0.39390 -0.91915 -0.00000
vn 0.54326 -0.83956 -0.00000
vn 0.31625 -0.94868 -0.00000
vn 0.31625 -0.94868 -0.00000
vn 0.31625 -0.94868 -0.00000
vn 0.31625 -0.94868 -0.00000
vn 0.18592 -0.98256 -0.00000
vn 0.98995 -0.14145 -0.00000
vn 0.94868 -0.31625 -0.00000
vn 0.94868 -0.31625 -0.00000
vn 0.94868 -0.31625 -0.00000
vn 0.94868 -0.31625 -0.00000
vn 0.88046 -0.47411 -0.00000
vn 0.94868 -0.31625 -0.00000
vn 0.88046 -0.47411 -0.00000
vn 0.88046 -0.47411 -0.00000
vn 0.88046 -0.47411 -0.00000
vn 0.88046 -0.47411 -0.00000
vn 0.81373 -0.58125 -0.00000
vn 0.88046 -0.47411 -0.00000
vn 0.81373 -0.58125 -0.00000
vn 0.81373 -0.58125 -0.00000
vn 0.81373 -0.58125 -0.00000
vn 0.81373 -0.58125 -0.00000
vn 0.70711 -0.70711 -0.00000
vn 0.81373 -0.58125 -0.00000
vn 0.70711 -0.70711 -0.00000
vn 0.70711 -0.70711 -0.00000
vn 0.70711 -0.70711 -0.00000
vn 0.70711 -0.70711 -0.00000
vn 0.54326 -0.83956 -0.00000
vn 0.70711 -0.70711 -0.00000
vn 0.54326 -0.83956 -0.00000
vn 0.54326 -0.83956 -0.00000
vn 0.54326 -0.83956 -0.00000
vn 0.54326 -0.83956 -0.00000
vn 0.31625 -0.94868 -0.00000
vn 0.54326 -0.83956 -0.00000
vn 0.31625 -0.94868 -0.00000
vn 0.31625 -0.94868 -0.00000
vn 0.31625 -0.94868 -0.00000
vn 0.31625 -0.94868 -0.00000
vn 0.18592 -0.98256 -0.00000
vn -0.39390 -0.91915 -0.00000
vn -0.39390 -0.91915 -0.00000
vn -0.19609 -0.98059 -0.00000
vn -0.19609 -0.98059 -0.00000
vn -0.39390 -0.91915 -0.00000
vn -0.19609 -0.98059 -0.00000
vn -0.19609 -0.98059 -0.00000
vn -0.19609 -0.98059 -0.00000
vn 0.05259 -0.99862 -0.00000
vn 0.05259 -0.99862 -0.00000
vn -0.19609 -0.98059 -0.00000
vn 0.05259 -0.99862 -0.00000
vn 0.05259 -0.99862 -0.00000
vn 0.05259 -0.99862 -0.00000
vn 0.18592 -0.98256 -0.00000
vn 0.18592 -0.98256 -0.00000
vn 0.05259 -0.99862 -0.00000
vn 0.18592 -0.98256 -0.00000
vn 0.18592 -0.98256 -0.00000
vn 0.18592 -0.98256 -0.00000
vn 0.31625 -0.94868 -0.00000
vn 0.31625 -0.94868 -0.00000
vn 0.18592 -0.98256 -0.00000
vn 0.31625 -0.94868 -0.00000
vn 0.31625 -0.94868 -0.00000
vn 0.31625 -0.94868 -0.00000
vn 0.54326 -0.83956 -0.00000
vn -0.19609 -0.98059 -0.00000
vn -0.39390 -0.91915 -0.00000
vn -0.39390 -0.91915 -0.00000
vn 0.70711 -0.70711 -0.00000
vn 0.54326 -0.83956 -0.00000
vn 0.54326 -0.83956 -0.00000
vn 0.54326 -0.83956 -0.00000
vn 0.54326 -0.83956 -0.00000
vn 0.31625 -0.94868 -0.00000
vn 0.98995 -0.14145 -0.00000
vn 0.94868 -0.31625 -0.00000
vn 0.94868 -0.31625 -0.00000
vn 0.94868 -0.31625 -0.00000
vn 0.94868 -0.31625 -0.00000
vn 0.88046 -0.47411 -0.00000
vn 0.94868 -0.31625 -0.00000
vn 0.88046 -0.47411 -0.00000
vn 0.88046 -0.47411 -0.00000
vn 0.88046 -0.47411 -0.00000
vn 0.88046 -0.47411 -0.00000
vn 0.81373 -0.58125 -0.00000
vn 0.88046 -0.47411 -0.00000
vn 0.81373 -0.58125 -0.00000
vn 0.81373 -0.58125 -0.00000
vn 0.81373 -0.58125 -0.00000
vn 0.81373 -0.58125 -0.00000
vn 0.70711 -0.70711 -0.00000
vn 0.81373 -0.58125 -0.00000
vn 0.70711 -0.70711 -0.00000
vn 0.70711 -0.70711 -0.00000
vn 0.70711 -0.70711 -0.00000
vn 0.70711 -0.70711 -0.00000
vn 0.54326 -0.83956 -0.00000
vn 0.70711 -0.70711 -0.00000
vn 0.54326 -0.83956 -0.00000
vn 0.54326 -0.83956 -0.00000
vn 0.54326 -0.83956 -0.00000
vn 0.54326 -0.83956 -0.00000
vn 0.31625 -0.94868 -0.00000
vn -0.19609 -0.98059 -0.00000
vn -0.39390 -0.91915 -0.00000
vn -0.19609 -0.98059 -0.00000
vn -0.19609 -0.98059 -0.00000
vn -0.39390 -0.91915 -0.00000
vn -0.39390 -0.91915 -0.00000
vn -0.19609 -0.98059 -0.00000
vn -0.39390 -0.91915 -0.00000
vn -0.19609 -0.98059 -0.00000
vn 0.81373 -0.58125 -0.00000
vn 0.70711 -0.70711 -0.00000
vn 0.70711 -0.70711 -0.00000
vn 0.70711 -0.70711 -0.00000
vn 0.70711 -0.70711 -0.00000
vn 0.54326 -0.83956 -0.00000
vn 0.98995 -0.14145 -0.00000
vn 0.94868 -0.31625 -0.00000
vn 0.94868 -0.31625 -0.00000
vn 0.94868 -0.31625 -0.00000
vn 0.94868 -0.31625 -0.00000
vn 0.88046 -0.47411 -0.00000
vn 0.94868 -0.31625 -0.00000
vn 0.88046 -0.47411 -0.00000
vn 0.88046 -0.47411 -0.00000
vn 0.88046 -0.47411 -0.00000
vn 0.88046 -0.47411 -0.00000
vn 0.81373 -0.58125 -0.00000
vn -0.19609 -0.98059 -0.00000
vn -0.19609 -0.98059 -0.00000
vn 0.05259 -0.99862 -0.00000
vn 0.05259 -0.99862 -0.00000
vn -0.19609 -0.98059 -0.00000
vn 0.05259 -0.99862 -0.00000
vn 0.05259 -0.99862 -0.00000
vn 0.05259 -0.99862 -0.00000
vn 0.18592 -0.98256 -0.00000
vn 0.18592 -0.98256 -0.00000
vn 0.05259 -0.99862 -0.00000
vn 0.18592 -0.98256 -0.00000
vn 0.18592 -0.98256 -0.00000
vn 0.18592 -0.98256 -0.00000
vn 0.31625 -0.94868 -0.00000
vn 0.05259 -0.99862 -0.00000
vn -0.19609 -0.98059 -0.00000
vn -0.19609 -0.98059 -0.00000
vn 0.88046 -0.47411 -0.00000
vn 0.81373 -0.58125 -0.00000
vn 0.81373 -0.58125 -0.00000
vn 0.81373 -0.58125 -0.00000
vn 0.81373 -0.58125 -0.00000
vn 0.70711 -0.70711 -0.00000
vn 0.88046 -0.47411 -0.00000
vn 0.94868 -0.31625 -0.00000
vn 0.94868 -0.31625 -0.00000
vn 0.94868 -0.31625 -0.00000
vn 0.94868 -0.31625 -0.00000
vn 0.98995 -0.14145 -0.00000
vn -0.39390 -0.91915 -0.00000
vn -0.53686 -0.84367 -0.00000
vn -0.53686 -0.84367 -0.00000
vn -0.53686 -0.84367 -0.00000
vn -0.53686 -0.84367 -0.00000
vn -0.70711 -0.70711 -0.00000
vn -0.53686 -0.84367 -0.00000
vn -0.70711 -0.70711 -0.00000
vn -0.53686 -0.84367 -0.00000
vn -0.53686 -0.84367 -0.00000
vn -0.39390 -0.91915 -0.00000
vn -0.53686 -0.84367 -0.00000
vn -0.53686 -0.84367 -0.00000
vn -0.39390 -0.91915 -0.00000
vn -0.39390 -0.91915 -0.00000
vn -0.39390 -0.91915 -0.00000
vn -0.19609 -0.98059 -0.00000
vn -0.39390 -0.91915 -0.00000
vn 0.18592 -0.98256 -0.00000
vn 0.05259 -0.99862 -0.00000
vn 0.05259 -0.99862 -0.00000
vn 0.05259 -0.99862 -0.00000
vn 0.05259 -0.99862 -0.00000
vn -0.19609 -0.98059 -0.00000
vn 0.94868 -0.31625 -0.00000
vn 0.88046 -0.47411 -0.00000
vn 0.88046 -0.47411 -0.00000
vn 0.88046 -0.47411 -0.00000
vn 0.88046 -0.47411 -0.00000
vn 0.81373 -0.58125 -0.00000
vn 0.94868 -0.31625 -0.00000
vn 0.98995 -0.14145 -0.00000
vn 0.94868 -0.31625 -0.00000
vn 0.98995 -0.14145 -0.00000
vn 0.94868 -0.31625 -0.00000
vn 0.94868 -0.31625 -0.00000
vn 0.94868 -0.31625 -0.00000
vn 0.94868 -0.31625 -0.00000
vn 0.88046 -0.47411 -0.00000
vn 0.94868 -0.31625 -0.00000
vn 0.88046 -0.47411 -0.00000
vn 0.88046 -0.47411 -0.00000
vn 0.88046 -0.47411 -0.00000
vn 0.88046 -0.47411 -0.00000
vn 0.81373 -0.58125 -0.00000
vn 0.88046 -0.47411 -0.00000
vn 0.81373 -0.58125 -0.00000
vn 0.81373 -0.58125 -0.00000
vn 0.81373 -0.58125 -0.00000
vn 0.81373 -0.58125 -0.00000
vn 0.70711 -0.70711 -0.00000
vn 0.81373 -0.58125 -0.00000
vn 0.70711 -0.70711 -0.00000
vn 0.70711 -0.70711 -0.00000
vn 0.70711 -0.70711 -0.00000
vn 0.70711 -0.70711 -0.00000
vn 0.54326 -0.83956 -0.00000
vn 0.70711 -0.70711 -0.00000
vn 0.54326 -0.83956 -0.00000
vn 0.54326 -0.83956 -0.00000
vn 0.54326 -0.83956 -0.00000
vn 0.54326 -0.83956 -0.00000
vn 0.31625 -0.94868 -0.00000
vn 0.54326 -0.83956 -0.00000
vn 0.31625 -0.94868 -0.00000
vn 0.31625 -0.94868 -0.00000
vn 0.31625 -0.94868 -0.00000
vn 0.31625 -0.94868 -0.00000
vn 0.18592 -0.98256 -0.00000
vn 0.31625 -0.94868 -0.00000
vn 0.18592 -0.98256 -0.00000
vn 0.18592 -0.98256 -0.00000
vn 0.18592 -0.98256 -0.00000
vn 0.18592 -0.98256 -0.00000
vn 0.05259 -0.99862 -0.00000
vn 0.18592 -0.98256 -0.00000
vn 0.05259 -0.99862 -0.00000
vn 0.05259 -0.99862 -0.00000
vn 0.05259 -0.99862 -0.00000
vn 0.05259 -0.99862 -0.00000
vn -0.19609 -0.98059 -0.00000
vn 0.98995 -0.14145 -0.00000
vn 0.94868 -0.31625 -0.00000
vn 0.94868 -0.31625 -0.00000
vn 0.94868 -0.31625 -0.00000
vn 0.94868 -0.31625 -0.00000
vn 0.88046 -0.47411 -0.00000
vn 0.94868 -0.31625 -0.00000
vn 0.88046 -0.47411 -0.00000
vn 0.88046 -0.47411 -0.00000
vn 0.88046 -0.47411 -0.00000
vn 0.88046 -0.47411 -0.00000
vn 0.81373 -0.58125 -0.00000
vn 0.88046 -0.47411 -0.00000
vn 0.81373 -0.58125 -0.00000
vn 0.81373 -0.58125 -0.00000
vn 0.81373 -0.58125 -0.00000
vn 0.81373 -0.58125 -0.00000
vn 0.70711 -0.70711 -0.00000
vn 0.81373 -0.58125 -0.00000
vn 0.70711 -0.70711 -0.00000
vn 0.70711 -0.70711 -0.00000
vn 0.70711 -0.70711 -0.00000
vn 0.70711 -0.70711 -0.00000
vn 0.54326 -0.83956 -0.00000
vn 0.70711 -0.70711 -0.00000
vn 0.54326 -0.83956 -0.00000
vn 0.54326 -0.83956 -0.00000
vn 0.54326 -0.83956 -0.00000
vn 0.54326 -0.83956 -0.00000
vn 0.31625 -0.94868 -0.00000
vn -0.70711 -0.70711 -0.00000
vn -0.53686 -0.84367 -0.00000
vn -0.53686 -0.84367 -0.00000
vn -0.53686 -0.84367 -0.00000
vn -0.53686 -0.84367 -0.00000
vn -0.39390 -0.91915 -0.00000
vn -0.39390 -0.91915 -0.00000
vn -0.53686 -0.84367 -0.00000
vn -0.39390 -0.91915 -0.00000
vn -0.39390 -0.91915 -0.00000
vn -0.53686 -0.84367 -0.00000
vn -0.53686 -0.84367 -0.00000
vn -0.39390 -0.91915 -0.00000
vn -0.53686 -0.84367 -0.00000
vn -0.39390 -0.91915 -0.00000
vn 0.98995 -0.14145 -0.00000
vn 0.94868 -0.31625 -0.00000
vn 0.94868 -0.31625 -0.00000
vn 0.94868 -0.31625 -0.00000
vn 0.94868 -0.31625 -0.00000
vn 0.88046 -0.47411 -0.00000
vn 0.94868 -0.31625 -0.00000
vn 0.88046 -0.47411 -0.00000
vn 0.88046 -0.47411 -0.00000
vn 0.88046 -0.47411 -0.00000
vn 0.88046 -0.47411 -0.00000
vn 0.81373 -0.58125 -0.00000
vn 0.88046 -0.47411 -0.00000
vn 0.81373 -0.58125 -0.00000
vn 0.81373 -0.58125 -0.00000
vn 0.81373 -0.58125 -0.00000
vn 0.81373 -0.58125 -0.00000
vn 0.70711 -0.70711 -0.00000
vn 0.81373 -0.58125 -0.00000
vn 0.70711 -0.70711 -0.00000
vn 0.70711 -0.70711 -0.00000
vn 0.70711 -0.70711 -0.00000
vn 0.70711 -0.70711 -0.00000
vn 0.54326 -0.83956 -0.00000
vn -0.39390 -0.91915 -0.00000
vn -0.39390 -0.91915 -0.00000
vn -0.19609 -0.98059 -0.00000
vn -0.19609 -0.98059 -0.00000
vn -0.39390 -0.91915 -0.00000
vn -0.19609 -0.98059 -0.00000
vn -0.19609 -0.98059 -0.00000
vn -0.19609 -0.98059 -0.00000
vn 0.05259 -0.99862 -0.00000
vn 0.05259 -0.99862 -0.00000
vn -0.19609 -0.98059 -0.00000
vn 0.05259 -0.99862 -0.00000
vn 0.05259 -0.99862 -0.00000
vn 0.05259 -0.99862 -0.00000
vn 0.18592 -0.98256 -0.00000
vn 0.18592 -0.98256 -0.00000
vn 0.05259 -0.99862 -0.00000
vn 0.18592 -0.98256 -0.00000
vn 0.18592 -0.98256 -0.00000
vn 0.18592 -0.98256 -0.00000
vn 0.31625 -0.94868 -0.00000
vn 0.31625 -0.94868 -0.00000
vn 0.18592 -0.98256 -0.00000
vn 0.31625 -0.94868 -0.00000
vn 0.31625 -0.94868 -0.00000
vn 0.31625 -0.94868 -0.00000
vn 0.54326 -0.83956 -0.00000
vn 0.54326 -0.83956 -0.00000
vn 0.31625 -0.94868 -0.00000
vn 0.54326 -0.83956 -0.00000
vn 0.54326 -0.83956 -0.00000
vn 0.54326 -0.83956 -0.00000
vn 0.70711 -0.70711 -0.00000
vn 0.70711 -0.70711 -0.00000
vn 0.54326 -0.83956 -0.00000
vn 0.70711 -0.70711 -0.00000
vn 0.70711 -0.70711 -0.00000
vn 0.70711 -0.70711 -0.00000
vn 0.81373 -0.58125 -0.00000
vn 0.81373 -0.58125 -0.00000
vn 0.70711 -0.70711 -0.00000
vn 0.81373 -0.58125 -0.00000
vn 0.81373 -0.58125 -0.00000
vn 0.81373 -0.58125 -0.00000
vn 0.88046 -0.47411 -0.00000
vn 0.88046 -0.47411 -0.00000
vn 0.81373 -0.58125 -0.00000
vn 0.88046 -0.47411 -0.00000
vn 0.88046 -0.47411 -0.00000
vn 0.88046 -0.47411 -0.00000
vn 0.94868 -0.31625 -0.00000
vn 0.94868 -0.31625 -0.00000
vn 0.88046 -0.47411 -0.00000
vn 0.94868 -0.31625 -0.00000
vn -0.19609 -0.98059 -0.00000
vn -0.39390 -0.91915 -0.00000
vn -0.39390 -0.91915 -0.00000
vn 0.88046 -0.47411 -0.00000
vn 0.94868 -0.31625 -0.00000
vn 0.94868 -0.31625 -0.00000
vn 0.94868 -0.31625 -0.00000
vn 0.94868 -0.31625 -0.00000
vn 0.98995 -0.14145 -0.00000
vn 0.05259 -0.99862 -0.00000
vn -0.19609 -0.98059 -0.00000
vn -0.19609 -0.98059 -0.00000
vn -0.19609 -0.98059 -0.00000
vn -0.19609 -0.98059 -0.00000
vn -0.39390 -0.91915 -0.00000
vn -0.39390 -0.91915 -0.00000
vn -0.53686 -0.84367 -0.00000
vn -0.53686 -0.84367 -0.00000
vn -0.53686 -0.84367 -0.00000
vn -0.53686 -0.84367 -0.00000
vn -0.70711 -0.70711 -0.00000
vn -0.53686 -0.84367 -0.00000
vn -0.70711 -0.70711 -0.00000
vn -0.53686 -0.84367 -0.00000
vn -0.39390 -0.91915 -0.00000
vn -0.53686 -0.84367 -0.00000
vn -0.39390 -0.91915 -0.00000
vn -0.39390 -0.91915 -0.00000
vn -0.53686 -0.84367 -0.00000
vn -0.53686 -0.84367 -0.00000
vn -0.39390 -0.91915 -0.00000
vn -0.53686 -0.84367 -0.00000
vn -0.39390 -0.91915 -0.00000
vn -0.39390 -0.91915 -0.00000
vn -0.53686 -0.84367 -0.00000
vn -0.53686 -0.84367 -0.00000
vn -0.39390 -0.91915 -0.00000
vn -0.53686 -0.84367 -0.00000
vn -0.39390 -0.91915 -0.00000
vn 0.18592 -0.98256 -0.00000
vn 0.05259 -0.99862 -0.00000
vn 0.05259 -0.99862 -0.00000
vn 0.05259 -0.99862 -0.00000
vn 0.05259 -0.99862 -0.00000
vn -0.19609 -0.98059 -0.00000
vn 0.98995 -0.14145 -0.00000
vn 0.94868 -0.31625 -0.00000
vn 0.94868 -0.31625 -0.00000
vn 0.94868 -0.31625 -0.00000
vn 0.94868 -0.31625 -0.00000
vn 0.88046 -0.47411 -0.00000
vn 0.94868 -0.31625 -0.00000
vn 0.88046 -0.47411 -0.00000
vn 0.88046 -0.47411 -0.00000
vn 0.88046 -0.47411 -0.00000
vn 0.88046 -0.47411 -0.00000
vn 0.81373 -0.58125 -0.00000
vn 0.88046 -0.47411 -0.00000
vn 0.81373 -0.58125 -0.00000
vn 0.81373 -0.58125 -0.00000
vn 0.81373 -0.58125 -0.00000
vn 0.81373 -0.58125 -0.00000
vn 0.70711 -0.70711 -0.00000
vn 0.81373 -0.58125 -0.00000
vn 0.70711 -0.70711 -0.00000
vn 0.70711 -0.70711 -0.00000
vn 0.70711 -0.70711 -0.00000
vn 0.70711 -0.70711 -0.00000
vn 0.54326 -0.83956 -0.00000
vn 0.70711 -0.70711 -0.00000
vn 0.54326 -0.83956 -0.00000
vn 0.54326 -0.83956 -0.00000
vn 0.54326 -0.83956 -0.00000
vn 0.54326 -0.83956 -0.00000
vn 0.31625 -0.94868 -0.00000
vn 0.54326 -0.83956 -0.00000
vn 0.31625 -0.94868 -0.00000
vn 0.31625 -0.94868 -0.00000
vn 0.31625 -0.94868 -0.00000
vn 0.31625 -0.94868 -0.00000
vn 0.18592 -0.98256 -0.00000
vn 0.31625 -0.94868 -0.00000
vn 0.18592 -0.98256 -0.00000
vn 0.18592 -0.98256 -0.00000
vn 0.18592 -0.98256 -0.00000
vn 0.18592 -0.98256 -0.00000
vn 0.05259 -0.99862 -0.00000
vn 0.18592 -0.98256 -0.00000
vn 0.05259 -0.99862 -0.00000
vn 0.05259 -0.99862 -0.00000
vn 0.05259 -0.99862 -0.00000
vn 0.05259 -0.99862 -0.00000
vn -0.19609 -0.98059 -0.00000
vn 0.05259 -0.99862 -0.00000
vn -0.19609 -0.98059 -0.00000
vn -0.19609 -0.98059 -0.00000
vn -0.19609 -0.98059 -0.00000
vn -0.19609 -0.98059 -0.00000
vn -0.39390 -0.91915 -0.00000
vn -0.19609 -0.98059 -0.00000
vn -0.39390 -0.91915 -0.00000
vn -0.39390 -0.91915 -0.00000
vn -0.39390 -0.91915 -0.00000
vn -0.39390 -0.91915 -0.00000
vn -0.53686 -0.84367 -0.00000
vn -0.39390 -0.91915 -0.00000
vn -0.53686 -0.84367 -0.00000
vn -0.53686 -0.84367 -0.00000
vn -0.39390 -0.91915 -0.00000
vn -0.39390 -0.91915 -0.00000
vn -0.19609 -0.98059 -0.00000
vn -0.19609 -0.98059 -0.00000
vn -0.39390 -0.91915 -0.00000
vn -0.19609 -0.98059 -0.00000
vn -0.19609 -0.98059 -0.00000
vn -0.19609 -0.98059 -0.00000
vn 0.05259 -0.99862 -0.00000
vn 0.05259 -0.99862 -0.00000
vn -0.19609 -0.98059 -0.00000
vn 0.05259 -0.99862 -0.00000
vn 0.05259 -0.99862 -0.00000
vn 0.05259 -0.99862 -0.00000
vn 0.18592 -0.98256 -0.00000
vn 0.18592 -0.98256 -0.00000
vn 0.05259 -0.99862 -0.00000
vn 0.18592 -0.98256 -0.00000
vn 0.18592 -0.98256 -0.00000
vn 0.18592 -0.98256 -0.00000
vn 0.31625 -0.94868 -0.00000
vn 0.31625 -0.94868 -0.00000
vn 0.18592 -0.98256 -0.00000
vn 0.31625 -0.94868 -0.00000
vn 0.31625 -0.94868 -0.00000
vn 0.31625 -0.94868 -0.00000
vn 0.54326 -0.83956 -0.00000
vn 0.54326 -0.83956 -0.00000
vn 0.31625 -0.94868 -0.00000
vn 0.54326 -0.83956 -0.00000
vn 0.54326 -0.83956 -0.00000
vn 0.54326 -0.83956 -0.00000
vn 0.70711 -0.70711 -0.00000
vn 0.70711 -0.70711 -0.00000
vn 0.54326 -0.83956 -0.00000
vn 0.70711 -0.70711 -0.00000
vn 0.70711 -0.70711 -0.00000
vn 0.70711 -0.70711 -0.00000
vn 0.81373 -0.58125 -0.00000
vn -0.19609 -0.98059 -0.00000
vn -0.39390 -0.91915 -0.00000
vn -0.39390 -0.91915 -0.00000
vn 0.31625 -0.94868 -0.00000
vn 0.18592 -0.98256 -0.00000
vn 0.18592 -0.98256 -0.00000
vn 0.18592 -0.98256 -0.00000
vn 0.18592 -0.98256 -0.00000
vn 0.05259 -0.99862 -0.00000
vn 0.98995 -0.14145 -0.00000
vn 0.94868 -0.31625 -0.00000
vn 0.94868 -0.31625 -0.00000
vn 0.94868 -0.31625 -0.00000
vn 0.94868 -0.31625 -0.00000
vn 0.88046 -0.47411 -0.00000
vn 0.94868 -0.31625 -0.00000
vn 0.88046 -0.47411 -0.00000
vn 0.88046 -0.47411 -0.00000
vn 0.88046 -0.47411 -0.00000
vn 0.88046 -0.47411 -0.00000
vn 0.81373 -0.58125 -0.00000
vn 0.88046 -0.47411 -0.00000
vn 0.81373 -0.58125 -0.00000
vn 0.81373 -0.58125 -0.00000
vn 0.81373 -0.58125 -0.00000
vn 0.81373 -0.58125 -0.00000
vn 0.70711 -0.70711 -0.00000
vn 0.81373 -0.58125 -0.00000
vn 0.70711 -0.70711 -0.00000
vn 0.70711 -0.70711 -0.00000
vn 0.70711 -0.70711 -0.00000
vn 0.70711 -0.70711 -0.00000
vn 0.54326 -0.83956 -0.00000
vn 0.70711 -0.70711 -0.00000
vn 0.54326 -0.83956 -0.00000
vn 0.54326 -0.83956 -0.00000
vn 0.54326 -0.83956 -0.00000
vn 0.54326 -0.83956 -0.00000
vn 0.31625 -0.94868 -0.00000
vn 0.54326 -0.83956 -0.00000
vn 0.31625 -0.94868 -0.00000
vn 0.31625 -0.94868 -0.00000
vn 0.31625 -0.94868 -0.00000
vn 0.31625 -0.94868 -0.00000
vn 0.18592 -0.98256 -0.00000
vn 0.31625 -0.94868 -0.00000
vn 0.18592 -0.98256 -0.00000
vn 0.18592 -0.98256 -0.00000
vn 0.18592 -0.98256 -0.00000
vn 0.18592 -0.98256 -0.00000
vn 0.05259 -0.99862 -0.00000
vn 0.18592 -0.98256 -0.00000
vn 0.05259 -0.99862 -0.00000
vn 0.05259 -0.99862 -0.00000
vn 0.05259 -0.99862 -0.00000
vn 0.05259 -0.99862 -0.00000
vn -0.19609 -0.98059 -0.00000
vn 0.05259 -0.99862 -0.00000
vn -0.19609 -0.98059 -0.00000
vn -0.19609 -0.98059 -0.00000
vn -0.19609 -0.98059 -0.00000
vn -0.19609 -0.98059 -0.00000
vn -0.39390 -0.91915 -0.00000
vn -0.19609 -0.98059 -0.00000
vn -0.39390 -0.91915 -0.00000
vn -0.39390 -0.91915 -0.00000
vn -0.39390 -0.91915 -0.00000
vn -0.39390 -0.91915 -0.00000
vn -0.53686 -0.84367 -0.00000
vn -0.19609 -0.98059 -0.00000
vn -0.39390 -0.91915 -0.00000
vn -0.19609 -0.98059 -0.00000
vn -0.19609 -0.98059 -0.00000
vn -0.39390 -0.91915 -0.00000
vn -0.39390 -0.91915 -0.00000
vn -0.19609 -0.98059 -0.00000
vn -0.39390 -0.91915 -0.00000
vn -0.19609 -0.98059 -0.00000
vn 0.54326 -0.83956 -0.00000
vn 0.31625 -0.94868 -0.00000
vn 0.31625 -0.94868 -0.00000
vn 0.31625 -0.94868 -0.00000
vn 0.31625 -0.94868 -0.00000
vn 0.18592 -0.98256 -0.00000
vn 0.98995 -0.14145 -0.00000
vn 0.94868 -0.31625 -0.00000
vn 0.94868 -0.31625 -0.00000
vn 0.94868 -0.31625 -0.00000
vn 0.94868 -0.31625 -0.00000
vn 0.88046 -0.47411 -0.00000
vn 0.94868 -0.31625 -0.00000
vn 0.88046 -0.47411 -0.00000
vn 0.88046 -0.47411 -0.00000
vn 0.88046 -0.47411 -0.00000
vn 0.88046 -0.47411 -0.00000
vn 0.81373 -0.58125 -0.00000
vn 0.88046 -0.47411 -0.00000
vn 0.81373 -0.58125 -0.00000
vn 0.81373 -0.58125 -0.00000
vn 0.81373 -0.58125 -0.00000
vn 0.81373 -0.58125 -0.00000
vn 0.70711 -0.70711 -0.00000
vn 0.81373 -0.58125 -0.00000
vn 0.70711 -0.70711 -0.00000
vn 0.70711 -0.70711 -0.00000
vn 0.70711 -0.70711 -0.00000
vn 0.70711 -0.70711 -0.00000
vn 0.54326 -0.83956 -0.00000
vn 0.70711 -0.70711 -0.00000
vn 0.54326 -0.83956 -0.00000
vn 0.54326 -0.83956 -0.00000
vn 0.54326 -0.83956 -0.00000
vn 0.54326 -0.83956 -0.00000
vn 0.31625 -0.94868 -0.00000
vn 0.54326 -0.83956 -0.00000
vn 0.31625 -0.94868 -0.00000
vn 0.31625 -0.94868 -0.00000
vn 0.31625 -0.94868 -0.00000
vn 0.31625 -0.94868 -0.00000
vn 0.18592 -0.98256 -0.00000
vn 0.31625 -0.94868 -0.00000
vn 0.18592 -0.98256 -0.00000
vn 0.18592 -0.98256 -0.00000
vn 0.18592 -0.98256 -0.00000
vn 0.18592 -0.98256 -0.00000
vn 0.05259 -0.99862 -0.00000
vn -0.19609 -0.98059 -0.00000
vn -0.19609 -0.98059 -0.00000
vn 0.05259 -0.99862 -0.00000
vn 0.05259 -0.99862 -0.00000
vn -0.19609 -0.98059 -0.00000
vn 0.05259 -0.99862 -0.00000
vn 0.05259 -0.99862 -0.00000
vn 0.05259 -0.99862 -0.00000
vn 0.18592 -0.98256 -0.00000
vn 0.18592 -0.98256 -0.00000
vn 0.05259 -0.99862 -0.00000
vn 0.18592 -0.98256 -0.00000
vn 0.18592 -0.98256 -0.00000
vn 0.18592 -0.98256 -0.00000
vn 0.31625 -0.94868 -0.00000
vn 0.31625 -0.94868 -0.00000
vn 0.18592 -0.98256 -0.00000
vn 0.31625 -0.94868 -0.00000
vn 0.31625 -0.94868 -0.00000
vn 0.31625 -0.94868 -0.00000
vn 0.54326 -0.83956 -0.00000
vn 0.54326 -0.83956 -0.00000
vn 0.31625 -0.94868 -0.00000
vn 0.54326 -0.83956 -0.00000
vn 0.54326 -0.83956 -0.00000
vn 0.54326 -0.83956 -0.00000
vn 0.70711 -0.70711 -0.00000
vn 0.05259 -0.99862 -0.00000
vn -0.19609 -0.98059 -0.00000
vn -0.19609 -0.98059 -0.00000
vn 0.70711 -0.70711 -0.00000
vn 0.54326 -0.83956 -0.00000
vn 0.54326 -0.83956 -0.00000
vn 0.54326 -0.83956 -0.00000
vn 0.54326 -0.83956 -0.00000
vn 0.31625 -0.94868 -0.00000
vn 0.98995 -0.14145 -0.00000
vn 0.94868 -0.31625 -0.00000
vn 0.94868 -0.31625 -0.00000
vn 0.94868 -0.31625 -0.00000
vn 0.94868 -0.31625 -0.00000
vn 0.88046 -0.47411 -0.00000
vn 0.94868 -0.31625 -0.00000
vn 0.88046 -0.47411 -0.00000
vn 0.88046 -0.47411 -0.00000
vn 0.88046 -0.47411 -0.00000
vn 0.88046 -0.47411 -0.00000
vn 0.81373 -0.58125 -0.00000
vn 0.88046 -0.47411 -0.00000
vn 0.81373 -0.58125 -0.00000
vn 0.81373 -0.58125 -0.00000
vn 0.81373 -0.58125 -0.00000
vn 0.81373 -0.58125 -0.00000
vn 0.70711 -0.70711 -0.00000
vn 0.81373 -0.58125 -0.00000
vn 0.70711 -0.70711 -0.00000
vn 0.70711 -0.70711 -0.00000
vn 0.70711 -0.70711 -0.00000
vn 0.70711 -0.70711 -0.00000
vn 0.54326 -0.83956 -0.00000
vn 0.70711 -0.70711 -0.00000
vn 0.54326 -0.83956 -0.00000
vn 0.54326 -0.83956 -0.00000
vn 0.54326 -0.83956 -0.00000
vn 0.54326 -0.83956 -0.00000
vn 0.31625 -0.94868 -0.00000
vn 0.54326 -0.83956 -0.00000
vn 0.31625 -0.94868 -0.00000
vn 0.31625 -0.94868 -0.00000
vn 0.31625 -0.94868 -0.00000
vn 0.31625 -0.94868 -0.00000
vn 0.18592 -0.98256 -0.00000
vn -0.39390 -0.91915 -0.00000
vn -0.53686 -0.84367 -0.00000
vn -0.53686 -0.84367 -0.00000
vn -0.53686 -0.84367 -0.00000
vn -0.53686 -0.84367 -0.00000
vn -0.70711 -0.70711 -0.00000
vn -0.53686 -0.84367 -0.00000
vn -0.70711 -0.70711 -0.00000
vn -0.53686 -0.84367 -0.00000
vn -0.39390 -0.91915 -0.00000
vn -0.53686 -0.84367 -0.00000
vn -0.39390 -0.91915 -0.00000
vn -0.39390 -0.91915 -0.00000
vn -0.53686 -0.84367 -0.00000
vn -0.53686 -0.84367 -0.00000
vn -0.39390 -0.91915 -0.00000
vn -0.53686 -0.84367 -0.00000
vn -0.39390 -0.91915 -0.00000
vn -0.39390 -0.91915 -0.00000
vn -0.53686 -0.84367 -0.00000
vn -0.53686 -0.84367 -0.00000
vn -0.39390 -0.91915 -0.00000
vn -0.53686 -0.84367 -0.00000
vn -0.39390 -0.91915 -0.00000
vn 0.18592 -0.98256 -0.00000
vn 0.05259 -0.99862 -0.00000
vn 0.05259 -0.99862 -0.00000
vn 0.05259 -0.99862 -0.00000
vn 0.05259 -0.99862 -0.00000
vn -0.19609 -0.98059 -0.00000
vn 0.81373 -0.58125 -0.00000
vn 0.70711 -0.70711 -0.00000
vn 0.70711 -0.70711 -0.00000
vn 0.70711 -0.70711 -0.00000
vn 0.70711 -0.70711 -0.00000
vn 0.54326 -0.83956 -0.00000
vn -0.39390 -0.91915 -0.00000
vn -0.39390 -0.91915 -0.00000
vn -0.19609 -0.98059 -0.00000
vn -0.19609 -0.98059 -0.00000
vn -0.39390 -0.91915 -0.00000
vn -0.19609 -0.98059 -0.00000
vn -0.19609 -0.98059 -0.00000
vn -0.19609 -0.98059 -0.00000
vn 0.05259 -0.99862 -0.00000
vn 0.05259 -0.99862 -0.00000
vn -0.19609 -0.98059 -0.00000
vn 0.05259 -0.99862 -0.00000
vn 0.05259 -0.99862 -0.00000
vn 0.05259 -0.99862 -0.00000
vn 0.18592 -0.98256 -0.00000
vn -0.19609 -0.98059 -0.00000
vn -0.39390 -0.91915 -0.00000
vn -0.39390 -0.91915 -0.00000
vn 0.31625 -0.94868 -0.00000
vn 0.18592 -0.98256 -0.00000
vn 0.18592 -0.98256 -0.00000
vn 0.18592 -0.98256 -0.00000
vn 0.18592 -0.98256 -0.00000
vn 0.05259 -0.99862 -0.00000
vn 0.88046 -0.47411 -0.00000
vn 0.81373 -0.58125 -0.00000
vn 0.81373 -0.58125 -0.00000
vn 0.81373 -0.58125 -0.00000
vn 0.81373 -0.58125 -0.00000
vn 0.70711 -0.70711 -0.00000
vn -0.39390 -0.91915 -0.00000
vn -0.19609 -0.98059 -0.00000
vn -0.39390 -0.91915 -0.00000
vn -0.39390 -0.91915 -0.00000
vn -0.19609 -0.98059 -0.00000
vn -0.19609 -0.98059 -0.00000
vn -0.19609 -0.98059 -0.00000
vn 0.05259 -0.99862 -0.00000
vn -0.19609 -0.98059 -0.00000
vn 0.54326 -0.83956 -0.00000
vn 0.31625 -0.94868 -0.00000
vn 0.31625 -0.94868 -0.00000
vn 0.31625 -0.94868 -0.00000
vn 0.31625 -0.94868 -0.00000
vn 0.18592 -0.98256 -0.00000
vn 0.94868 -0.31625 -0.00000
vn 0.88046 -0.47411 -0.00000
vn 0.88046 -0.47411 -0.00000
vn 0.88046 -0.47411 -0.00000
vn 0.88046 -0.47411 -0.00000
vn 0.81373 -0.58125 -0.00000
vn 0.88046 -0.47411 -0.00000
vn 0.94868 -0.31625 -0.00000
vn 0.94868 -0.31625 -0.00000
vn -0.53686 -0.84367 -0.00000
vn -0.39390 -0.91915 -0.00000
vn -0.53686 -0.84367 -0.00000
vn -0.53686 -0.84367 -0.00000
vn -0.39390 -0.91915 -0.00000
vn -0.39390 -0.91915 -0.00000
vn -0.39390 -0.91915 -0.00000
vn -0.19609 -0.98059 -0.00000
vn -0.39390 -0.91915 -0.00000
vn -0.39390 -0.91915 -0.00000
vn -0.19609 -0.98059 -0.00000
vn -0.19609 -0.98059 -0.00000
vn -0.19609 -0.98059 -0.00000
vn 0.05259 -0.99862 -0.00000
vn -0.19609 -0.98059 -0.00000
vn -0.19609 -0.98059 -0.00000
vn 0.05259 -0.99862 -0.00000
vn 0.05259 -0.99862 -0.00000
vn 0.05259 -0.99862 -0.00000
vn 0.18592 -0.98256 -0.00000
vn 0.05259 -0.99862 -0.00000
vn 0.05259 -0.99862 -0.00000
vn 0.18592 -0.98256 -0.00000
vn 0.18592 -0.98256 -0.00000
vn 0.18592 -0.98256 -0.00000
vn 0.31625 -0.94868 -0.00000
vn 0.18592 -0.98256 -0.00000
vn 0.18592 -0.98256 -0.00000
vn 0.31625 -0.94868 -0.00000
vn 0.31625 -0.94868 -0.00000
vn 0.31625 -0.94868 -0.00000
vn 0.54326 -0.83956 -0.00000
vn 0.31625 -0.94868 -0.00000
vn 0.31625 -0.94868 -0.00000
vn 0.54326 -0.83956 -0.00000
vn 0.54326 -0.83956 -0.00000
vn 0.54326 -0.83956 -0.00000
vn 0.70711 -0.70711 -0.00000
vn 0.54326 -0.83956 -0.00000
vn 0.54326 -0.83956 -0.00000
vn 0.70711 -0.70711 -0.00000
vn 0.70711 -0.70711 -0.00000
vn 0.70711 -0.70711 -0.00000
vn 0.81373 -0.58125 -0.00000
vn 0.70711 -0.70711 -0.00000
vn 0.70711 -0.70711 -0.00000
vn 0.81373 -0.58125 -0.00000
vn 0.81373 -0.58125 -0.00000
vn 0.94868 -0.31625 -0.00000
vn 0.94868 -0.31625 -0.00000
vn 0.88046 -0.47411 -0.00000
vn 0.81373 -0.58125 -0.00000
vn 0.88046 -0.47411 -0.00000
vn 0.81373 -0.58125 -0.00000
vn 0.81373 -0.58125 -0.00000
vn 0.88046 -0.47411 -0.00000
vn 0.88046 -0.47411 -0.00000
vn 0.98995 -0.14145 -0.00000
vn 0.94868 -0.31625 -0.00000
vn 0.94868 -0.31625 -0.00000
vn 0.94868 -0.31625 -0.00000
vn 0.94868 -0.31625 -0.00000
vn 0.88046 -0.47411 -0.00000
vn 0.94868 -0.31625 -0.00000
vn 0.88046 -0.47411 -0.00000
vn 0.88046 -0.47411 -0.00000
vn 0.88046 -0.47411 -0.00000
vn 0.88046 -0.47411 -0.00000
vn 0.81373 -0.58125 -0.00000
vn 0.88046 -0.47411 -0.00000
vn 0.81373 -0.58125 -0.00000
vn 0.81373 -0.58125 -0.00000
vn 0.81373 -0.58125 -0.00000
vn 0.81373 -0.58125 -0.00000
vn 0.70711 -0.70711 -0.00000
vn 0.81373 -0.58125 -0.00000
vn 0.70711 -0.70711 -0.00000
vn 0.70711 -0.70711 -0.00000
vn 0.70711 -0.70711 -0.00000
vn 0.70711 -0.70711 -0.00000
vn 0.54326 -0.83956 -0.00000
vn 0.70711 -0.70711 -0.00000
vn 0.54326 -0.83956 -0.00000
vn 0.54326 -0.83956 -0.00000
vn 0.54326 -0.83956 -0.00000
vn 0.54326 -0.83956 -0.00000
vn 0.31625 -0.94868 -0.00000
vn 0.88046 -0.47411 -0.00000
vn 0.94868 -0.31625 -0.00000
vn 0.88046 -0.47411 -0.00000
vn 0.98995 -0.14145 -0.00000
vn 0.94868 -0.31625 -0.00000
vn 0.94868 -0.31625 -0.00000
vn 0.94868 -0.31625 -0.00000
vn 0.94868 -0.31625 -0.00000
vn 0.88046 -0.47411 -0.00000
vn 0.94868 -0.31625 -0.00000
vn 0.88046 -0.47411 -0.00000
vn 0.88046 -0.47411 -0.00000
vn 0.88046 -0.47411 -0.00000
vn 0.88046 -0.47411 -0.00000
vn 0.81373 -0.58125 -0.00000
vn 0.88046 -0.47411 -0.00000
vn 0.81373 -0.58125 -0.00000
vn 0.81373 -0.58125 -0.00000
vn 0.81373 -0.58125 -0.00000
vn 0.81373 -0.58125 -0.00000
vn 0.70711 -0.70711 -0.00000
vn 0.81373 -0.58125 -0.00000
vn 0.70711 -0.70711 -0.00000
vn 0.70711 -0.70711 -0.00000
vn 0.70711 -0.70711 -0.00000
vn 0.70711 -0.70711 -0.00000
vn 0.54326 -0.83956 -0.00000
vn 0.88046 -0.47411 -0.00000
vn 0.94868 -0.31625 -0.00000
vn 0.94868 -0.31625 -0.00000
vn 0.94868 -0.31625 -0.00000
vn 0.94868 -0.31625 -0.00000
vn 0.98995 -0.14145 -0.00000
vn -0.39390 -0.91915 -0.00000
vn -0.53686 -0.84367 -0.00000
vn -0.39390 -0.91915 -0.00000
vn -0.39390 -0.91915 -0.00000
vn -0.53686 -0.84367 -0.00000
vn -0.53686 -0.84367 -0.00000
vn -0.39390 -0.91915 -0.00000
vn -0.53686 -0.84367 -0.00000
vn -0.39390 -0.91915 -0.00000
vn -0.39390 -0.91915 -0.00000
vn -0.39390 -0.91915 -0.00000
vn -0.19609 -0.98059 -0.00000
vn -0.19609 -0.98059 -0.00000
vn -0.39390 -0.91915 -0.00000
vn -0.19609 -0.98059 -0.00000
vn -0.19609 -0.98059 -0.00000
vn -0.19609 -0.98059 -0.00000
vn 0.05259 -0.99862 -0.00000
vn 0.05259 -0.99862 -0.00000
vn -0.19609 -0.98059 -0.00000
vn 0.05259 -0.99862 -0.00000
vn 0.05259 -0.99862 -0.00000
vn 0.05259 -0.99862 -0.00000
vn 0.18592 -0.98256 -0.00000
vn 0.18592 -0.98256 -0.00000
vn 0.05259 -0.99862 -0.00000
vn 0.18592 -0.98256 -0.00000
vn 0.18592 -0.98256 -0.00000
vn 0.18592 -0.98256 -0.00000
vn 0.31625 -0.94868 -0.00000
vn 0.31625 -0.94868 -0.00000
vn 0.18592 -0.98256 -0.00000
vn 0.31625 -0.94868 -0.00000
vn 0.31625 -0.94868 -0.00000
vn 0.31625 -0.94868 -0.00000
vn 0.54326 -0.83956 -0.00000
vn 0.54326 -0.83956 -0.00000
vn 0.31625 -0.94868 -0.00000
vn 0.54326 -0.83956 -0.00000
vn 0.54326 -0.83956 -0.00000
vn 0.54326 -0.83956 -0.00000
vn 0.70711 -0.70711 -0.00000
vn 0.70711 -0.70711 -0.00000
vn 0.54326 -0.83956 -0.00000
vn 0.70711 -0.70711 -0.00000
vn 0.70711 -0.70711 -0.00000
vn 0.70711 -0.70711 -0.00000
vn 0.81373 -0.58125 -0.00000
vn 0.81373 -0.58125 -0.00000
vn 0.70711 -0.70711 -0.00000
vn 0.81373 -0.58125 -0.00000
vn 0.81373 -0.58125 -0.00000
vn 0.81373 -0.58125 -0.00000
vn 0.88046 -0.47411 -0.00000
vn 0.88046 -0.47411 -0.00000
vn 0.81373 -0.58125 -0.00000
vn 0.88046 -0.47411 -0.00000
vn 0.88046 -0.47411 -0.00000
vn 0.88046 -0.47411 -0.00000
vn 0.94868 -0.31625 -0.00000
vn 0.94868 -0.31625 -0.00000
vn 0.88046 -0.47411 -0.00000
vn 0.94868 -0.31625 -0.00000
vn -0.19609 -0.98059 -0.00000
vn -0.39390 -0.91915 -0.00000
vn -0.39390 -0.91915 -0.00000
vn 0.05259 -0.99862 -0.00000
vn 0.18592 -0.98256 -0.00000
vn 0.18592 -0.98256 -0.00000
vn 0.18592 -0.98256 -0.00000
vn 0.18592 -0.98256 -0.00000
vn 0.31625 -0.94868 -0.00000
vn 0.18592 -0.98256 -0.00000
vn 0.31625 -0.94868 -0.00000
vn 0.31625 -0.94868 -0.00000
vn 0.31625 -0.94868 -0.00000
vn 0.31625 -0.94868 -0.00000
vn 0.54326 -0.83956 -0.00000
vn 0.31625 -0.94868 -0.00000
vn 0.54326 -0.83956 -0.00000
vn 0.54326 -0.83956 -0.00000
vn 0.54326 -0.83956 -0.00000
vn 0.54326 -0.83956 -0.00000
vn 0.70711 -0.70711 -0.00000
vn 0.54326 -0.83956 -0.00000
vn 0.70711 -0.70711 -0.00000
vn 0.70711 -0.70711 -0.00000
vn 0.70711 -0.70711 -0.00000
vn 0.70711 -0.70711 -0.00000
vn 0.81373 -0.58125 -0.00000
vn 0.70711 -0.70711 -0.00000
vn 0.81373 -0.58125 -0.00000
vn 0.81373 -0.58125 -0.00000
vn 0.81373 -0.58125 -0.00000
vn 0.81373 -0.58125 -0.00000
vn 0.88046 -0.47411 -0.00000
vn 0.81373 -0.58125 -0.00000
vn 0.88046 -0.47411 -0.00000
vn 0.88046 -0.47411 -0.00000
vn 0.88046 -0.47411 -0.00000
vn 0.88046 -0.47411 -0.00000
vn 0.94868 -0.31625 -0.00000
vn 0.88046 -0.47411 -0.00000
vn 0.94868 -0.31625 -0.00000
vn 0.94868 -0.31625 -0.00000
vn 0.05259 -0.99862 -0.00000
vn -0.19609 -0.98059 -0.00000
vn -0.19609 -0.98059 -0.00000
vn -0.19609 -0.98059 -0.00000
vn -0.19609 -0.98059 -0.00000
vn -0.39390 -0.91915 -0.00000
vn -0.39390 -0.91915 -0.00000
vn -0.53686 -0.84367 -0.00000
vn -0.39390 -0.91915 -0.00000
vn -0.39390 -0.91915 -0.00000
vn -0.53686 -0.84367 -0.00000
vn -0.53686 -0.84367 -0.00000
vn -0.39390 -0.91915 -0.00000
vn -0.53686 -0.84367 -0.00000
vn -0.39390 -0.91915 -0.00000
vn 0.18592 -0.98256 -0.00000
vn 0.05259 -0.99862 -0.00000
vn 0.05259 -0.99862 -0.00000
vn 0.05259 -0.99862 -0.00000
vn 0.05259 -0.99862 -0.00000
vn -0.19609 -0.98059 -0.00000
vn -0.39390 -0.91915 -0.00000
vn -0.39390 -0.91915 -0.00000
vn -0.19609 -0.98059 -0.00000
vn -0.19609 -0.98059 -0.00000
vn -0.39390 -0.91915 -0.00000
vn -0.19609 -0.98059 -0.00000
vn -0.19609 -0.98059 -0.00000
vn -0.19609 -0.98059 -0.00000
vn 0.05259 -0.99862 -0.00000
vn 0.05259 -0.99862 -0.00000
vn -0.19609 -0.98059 -0.00000
vn 0.05259 -0.99862 -0.00000
vn 0.05259 -0.99862 -0.00000
vn 0.05259 -0.99862 -0.00000
vn 0.18592 -0.98256 -0.00000
vn 0.18592 -0.98256 -0.00000
vn 0.05259 -0.99862 -0.00000
vn 0.18592 -0.98256 -0.00000
vn 0.18592 -0.98256 -0.00000
vn 0.18592 -0.98256 -0.00000
vn 0.31625 -0.94868 -0.00000
vn 0.31625 -0.94868 -0.00000
vn 0.18592 -0.98256 -0.00000
vn 0.31625 -0.94868 -0.00000
vn 0.31625 -0.94868 -0.00000
vn 0.31625 -0.94868 -0.00000
vn 0.54326 -0.83956 -0.00000
vn 0.54326 -0.83956 -0.00000
vn 0.31625 -0.94868 -0.00000
vn 0.54326 -0.83956 -0.00000
vn 0.54326 -0.83956 -0.00000
vn 0.54326 -0.83956 -0.00000
vn 0.70711 -0.70711 -0.00000
vn 0.70711 -0.70711 -0.00000
vn 0.54326 -0.83956 -0.00000
vn 0.70711 -0.70711 -0.00000
vn 0.70711 -0.70711 -0.00000
vn 0.70711 -0.70711 -0.00000
vn 0.81373 -0.58125 -0.00000
vn -0.19609 -0.98059 -0.00000
vn -0.39390 -0.91915 -0.00000
vn -0.39390 -0.91915 -0.00000
vn 0.31625 -0.94868 -0.00000
vn 0.18592 -0.98256 -0.00000
vn 0.18592 -0.98256 -0.00000
vn 0.18592 -0.98256 -0.00000
vn 0.18592 -0.98256 -0.00000
vn 0.05259 -0.99862 -0.00000
vn 0.05259 -0.99862 -0.00000
vn -0.19609 -0.98059 -0.00000
vn -0.19609 -0.98059 -0.00000
vn -0.19609 -0.98059 -0.00000
vn -0.19609 -0.98059 -0.00000
vn -0.39390 -0.91915 -0.00000
vn 0.54326 -0.83956 -0.00000
vn 0.31625 -0.94868 -0.00000
vn 0.31625 -0.94868 -0.00000
vn 0.31625 -0.94868 -0.00000
vn 0.31625 -0.94868 -0.00000
vn 0.18592 -0.98256 -0.00000
vn -0.53686 -0.84367 -0.00000
vn -0.53686 -0.84367 -0.00000
vn -0.39390 -0.91915 -0.00000
vn -0.39390 -0.91915 -0.00000
vn -0.53686 -0.84367 -0.00000
vn -0.39390 -0.91915 -0.00000
vn -0.39390 -0.91915 -0.00000
vn -0.39390 -0.91915 -0.00000
vn -0.19609 -0.98059 -0.00000
vn -0.19609 -0.98059 -0.00000
vn -0.39390 -0.91915 -0.00000
vn -0.19609 -0.98059 -0.00000
vn -0.19609 -0.98059 -0.00000
vn -0.19609 -0.98059 -0.00000
vn 0.05259 -0.99862 -0.00000
vn 0.05259 -0.99862 -0.00000
vn -0.19609 -0.98059 -0.00000
vn 0.05259 -0.99862 -0.00000
vn 0.05259 -0.99862 -0.00000
vn 0.05259 -0.99862 -0.00000
vn 0.18592 -0.98256 -0.00000
vn 0.18592 -0.98256 -0.00000
vn 0.05259 -0.99862 -0.00000
vn 0.18592 -0.98256 -0.00000
vn 0.18592 -0.98256 -0.00000
vn 0.18592 -0.98256 -0.00000
vn 0.31625 -0.94868 -0.00000
vn 0.18592 -0.98256 -0.00000
vn 0.05259 -0.99862 -0.00000
vn 0.05259 -0.99862 -0.00000
vn 0.05259 -0.99862 -0.00000
vn 0.05259 -0.99862 -0.00000
vn -0.19609 -0.98059 -0.00000
vn 0.70711 -0.70711 -0.00000
vn 0.54326 -0.83956 -0.00000
vn 0.54326 -0.83956 -0.00000
vn 0.54326 -0.83956 -0.00000
vn 0.54326 -0.83956 -0.00000
vn 0.31625 -0.94868 -0.00000
vn 0.31625 -0.94868 -0.00000
vn 0.18592 -0.98256 -0.00000
vn 0.18592 -0.98256 -0.00000
vn 0.18592 -0.98256 -0.00000
vn 0.18592 -0.98256 -0.00000
vn 0.05259 -0.99862 -0.00000
vn 0.81373 -0.58125 -0.00000
vn 0.70711 -0.70711 -0.00000
vn 0.70711 -0.70711 -0.00000
vn 0.70711 -0.70711 -0.00000
vn 0.70711 -0.70711 -0.00000
vn 0.54326 -0.83956 -0.00000
vn -0.39390 -0.91915 -0.00000
vn -0.53686 -0.84367 -0.00000
vn -0.53686 -0.84367 -0.00000
vn -0.53686 -0.84367 -0.00000
vn -0.53686 -0.84367 -0.00000
vn -0.70711 -0.70711 -0.00000
vn -0.53686 -0.84367 -0.00000
vn -0.70711 -0.70711 -0.00000
vn -0.53686 -0.84367 -0.00000
vn -0.53686 -0.84367 -0.00000
vn -0.39390 -0.91915 -0.00000
vn -0.53686 -0.84367 -0.00000
vn -0.53686 -0.84367 -0.00000
vn -0.39390 -0.91915 -0.00000
vn -0.39390 -0.91915 -0.00000
vn -0.39390 -0.91915 -0.00000
vn -0.19609 -0.98059 -0.00000
vn -0.39390 -0.91915 -0.00000
vn 0.54326 -0.83956 -0.00000
vn 0.31625 -0.94868 -0.00000
vn 0.31625 -0.94868 -0.00000
vn 0.31625 -0.94868 -0.00000
vn 0.31625 -0.94868 -0.00000
vn 0.18592 -0.98256 -0.00000
vn 0.88046 -0.47411 -0.00000
vn 0.81373 -0.58125 -0.00000
vn 0.81373 -0.58125 -0.00000
vn 0.81373 -0.58125 -0.00000
vn 0.81373 -0.58125 -0.00000
vn 0.70711 -0.70711 -0.00000
vn 0.70711 -0.70711 -0.00000
vn 0.54326 -0.83956 -0.00000
vn 0.54326 -0.83956 -0.00000
vn 0.54326 -0.83956 -0.00000
vn 0.54326 -0.83956 -0.00000
vn 0.31625 -0.94868 -0.00000
vn 0.94868 -0.31625 -0.00000
vn 0.88046 -0.47411 -0.00000
vn 0.88046 -0.47411 -0.00000
vn 0.88046 -0.47411 -0.00000
vn 0.88046 -0.47411 -0.00000
vn 0.81373 -0.58125 -0.00000
vn -0.53686 -0.84367 -0.00000
vn -0.53686 -0.84367 -0.00000
vn -0.39390 -0.91915 -0.00000
vn -0.39390 -0.91915 -0.00000
vn -0.53686 -0.84367 -0.00000
vn -0.39390 -0.91915 -0.00000
vn -0.39390 -0.91915 -0.00000
vn -0.39390 -0.91915 -0.00000
vn -0.19609 -0.98059 -0.00000
vn -0.19609 -0.98059 -0.00000
vn -0.39390 -0.91915 -0.00000
vn -0.19609 -0.98059 -0.00000
vn -0.19609 -0.98059 -0.00000
vn -0.19609 -0.98059 -0.00000
vn 0.05259 -0.99862 -0.00000
vn 0.05259 -0.99862 -0.00000
vn -0.19609 -0.98059 -0.00000
vn 0.05259 -0.99862 -0.00000
vn 0.05259 -0.99862 -0.00000
vn 0.05259 -0.99862 -0.00000
vn 0.18592 -0.98256 -0.00000
vn 0.18592 -0.98256 -0.00000
vn 0.05259 -0.99862 -0.00000
vn 0.18592 -0.98256 -0.00000
vn 0.18592 -0.98256 -0.00000
vn 0.18592 -0.98256 -0.00000
vn 0.31625 -0.94868 -0.00000
vn 0.31625 -0.94868 -0.00000
vn 0.18592 -0.98256 -0.00000
vn 0.31625 -0.94868 -0.00000
vn 0.31625 -0.94868 -0.00000
vn 0.31625 -0.94868 -0.00000
vn 0.54326 -0.83956 -0.00000
vn 0.54326 -0.83956 -0.00000
vn 0.31625 -0.94868 -0.00000
vn 0.54326 -0.83956 -0.00000
vn 0.54326 -0.83956 -0.00000
vn 0.54326 -0.83956 -0.00000
vn 0.70711 -0.70711 -0.00000
vn 0.70711 -0.70711 -0.00000
vn 0.54326 -0.83956 -0.00000
vn 0.70711 -0.70711 -0.00000
vn 0.70711 -0.70711 -0.00000
vn 0.70711 -0.70711 -0.00000
vn 0.81373 -0.58125 -0.00000
vn 0.81373 -0.58125 -0.00000
vn 0.70711 -0.70711 -0.00000
vn 0.81373 -0.58125 -0.00000
vn 0.81373 -0.58125 -0.00000
vn 0.81373 -0.58125 -0.00000
vn 0.88046 -0.47411 -0.00000
vn 0.88046 -0.47411 -0.00000
vn 0.81373 -0.58125 -0.00000
vn 0.88046 -0.47411 -0.00000
vn 0.88046 -0.47411 -0.00000
vn 0.88046 -0.47411 -0.00000
vn 0.94868 -0.31625 -0.00000
vn -0.39390 -0.91915 -0.00000
vn -0.53686 -0.84367 -0.00000
vn -0.53686 -0.84367 -0.00000
vn -0.53686 -0.84367 -0.00000
vn -0.53686 -0.84367 -0.00000
vn -0.70711 -0.70711 -0.00000
vn -0.53686 -0.84367 -0.00000
vn -0.70711 -0.70711 -0.00000
vn -0.53686 -0.84367 -0.00000
vn -0.39390 -0.91915 -0.00000
vn -0.53686 -0.84367 -0.00000
vn -0.39390 -0.91915 -0.00000
vn -0.39390 -0.91915 -0.00000
vn -0.53686 -0.84367 -0.00000
vn -0.53686 -0.84367 -0.00000
vn -0.39390 -0.91915 -0.00000
vn -0.53686 -0.84367 -0.00000
vn -0.39390 -0.91915 -0.00000
vn -0.39390 -0.91915 -0.00000
vn -0.53686 -0.84367 -0.00000
vn -0.53686 -0.84367 -0.00000
vn -0.39390 -0.91915 -0.00000
vn -0.53686 -0.84367 -0.00000
vn -0.39390 -0.91915 -0.00000
vn -0.39390 -0.91915 -0.00000
vn -0.39390 -0.91915 -0.00000
vn -0.19609 -0.98059 -0.00000
vn -0.19609 -0.98059 -0.00000
vn -0.39390 -0.91915 -0.00000
vn -0.19609 -0.98059 -0.00000
vn -0.19609 -0.98059 -0.00000
vn -0.19609 -0.98059 -0.00000
vn 0.05259 -0.99862 -0.00000
vn 0.05259 -0.99862 -0.00000
vn -0.19609 -0.98059 -0.00000
vn 0.05259 -0.99862 -0.00000
vn 0.05259 -0.99862 -0.00000
vn 0.05259 -0.99862 -0.00000
vn 0.18592 -0.98256 -0.00000
vn 0.18592 -0.98256 -0.00000
vn 0.05259 -0.99862 -0.00000
vn 0.18592 -0.98256 -0.00000
vn 0.18592 -0.98256 -0.00000
vn 0.18592 -0.98256 -0.00000
vn 0.31625 -0.94868 -0.00000
vn 0.31625 -0.94868 -0.00000
vn 0.18592 -0.98256 -0.00000
vn 0.31625 -0.94868 -0.00000
vn 0.31625 -0.94868 -0.00000
vn 0.31625 -0.94868 -0.00000
vn 0.54326 -0.83956 -0.00000
vn 0.54326 -0.83956 -0.00000
vn 0.31625 -0.94868 -0.00000
vn 0.54326 -0.83956 -0.00000
vn 0.54326 -0.83956 -0.00000
vn 0.54326 -0.83956 -0.00000
vn 0.70711 -0.70711 -0.00000
vn 0.70711 -0.70711 -0.00000
vn 0.54326 -0.83956 -0.00000
vn 0.70711 -0.70711 -0.00000
vn 0.70711 -0.70711 -0.00000
vn 0.70711 -0.70711 -0.00000
vn 0.81373 -0.58125 -0.00000
vn 0.81373 -0.58125 -0.00000
vn 0.70711 -0.70711 -0.00000
vn 0.81373 -0.58125 -0.00000
vn 0.81373 -0.58125 -0.00000
vn 0.81373 -0.58125 -0.00000
vn 0.88046 -0.47411 -0.00000
vn -0.19609 -0.98059 -0.00000
vn -0.39390 -0.91915 -0.00000
vn -0.39390 -0.91915 -0.00000
vn -0.19609 -0.98059 -0.00000
vn -0.39390 -0.91915 -0.00000
vn -0.19609 -0.98059 -0.00000
vn -0.19609 -0.98059 -0.00000
vn -0.39390 -0.91915 -0.00000
vn -0.39390 -0.91915 -0.00000
vn -0.19609 -0.98059 -0.00000
vn -0.39390 -0.91915 -0.00000
vn -0.19609 -0.98059 -0.00000
vn -0.19609 -0.98059 -0.00000
vn -0.19609 -0.98059 -0.00000
vn 0.05259 -0.99862 -0.00000
vn 0.05259 -0.99862 -0.00000
vn -0.19609 -0.98059 -0.00000
vn 0.05259 -0.99862 -0.00000
vn 0.05259 -0.99862 -0.00000
vn 0.05259 -0.99862 -0.00000
vn 0.18592 -0.98256 -0.00000
vn 0.18592 -0.98256 -0.00000
vn 0.05259 -0.99862 -0.00000
vn 0.18592 -0.98256 -0.00000
vn 0.18592 -0.98256 -0.00000
vn 0.18592 -0.98256 -0.00000
vn 0.31625 -0.94868 -0.00000
vn 0.31625 -0.94868 -0.00000
vn 0.18592 -0.98256 -0.00000
vn 0.31625 -0.94868 -0.00000
vn 0.31625 -0.94868 -0.00000
vn 0.31625 -0.94868 -0.00000
vn 0.54326 -0.83956 -0.00000
vn 0.54326 -0.83956 -0.00000
vn 0.31625 -0.94868 -0.00000
vn 0.54326 -0.83956 -0.00000
vn 0.54326 -0.83956 -0.00000
vn 0.54326 -0.83956 -0.00000
vn 0.70711 -0.70711 -0.00000
vn 0.70711 -0.70711 -0.00000
vn 0.54326 -0.83956 -0.00000
vn 0.70711 -0.70711 -0.00000
vn 0.70711 -0.70711 -0.00000
vn 0.70711 -0.70711 -0.00000
vn 0.81373 -0.58125 -0.00000
vn 0.05259 -0.99862 -0.00000
vn -0.19609 -0.98059 -0.00000
vn -0.19609 -0.98059 -0.00000
vn 0.70711 -0.70711 -0.00000
vn 0.81373 -0.58125 -0.00000
vn 0.81373 -0.58125 -0.00000
vn 0.81373 -0.58125 -0.00000
vn 0.81373 -0.58125 -0.00000
vn 0.88046 -0.47411 -0.00000
vn 0.81373 -0.58125 -0.00000
vn 0.88046 -0.47411 -0.00000
vn 0.88046 -0.47411 -0.00000
vn 0.88046 -0.47411 -0.00000
vn 0.88046 -0.47411 -0.00000
vn 0.94868 -0.31625 -0.00000
vn -0.39390 -0.91915 -0.00000
vn -0.53686 -0.84367 -0.00000
vn -0.53686 -0.84367 -0.00000
vn -0.53686 -0.84367 -0.00000
vn -0.53686 -0.84367 -0.00000
vn -0.70711 -0.70711 -0.00000
vn -0.53686 -0.84367 -0.00000
vn -0.70711 -0.70711 -0.00000
vn -0.53686 -0.84367 -0.00000
vn -0.39390 -0.91915 -0.00000
vn -0.53686 -0.84367 -0.00000
vn -0.39390 -0.91915 -0.00000
vn -0.39390 -0.91915 -0.00000
vn -0.53686 -0.84367 -0.00000
vn -0.53686 -0.84367 -0.00000
vn -0.39390 -0.91915 -0.00000
vn -0.53686 -0.84367 -0.00000
vn -0.39390 -0.91915 -0.00000
vn -0.39390 -0.91915 -0.00000
vn -0.53686 -0.84367 -0.00000
vn -0.53686 -0.84367 -0.00000
vn -0.39390 -0.91915 -0.00000
vn -0.53686 -0.84367 -0.00000
vn -0.39390 -0.91915 -0.00000
vn 0.18592 -0.98256 -0.00000
vn 0.05259 -0.99862 -0.00000
vn 0.05259 -0.99862 -0.00000
vn 0.05259 -0.99862 -0.00000
vn 0.05259 -0.99862 -0.00000
vn -0.19609 -0.98059 -0.00000
vn 0.94868 -0.31625 -0.00000
vn 0.94868 -0.31625 -0.00000
vn 0.88046 -0.47411 -0.00000
vn 0.94868 -0.31625 -0.00000
vn 0.88046 -0.47411 -0.00000
vn 0.88046 -0.47411 -0.00000
vn 0.88046 -0.47411 -0.00000
vn 0.88046 -0.47411 -0.00000
vn 0.81373 -0.58125 -0.00000
vn -0.39390 -0.91915 -0.00000
vn -0.39390 -0.91915 -0.00000
vn -0.19609 -0.98059 -0.00000
vn -0.19609 -0.98059 -0.00000
vn -0.39390 -0.91915 -0.00000
vn -0.19609 -0.98059 -0.00000
vn -0.19609 -0.98059 -0.00000
vn -0.19609 -0.98059 -0.00000
vn 0.05259 -0.99862 -0.00000
vn 0.05259 -0.99862 -0.00000
vn -0.19609 -0.98059 -0.00000
vn 0.05259 -0.99862 -0.00000
vn 0.05259 -0.99862 -0.00000
vn 0.05259 -0.99862 -0.00000
vn 0.18592 -0.98256 -0.00000
vn 0.18592 -0.98256 -0.00000
vn 0.05259 -0.99862 -0.00000
vn 0.18592 -0.98256 -0.00000
vn 0.18592 -0.98256 -0.00000
vn 0.18592 -0.98256 -0.00000
vn 0.31625 -0.94868 -0.00000
vn -0.19609 -0.98059 -0.00000
vn -0.39390 -0.91915 -0.00000
vn -0.39390 -0.91915 -0.00000
vn 0.31625 -0.94868 -0.00000
vn 0.18592 -0.98256 -0.00000
vn 0.18592 -0.98256 -0.00000
vn 0.18592 -0.98256 -0.00000
vn 0.18592 -0.98256 -0.00000
vn 0.05259 -0.99862 -0.00000
vn -0.19609 -0.98059 -0.00000
vn -0.39390 -0.91915 -0.00000
vn -0.19609 -0.98059 -0.00000
vn -0.19609 -0.98059 -0.00000
vn -0.39390 -0.91915 -0.00000
vn -0.39390 -0.91915 -0.00000
vn -0.19609 -0.98059 -0.00000
vn -0.39390 -0.91915 -0.00000
vn -0.19609 -0.98059 -0.00000
vn 0.54326 -0.83956 -0.00000
vn 0.31625 -0.94868 -0.00000
vn 0.31625 -0.94868 -0.00000
vn 0.31625 -0.94868 -0.00000
vn 0.31625 -0.94868 -0.00000
vn 0.18592 -0.98256 -0.00000
vn -0.53686 -0.84367 -0.00000
vn -0.39390 -0.91915 -0.00000
vn -0.53686 -0.84367 -0.00000
vn -0.19609 -0.98059 -0.00000
vn -0.19609 -0.98059 -0.00000
vn 0.05259 -0.99862 -0.00000
vn 0.05259 -0.99862 -0.00000
vn -0.19609 -0.98059 -0.00000
vn 0.05259 -0.99862 -0.00000
vn 0.05259 -0.99862 -0.00000
vn 0.05259 -0.99862 -0.00000
vn 0.18592 -0.98256 -0.00000
vn 0.05259 -0.99862 -0.00000
vn -0.19609 -0.98059 -0.00000
vn -0.19609 -0.98059 -0.00000
vn 0.70711 -0.70711 -0.00000
vn 0.54326 -0.83956 -0.00000
vn 0.54326 -0.83956 -0.00000
vn 0.54326 -0.83956 -0.00000
vn 0.54326 -0.83956 -0.00000
vn 0.31625 -0.94868 -0.00000
vn -0.53686 -0.84367 -0.00000
vn -0.53686 -0.84367 -0.00000
vn -0.70711 -0.70711 -0.00000
vn -0.39390 -0.91915 -0.00000
vn -0.53686 -0.84367 -0.00000
vn -0.39390 -0.91915 -0.00000
vn -0.39390 -0.91915 -0.00000
vn -0.53686 -0.84367 -0.00000
vn -0.53686 -0.84367 -0.00000
vn -0.39390 -0.91915 -0.00000
vn -0.53686 -0.84367 -0.00000
vn -0.39390 -0.91915 -0.00000
vn -0.19609 -0.98059 -0.00000
vn -0.39390 -0.91915 -0.00000
vn -0.19609 -0.98059 -0.00000
vn -0.19609 -0.98059 -0.00000
vn -0.39390 -0.91915 -0.00000
vn -0.39390 -0.91915 -0.00000
vn -0.19609 -0.98059 -0.00000
vn -0.39390 -0.91915 -0.00000
vn -0.19609 -0.98059 -0.00000
vn -0.19609 -0.98059 -0.00000
vn -0.39390 -0.91915 -0.00000
vn -0.39390 -0.91915 -0.00000
vn -0.19609 -0.98059 -0.00000
vn -0.39390 -0.91915 -0.00000
vn -0.19609 -0.98059 -0.00000
vn -0.19609 -0.98059 -0.00000
vn -0.19609 -0.98059 -0.00000
vn 0.05259 -0.99862 -0.00000
vn 0.05259 -0.99862 -0.00000
vn -0.19609 -0.98059 -0.00000
vn 0.05259 -0.99862 -0.00000
vn 0.05259 -0.99862 -0.00000
vn 0.05259 -0.99862 -0.00000
vn 0.18592 -0.98256 -0.00000
vn 0.18592 -0.98256 -0.00000
vn 0.05259 -0.99862 -0.00000
vn 0.18592 -0.98256 -0.00000
vn 0.18592 -0.98256 -0.00000
vn 0.18592 -0.98256 -0.00000
vn 0.31625 -0.94868 -0.00000
vn 0.31625 -0.94868 -0.00000
vn 0.18592 -0.98256 -0.00000
vn 0.31625 -0.94868 -0.00000
vn 0.31625 -0.94868 -0.00000
vn 0.31625 -0.94868 -0.00000
vn 0.54326 -0.83956 -0.00000
vn 0.54326 -0.83956 -0.00000
vn 0.31625 -0.94868 -0.00000
vn 0.54326 -0.83956 -0.00000
vn 0.54326 -0.83956 -0.00000
vn 0.54326 -0.83956 -0.00000
vn 0.70711 -0.70711 -0.00000
vn 0.70711 -0.70711 -0.00000
vn 0.54326 -0.83956 -0.00000
vn 0.70711 -0.70711 -0.00000
vn 0.70711 -0.70711 -0.00000
vn 0.70711 -0.70711 -0.00000
vn 0.81373 -0.58125 -0.00000
vn 0.81373 -0.58125 -0.00000
vn 0.70711 -0.70711 -0.00000
vn 0.81373 -0.58125 -0.00000
vn 0.05259 -0.99862 -0.00000
vn -0.19609 -0.98059 -0.00000
vn -0.19609 -0.98059 -0.00000
vn 0.05259 -0.99862 -0.00000
vn -0.19609 -0.98059 -0.00000
vn 0.05259 -0.99862 -0.00000
vn 0.05259 -0.99862 -0.00000
vn -0.19609 -0.98059 -0.00000
vn -0.19609 -0.98059 -0.00000
vn 0.05259 -0.99862 -0.00000
vn -0.19609 -0.98059 -0.00000
vn 0.05259 -0.99862 -0.00000
vn -0.39390 -0.91915 -0.00000
vn -0.53686 -0.84367 -0.00000
vn -0.53686 -0.84367 -0.00000
vn -0.53686 -0.84367 -0.00000
vn -0.53686 -0.84367 -0.00000
vn -0.70711 -0.70711 -0.00000
vn -0.53686 -0.84367 -0.00000
vn -0.70711 -0.70711 -0.00000
vn -0.53686 -0.84367 -0.00000
vn -0.39390 -0.91915 -0.00000
vn -0.53686 -0.84367 -0.00000
vn -0.39390 -0.91915 -0.00000
vn -0.39390 -0.91915 -0.00000
vn -0.53686 -0.84367 -0.00000
vn -0.53686 -0.84367 -0.00000
vn -0.39390 -0.91915 -0.00000
vn -0.53686 -0.84367 -0.00000
vn -0.39390 -0.91915 -0.00000
vn -0.39390 -0.91915 -0.00000
vn -0.53686 -0.84367 -0.00000
vn -0.53686 -0.84367 -0.00000
vn -0.39390 -0.91915 -0.00000
vn -0.53686 -0.84367 -0.00000
vn -0.39390 -0.91915 -0.00000
vn 0.05259 -0.99862 -0.00000
vn 0.05259 -0.99862 -0.00000
vn 0.18592 -0.98256 -0.00000
vn 0.18592 -0.98256 -0.00000
vn 0.05259 -0.99862 -0.00000
vn 0.18592 -0.98256 -0.00000
vn 0.18592 -0.98256 -0.00000
vn 0.18592 -0.98256 -0.00000
vn 0.31625 -0.94868 -0.00000
vn 0.31625 -0.94868 -0.00000
vn 0.18592 -0.98256 -0.00000
vn 0.31625 -0.94868 -0.00000
vn 0.31625 -0.94868 -0.00000
vn 0.31625 -0.94868 -0.00000
vn 0.54326 -0.83956 -0.00000
vn 0.54326 -0.83956 -0.00000
vn 0.31625 -0.94868 -0.00000
vn 0.54326 -0.83956 -0.00000
vn 0.54326 -0.83956 -0.00000
vn 0.54326 -0.83956 -0.00000
vn 0.70711 -0.70711 -0.00000
vn 0.70711 -0.70711 -0.00000
vn 0.54326 -0.83956 -0.00000
vn 0.70711 -0.70711 -0.00000
vn 0.70711 -0.70711 -0.00000
vn 0.70711 -0.70711 -0.00000
vn 0.81373 -0.58125 -0.00000
vn 0.81373 -0.58125 -0.00000
vn 0.70711 -0.70711 -0.00000
vn 0.81373 -0.58125 -0.00000
vn 0.18592 -0.98256 -0.00000
vn 0.05259 -0.99862 -0.00000
vn 0.05259 -0.99862 -0.00000
vn -0.39390 -0.91915 -0.00000
vn -0.39390 -0.91915 -0.00000
vn -0.19609 -0.98059 -0.00000
vn -0.19609 -0.98059 -0.00000
vn -0.39390 -0.91915 -0.00000
vn -0.19609 -0.98059 -0.00000
vn -0.19609 -0.98059 -0.00000
vn -0.19609 -0.98059 -0.00000
vn 0.05259 -0.99862 -0.00000
vn 0.05259 -0.99862 -0.00000
vn -0.19609 -0.98059 -0.00000
vn 0.05259 -0.99862 -0.00000
vn 0.05259 -0.99862 -0.00000
vn 0.05259 -0.99862 -0.00000
vn 0.18592 -0.98256 -0.00000
vn 0.18592 -0.98256 -0.00000
vn 0.05259 -0.99862 -0.00000
vn 0.18592 -0.98256 -0.00000
vn 0.18592 -0.98256 -0.00000
vn 0.18592 -0.98256 -0.00000
vn 0.31625 -0.94868 -0.00000
vn -0.19609 -0.98059 -0.00000
vn -0.39390 -0.91915 -0.00000
vn -0.39390 -0.91915 -0.00000
vn 0.31625 -0.94868 -0.00000
vn 0.18592 -0.98256 -0.00000
vn 0.18592 -0.98256 -0.00000
vn 0.18592 -0.98256 -0.00000
vn 0.18592 -0.98256 -0.00000
vn 0.05259 -0.99862 -0.00000
vn -0.19609 -0.98059 -0.00000
vn -0.39390 -0.91915 -0.00000
vn -0.19609 -0.98059 -0.00000
vn -0.19609 -0.98059 -0.00000
vn -0.39390 -0.91915 -0.00000
vn -0.39390 -0.91915 -0.00000
vn -0.19609 -0.98059 -0.00000
vn -0.39390 -0.91915 -0.00000
vn -0.19609 -0.98059 -0.00000
vn 0.54326 -0.83956 -0.00000
vn 0.31625 -0.94868 -0.00000
vn 0.31625 -0.94868 -0.00000
vn 0.31625 -0.94868 -0.00000
vn 0.31625 -0.94868 -0.00000
vn 0.18592 -0.98256 -0.00000
vn -0.53686 -0.84367 -0.00000
vn -0.39390 -0.91915 -0.00000
vn -0.53686 -0.84367 -0.00000
vn -0.19609 -0.98059 -0.00000
vn -0.19609 -0.98059 -0.00000
vn 0.05259 -0.99862 -0.00000
vn 0.05259 -0.99862 -0.00000
vn -0.19609 -0.98059 -0.00000
vn 0.05259 -0.99862 -0.00000
vn 0.05259 -0.99862 -0.00000
vn 0.05259 -0.99862 -0.00000
vn 0.18592 -0.98256 -0.00000
vn 0.05259 -0.99862 -0.00000
vn -0.19609 -0.98059 -0.00000
vn -0.19609 -0.98059 -0.00000
vn 0.70711 -0.70711 -0.00000
vn 0.54326 -0.83956 -0.00000
vn 0.54326 -0.83956 -0.00000
vn 0.54326 -0.83956 -0.00000
vn 0.54326 -0.83956 -0.00000
vn 0.31625 -0.94868 -0.00000
vn 0.81373 -0.58125 -0.00000
vn 0.70711 -0.70711 -0.00000
vn 0.70711 -0.70711 -0.00000
vn 0.70711 -0.70711 -0.00000
vn 0.70711 -0.70711 -0.00000
vn 0.54326 -0.83956 -0.00000
vn 0.81373 -0.58125 -0.00000
vn 0.81373 -0.58125 -0.00000
vn 0.70711 -0.70711 -0.00000
vn 0.99202 0.12610 0.00000
vn 0.99988 -0.01527 -0.00000
vn 0.99202 0.12610 0.00000
vn 0.99202 0.12610 0.00000
vn 0.99988 -0.01527 -0.00000
vn 0.99988 -0.01527 -0.00000
vn 0.99988 -0.01527 -0.00000
vn 0.99988 -0.01527 -0.00000
vn 0.98106 -0.19369 -0.00000
vn 0.99988 -0.01527 -0.00000
vn 0.98106 -0.19369 -0.00000
vn 0.98106 -0.19369 -0.00000
vn 0.73495 0.67812 0.00000
vn 0.83959 0.54323 0.00000
vn 0.73495 0.67812 0.00000
vn 0.73495 0.67812 0.00000
vn 0.83959 0.54323 0.00000
vn 0.83959 0.54323 0.00000
vn 0.83959 0.54323 0.00000
vn 0.83959 0.54323 0.00000
vn 0.91950 0.39308 0.00000
vn 0.83959 0.54323 0.00000
vn 0.91950 0.39308 0.00000
vn 0.91950 0.39308 0.00000
vn 0.91950 0.39308 0.00000
vn 0.91950 0.39308 0.00000
vn 0.97041 0.24148 0.00000
vn 0.91950 0.39308 0.00000
vn 0.97041 0.24148 0.00000
vn 0.97041 0.24148 0.00000
vn 0.97041 0.24148 0.00000
vn 0.97041 0.24148 0.00000
vn 0.99495 0.10040 0.00000
vn 0.97041 0.24148 0.00000
vn 0.99495 0.10040 0.00000
vn 0.99495 0.10040 0.00000
vn 0.99495 0.10040 0.00000
vn 0.99495 0.10040 0.00000
vn 0.99182 -0.12765 -0.00000
vn 0.99495 0.10040 0.00000
vn 0.99182 -0.12765 -0.00000
vn 0.99182 -0.12765 -0.00000
vn 0.99182 -0.12765 -0.00000
vn 0.99182 -0.12765 -0.00000
vn 0.95869 -0.28445 -0.00000
vn 0.99182 -0.12765 -0.00000
vn 0.95869 -0.28445 -0.00000
vn 0.95869 -0.28445 -0.00000
vn 0.95869 -0.28445 -0.00000
vn 0.95869 -0.28445 -0.00000
vn 0.88887 -0.45816 -0.00000
vn 0.95869 -0.28445 -0.00000
vn 0.88887 -0.45816 -0.00000
vn 0.88887 -0.45816 -0.00000
vn 0.88887 -0.45816 -0.00000
vn 0.88887 -0.45816 -0.00000
vn 0.84976 -0.52718 -0.00000
vn 0.88887 -0.45816 -0.00000
vn 0.84976 -0.52718 -0.00000
vn 0.84976 -0.52718 -0.00000
vn 0.00000 -0.00000 1.00000
vn 0.00000 -0.00000 1.00000
vn 0.00000 -0.00000 1.00000
vn 0.00000 -0.00000 1.00000
vn 0.00000 -0.00000 1.00000
vn 0.00000 -0.00000 1.00000
vn 0.00000 -0.00000 1.00000
vn 0.00000 -0.00000 1.00000
vn 0.00000 -0.00000 1.00000
vn 0.00000 -0.00000 1.00000
vn 0.00000 -0.00000 1.00000
vn 0.00000 -0.00000 1.00000
vn 0.00000 -0.00000 1.00000
vn 0.00000 -0.00000 1.00000
vn 0.00000 -0.00000 1.00000
vn 0.00000 -0.00000 1.00000
vn 0.00000 -0.00000 1.00000
vn 0.00000 -0.00000 1.00000
vn 0.00000 -0.00000 1.00000
vn 0.00000 -0.00000 1.00000
vn 0.00000 -0.00000 1.00000
vn 0.00000 -0.00000 1.00000
vn 0.00000 -0.00000 1.00000
vn 0.00000 -0.00000 1.00000
vn 0.00000 -0.00000 1.00000
vn 0.00000 -0.00000 1.00000
vn 0.00000 -0.00000 1.00000
vn 0.00000 -0.00000 1.00000
vn 0.00000 -0.00000 1.00000
vn 0.00000 -0.00000 1.00000
vn 0.00000 -0.00000 1.00000
vn 0.00000 -0.00000 1.00000
vn 0.00000 -0.00000 1.00000
vn 0.00000 -0.00000 1.00000
vn 0.00000 -0.00000 1.00000
vn 0.00000 -0.00000 1.00000
vn 0.00000 -0.00000 1.00000
vn 0.00000 -0.00000 1.00000
vn 0.00000 -0.00000 1.00000
vn 0.00000 -0.00000 1.00000
vn 0.00000 -0.00000 1.00000
vn 0.00000 -0.00000 1.00000
vn 0.00000 -0.00000 1.00000
vn 0.00000 -0.00000 1.00000
vn 0.00000 -0.00000 1.00000
vn 0.00000 -0.00000 1.00000
vn 0.00000 -0.00000 1.00000
vn 0.00000 -0.00000 1.00000
vn 0.00000 -0.00000 1.00000
vn 0.00000 -0.00000 1.00000
vn 0.00000 -0.00000 1.00000
vn 0.00000 -0.00000 1.00000
vn 0.00000 -0.00000 1.00000
vn 0.00000 -0.00000 1.00000
vn 0.00000 -0.00000 1.00000
vn 0.00000 -0.00000 1.00000
vn 0.00000 -0.00000 1.00000
vn 0.00000 -0.00000 1.00000
vn 0.00000 -0.00000 1.00000
vn 0.00000 -0.00000 1.00000
vn 0.00000 -0.00000 1.00000
vn 0.00000 -0.00000 1.00000
vn 0.00000 -0.00000 1.00000
vn 0.00000 -0.00000 1.00000
vn 0.00000 -0.00000 1.00000
vn 0.00000 -0.00000 1.00000
vn 0.00000 -0.00000 1.00000
vn 0.00000 -0.00000 1.00000
vn 0.00000 -0.00000 1.00000
vn 0.00000 -0.00000 1.00000
vn 0.00000 -0.00000 1.00000
vn 0.00000 -0.00000 1.00000
vn 0.00000 -0.00000 1.00000
vn 0.00000 -0.00000 1.00000
vn 0.00000 -0.00000 1.00000
vn 0.00000 -0.00000 1.00000
vn 0.00000 -0.00000 1.00000
vn 0.00000 -0.00000 1.00000
vn 0.00000 -0.00000 1.00000
vn 0.00000 -0.00000 1.00000
vn 0.00000 -0.00000 1.00000
vn 0.00000 -0.00000 1.00000
vn 0.00000 -0.00000 1.00000
vn 0.00000 -0.00000 1.00000
vn 0.00000 -0.00000 1.00000
vn 0.00000 -0.00000 1.00000
vn 0.00000 -0.00000 1.00000
vn 0.00000 -0.00000 1.00000
vn 0.00000 -0.00000 1.00000
vn 0.00000 -0.00000 1.00000
vn 0.00000 -0.00000 1.00000
vn 0.00000 -0.00000 1.00000
vn 0.00000 -0.00000 1.00000
vn 0.00000 -0.00000 1.00000
vn 0.00000 -0.00000 1.00000
vn 0.00000 -0.00000 1.00000
vn 0.00000 -0.00000 1.00000
vn 0.00000 -0.00000 1.00000
vn 0.00000 -0.00000 1.00000
vn 0.00000 -0.00000 1.00000
vn 0.00000 -0.00000 1.00000
vn 0.00000 -0.00000 1.00000
vn 0.00000 -0.00000 1.00000
vn 0.00000 -0.00000 1.00000
vn 0.00000 -0.00000 1.00000
vn 0.00000 -0.00000 1.00000
vn 0.00000 -0.00000 1.00000
vn 0.00000 -0.00000 1.00000
vn 0.00000 -0.00000 1.00000
vn 0.00000 -0.00000 1.00000
vn 0.00000 -0.00000 1.00000
vn 0.00000 -0.00000 1.00000
vn 0.00000 -0.00000 1.00000
vn 0.00000 -0.00000 1.00000
vn 0.00000 -0.00000 1.00000
vn 0.00000 -0.00000 1.00000
vn 0.00000 -0.00000 1.00000
vn 0.00000 -0.00000 1.00000
vn 0.00000 -0.00000 1.00000
vn 0.00000 -0.00000 1.00000
vn 0.00000 -0.00000 1.00000
vn 0.00000 -0.00000 1.00000
vn 0.00000 -0.00000 1.00000
vn 0.00000 -0.00000 1.00000
vn 0.00000 -0.00000 1.00000
vn 0.00000 -0.00000 1.00000
vn 0.00000 -0.00000 1.00000
vn 0.00000 -0.00000 1.00000
vn 0.00000 -0.00000 1.00000
vn 0.00000 -0.00000 1.00000
vn 0.00000 -0.00000 1.00000
vn 0.00000 -0.00000 1.00000
vn 0.00000 -0.00000 1.00000
vn 0.00000 -0.00000 1.00000
vn 0.00000 -0.00000 1.00000
vn 0.00000 -0.00000 1.00000
vn 0.00000 -0.00000 1.00000
vn 0.00000 -0.00000 1.00000
vn 0.00000 -0.00000 1.00000
vn 0.00000 -0.00000 1.00000
vn 0.00000 -0.00000 1.00000
vn 0.00000 -0.00000 1.00000
vn 0.00000 -0.00000 1.00000
vn 0.00000 -0.00000 1.00000
vn 0.00000 -0.00000 1.00000
vn 0.00000 -0.00000 1.00000
vn 0.00000 -0.00000 1.00000
vn 0.00000 -0.00000 1.00000
vn 0.00000 -0.00000 1.00000
vn 0.00000 -0.00000 1.00000
vn 0.00000 -0.00000 1.00000
vn 0.00000 -0.00000 1.00000
vn 0.00000 -0.00000 1.00000
vn 0.00000 -0.00000 1.00000
vn 0.00000 -0.00000 1.00000
vn 0.00000 -0.00000 1.00000
vn 0.00000 -0.00000 1.00000
vn 0.00000 -0.00000 1.00000
vn 0.00000 -0.00000 1.00000
vn 0.00000 -0.00000 1.00000
vn 0.00000 -0.00000 1.00000
vn 0.00000 -0.00000 1.00000
vn 0.00000 -0.00000 1.00000
vn 0.00000 -0.00000 1.00000
vn 0.00000 -0.00000 1.00000
vn 0.00000 -0.00000 1.00000
vn 0.00000 -0.00000 1.00000
vn 0.00000 -0.00000 1.00000
vn 0.00000 -0.00000 1.00000
vn 0.00000 -0.00000 1.00000
vn 0.00000 -0.00000 1.00000
vn 0.00000 -0.00000 1.00000
vn 0.00000 -0.00000 1.00000
vn 0.00000 -0.00000 1.00000
vn 0.00000 -0.00000 1.00000
vn 0.00000 -0.00000 1.00000
vn 0.00000 -0.00000 1.00000
vn 0.00000 -0.00000 1.00000
vn 0.00000 -0.00000 1.00000
vn 0.00000 -0.00000 1.00000
vn 0.00000 -0.00000 1.00000
vn 0.00000 -0.00000 1.00000
vn 0.00000 -0.00000 1.00000
vn 0.00000 -0.00000 1.00000
vn 0.00000 -0.00000 1.00000
vn 0.00000 -0.00000 1.00000
vn 0.00000 -0.00000 1.00000
vn 0.00000 -0.00000 1.00000
vn 0.00000 -0.00000 1.00000
vn 0.00000 -0.00000 1.00000
vn 0.00000 -0.00000 1.00000
vn 0.00000 -0.00000 1.00000
vn 0.00000 -0.00000 1.00000
vn 0.00000 -0.00000 1.00000
vn 0.00000 -0.00000 1.00000
vn 0.00000 -0.00000 1.00000
vn 0.00000 -0.00000 1.00000
vn 0.00000 -0.00000 1.00000
vn 0.00000 -0.00000 1.00000
vn 0.00000 -0.00000 1.00000
vn 0.00000 -0.00000 1.00000
vn 0.00000 -0.00000 1.00000
vn 0.00000 -0.00000 1.00000
vn 0.00000 -0.00000 1.00000
vn 0.00000 -0.00000 1.00000
vn 0.00000 -0.00000 1.00000
vn 0.00000 -0.00000 1.00000
vn 0.00000 -0.00000 1.00000
vn 0.00000 -0.00000 1.00000
vn 0.00000 -0.00000 1.00000
vn 0.00000 -0.00000 1.00000
vn 0.00000 -0.00000 1.00000
vn 0.00000 -0.00000 1.00000
vn 0.00000 -0.00000 1.00000
vn 0.00000 -0.00000 1.00000
vn 0.00000 -0.00000 1.00000
vn 0.00000 -0.00000 1.00000
vn 0.00000 -0.00000 1.00000
vn 0.00000 -0.00000 1.00000
vn 0.00000 -0.00000 1.00000
vn 0.00000 -0.00000 1.00000
vn 0.00000 -0.00000 1.00000
vn 0.00000 -0.00000 1.00000
vn 0.00000 -0.00000 1.00000
vn 0.00000 -0.00000 1.00000
vn 0.00000 -0.00000 1.00000
vn 0.00000 -0.00000 1.00000
vn 0.00000 -0.00000 1.00000
vn 0.00000 -0.00000 1.00000
vn 0.00000 -0.00000 1.00000
vn 0.00000 -0.00000 1.00000
vn 0.00000 -0.00000 1.00000
vn 0.00000 -0.00000 1.00000
vn 0.00000 -0.00000 1.00000
vn 0.00000 -0.00000 1.00000
vn 0.00000 -0.00000 1.00000
vn 0.00000 -0.00000 1.00000
vn 0.00000 -0.00000 1.00000
vn 0.00000 -0.00000 1.00000
vn 0.00000 -0.00000 1.00000
vn 0.00000 -0.00000 1.00000
vn 0.00000 -0.00000 1.00000
vn 0.00000 -0.00000 1.00000
vn 0.00000 -0.00000 1.00000
vn 0.00000 -0.00000 1.00000
vn 0.00000 -0.00000 1.00000
vn 0.00000 -0.00000 1.00000
vn 0.00000 -0.00000 1.00000
vn 0.00000 -0.00000 1.00000
vn 0.00000 -0.00000 1.00000
vn 0.00000 -0.00000 1.00000
vn 0.00000 -0.00000 1.00000
vn 0.00000 -0.00000 1.00000
vn 0.00000 -0.00000 1.00000
vn 0.00000 -0.00000 1.00000
vn 0.00000 -0.00000 1.00000
vn 0.00000 -0.00000 1.00000
vn 0.00000 -0.00000 1.00000
vn 0.00000 -0.00000 1.00000
vn 0.00000 -0.00000 1.00000
vn 0.00000 -0.00000 1.00000
vn 0.00000 -0.00000 1.00000
vn 0.00000 -0.00000 1.00000
vn 0.00000 -0.00000 1.00000
vn 0.00000 -0.00000 1.00000
vn 0.00000 -0.00000 1.00000
vn 0.00000 -0.00000 1.00000
vn 0.00000 -0.00000 1.00000
vn 0.00000 -0.00000 1.00000
vn 0.00000 -0.00000 1.00000
vn 0.00000 -0.00000 1.00000
vn 0.00000 -0.00000 1.00000
vn 0.00000 -0.00000 1.00000
vn 0.00000 -0.00000 1.00000
vn 0.00000 -0.00000 1.00000
vn 0.00000 -0.00000 1.00000
vn 0.00000 -0.00000 1.00000
vn 0.00000 -0.00000 1.00000
vn 0.00000 -0.00000 1.00000
vn 0.00000 -0.00000 1.00000
vn 0.00000 -0.00000 1.00000
vn 0.00000 -0.00000 1.00000
vn 0.00000 -0.00000 1.00000
vn 0.00000 -0.00000 1.00000
vn 0.00000 -0.00000 1.00000
vn 0.00000 -0.00000 1.00000
vn 0.00000 -0.00000 1.00000
vn 0.00000 -0.00000 1.00000
vn 0.00000 -0.00000 1.00000
vn 0.00000 -0.00000 1.00000
vn 0.00000 -0.00000 1.00000
vn 0.00000 -0.00000 1.00000
vn 0.00000 -0.00000 1.00000
vn 0.00000 -0.00000 1.00000
vn 0.00000 -0.00000 1.00000
vn 0.00000 -0.00000 1.00000
vn 0.00000 -0.00000 1.00000
vn 0.00000 -0.00000 1.00000
vn 0.00000 -0.00000 1.00000
vn 0.00000 -0.00000 1.00000
vn 0.00000 -0.00000 1.00000
vn 0.00000 -0.00000 1.00000
vn 0.00000 -0.00000 1.00000
vn 0.00000 -0.00000 1.00000
vn 0.00000 -0.00000 1.00000
vn 0.00000 -0.00000 1.00000
vn 0.00000 -0.00000 1.00000
vn 0.00000 -0.00000 1.00000
vn 0.00000 -0.00000 1.00000
vn 0.00000 -0.00000 1.00000
vn 0.00000 -0.00000 1.00000
vn 0.00000 -0.00000 1.00000
vn 0.00000 -0.00000 1.00000
vn 0.00000 -0.00000 1.00000
vn 0.00000 -0.00000 1.00000
vn 0.00000 -0.00000 1.00000
vn 0.00000 -0.00000 1.00000
vn 0.00000 -0.00000 1.00000
vn 0.00000 -0.00000 1.00000
vn 0.00000 -0.00000 1.00000
vn 0.00000 -0.00000 1.00000
vn 0.00000 -0.00000 1.00000
vn 0.00000 -0.00000 1.00000
vn 0.00000 -0.00000 1.00000
vn 0.00000 -0.00000 1.00000
vn 0.00000 -0.00000 1.00000
vn 0.00000 -0.00000 1.00000
vn 0.00000 -0.00000 1.00000
vn 0.00000 -0.00000 1.00000
vn 0.00000 -0.00000 1.00000
vn 0.00000 -0.00000 1.00000
vn 0.00000 -0.00000 1.00000
vn 0.00000 -0.00000 1.00000
vn 0.00000 -0.00000 1.00000
vn 0.00000 -0.00000 1.00000
vn 0.00000 -0.00000 1.00000
vn 0.00000 -0.00000 1.00000
vn 0.00000 -0.00000 1.00000
vn 0.00000 -0.00000 1.00000
vn 0.00000 -0.00000 1.00000
vn 0.00000 -0.00000 1.00000
vn 0.00000 -0.00000 1.00000
vn 0.00000 -0.00000 1.00000
vn 0.00000 -0.00000 1.00000
vn 0.00000 -0.00000 1.00000
vn 0.00000 -0.00000 1.00000
vn 0.00000 -0.00000 1.00000
vn 0.00000 -0.00000 1.00000
vn 0.00000 -0.00000 1.00000
vn 0.00000 -0.00000 1.00000
vn 0.00000 -0.00000 1.00000
vn 0.00000 -0.00000 1.00000
vn 0.00000 -0.00000 1.00000
vn 0.00000 -0.00000 1.00000
vn 0.00000 -0.00000 1.00000
vn 0.00000 -0.00000 1.00000
vn 0.00000 -0.00000 1.00000
vn 0.00000 -0.00000 1.00000
vn 0.00000 -0.00000 1.00000
vn 0.00000 -0.00000 1.00000
vn 0.00000 -0.00000 1.00000
vn 0.00000 -0.00000 1.00000
vn 0.00000 -0.00000 1.00000
vn 0.00000 -0.00000 1.00000
vn 0.00000 -0.00000 1.00000
vn 0.00000 -0.00000 1.00000
vn 0.00000 -0.00000 1.00000
vn 0.00000 -0.00000 1.00000
vn 0.00000 -0.00000 1.00000
vn 0.00000 -0.00000 1.00000
vn 0.00000 -0.00000 1.00000
vn 0.00000 -0.00000 1.00000
vn 0.00000 -0.00000 1.00000
vn 0.00000 -0.00000 1.00000
vn 0.00000 -0.00000 1.00000
vn 0.00000 -0.00000 1.00000
vn 0.00000 -0.00000 1.00000
vn 0.00000 -0.00000 1.00000
vn 0.00000 -0.00000 1.00000
vn 0.00000 -0.00000 1.00000
vn 0.00000 -0.00000 1.00000
vn 0.00000 -0.00000 1.00000
vn 0.00000 -0.00000 1.00000
vn 0.00000 -0.00000 1.00000
vn 0.00000 -0.00000 1.00000
vn 0.00000 -0.00000 1.00000
vn 0.00000 -0.00000 1.00000
vn 0.00000 -0.00000 1.00000
vn 0.00000 -0.00000 1.00000
vn 0.00000 -0.00000 1.00000
vn 0.00000 -0.00000 1.00000
vn 0.00000 -0.00000 1.00000
vn 0.00000 -0.00000 1.00000
vn 0.00000 -0.00000 1.00000
vn 0.00000 -0.00000 1.00000
vn 0.00000 -0.00000 1.00000
vn 0.00000 -0.00000 1.00000
vn 0.00000 -0.00000 1.00000
vn 0.00000 -0.00000 1.00000
vn 0.00000 -0.00000 1.00000
vn 0.00000 -0.00000 1.00000
vn 0.00000 -0.00000 1.00000
vn 0.00000 -0.00000 1.00000
vn 0.00000 -0.00000 1.00000
vn 0.00000 -0.00000 1.00000
vn 0.00000 -0.00000 1.00000
vn 0.00000 -0.00000 1.00000
vn 0.00000 -0.00000 1.00000
vn 0.00000 -0.00000 1.00000
vn 0.00000 -0.00000 1.00000
vn 0.00000 -0.00000 1.00000
vn 0.00000 -0.00000 1.00000
vn 0.00000 -0.00000 1.00000
vn 0.00000 -0.00000 1.00000
vn 0.00000 -0.00000 1.00000
vn 0.00000 -0.00000 1.00000
vn 0.00000 -0.00000 1.00000
vn 0.00000 -0.00000 1.00000
vn 0.00000 -0.00000 1.00000
vn 0.00000 -0.00000 1.00000
vn 0.00000 -0.00000 1.00000
vn 0.00000 -0.00000 1.00000
vn 0.00000 -0.00000 1.00000
vn 0.00000 -0.00000 1.00000
vn 0.00000 -0.00000 1.00000
vn 0.00000 -0.00000 1.00000
vn 0.00000 -0.00000 1.00000
vn 0.00000 -0.00000 1.00000
vn 0.00000 -0.00000 1.00000
vn 0.00000 -0.00000 1.00000
vn 0.00000 -0.00000 1.00000
vn 0.00000 -0.00000 1.00000
vn 0.00000 -0.00000 1.00000
vn 0.00000 -0.00000 1.00000
vn 0.00000 -0.00000 1.00000
vn 0.00000 -0.00000 1.00000
vn 0.00000 -0.00000 1.00000
vn 0.00000 -0.00000 1.00000
vn 0.00000 -0.00000 1.00000
vn 0.00000 -0.00000 1.00000
vn 0.00000 -0.00000 1.00000
vn 0.00000 -0.00000 1.00000
vn 0.00000 -0.00000 1.00000
vn 0.00000 -0.00000 1.00000
vn 0.00000 -0.00000 1.00000
vn 0.00000 -0.00000 1.00000
vn 0.00000 -0.00000 1.00000
vn 0.00000 -0.00000 1.00000
vn 0.00000 -0.00000 1.00000
vn 0.00000 -0.00000 1.00000
vn 0.00000 -0.00000 1.00000
vn 0.00000 -0.00000 1.00000
vn 0.00000 -0.00000 1.00000
vn 0.00000 0.00000 -1.00000
vn 0.00000 0.00000 -1.00000
vn 0.00000 0.00000 -1.00000
vn 0.00000 0.00000 -1.00000
vn 0.00000 0.00000 -1.00000
vn 0.00000 0.00000 -1.00000
vn 0.00000 0.00000 -1.00000
vn 0.00000 0.00000 -1.00000
vn 0.00000 0.00000 -1.00000
vn 0.00000 0.00000 -1.00000
vn 0.00000 0.00000 -1.00000
vn 0.00000 0.00000 -1.00000
vn 0.00000 0.00000 -1.00000
vn 0.00000 0.00000 -1.00000
vn 0.00000 0.00000 -1.00000
vn 0.00000 0.00000 -1.00000
vn 0.00000 0.00000 -1.00000
vn 0.00000 0.00000 -1.00000
vn 0.00000 0.00000 -1.00000
vn 0.00000 0.00000 -1.00000
vn 0.00000 0.00000 -1.00000
vn 0.00000 0.00000 -1.00000
vn 0.00000 0.00000 -1.00000
vn 0.00000 0.00000 -1.00000
vn 0.00000 0.00000 -1.00000
vn 0.00000 0.00000 -1.00000
vn 0.00000 0.00000 -1.00000
vn 0.00000 0.00000 -1.00000
vn 0.00000 0.00000 -1.00000
vn 0.00000 0.00000 -1.00000
vn 0.00000 0.00000 -1.00000
vn 0.00000 0.00000 -1.00000
vn 0.00000 0.00000 -1.00000
vn 0.00000 0.00000 -1.00000
vn 0.00000 0.00000 -1.00000
vn 0.00000 0.00000 -1.00000
vn 0.00000 0.00000 -1.00000
vn 0.00000 0.00000 -1.00000
vn 0.00000 0.00000 -1.00000
vn 0.00000 0.00000 -1.00000
vn 0.00000 0.00000 -1.00000
vn 0.00000 0.00000 -1.00000
vn 0.00000 0.00000 -1.00000
vn 0.00000 0.00000 -1.00000
vn 0.00000 0.00000 -1.00000
vn 0.00000 0.00000 -1.00000
vn 0.00000 0.00000 -1.00000
vn 0.00000 0.00000 -1.00000
vn 0.00000 0.00000 -1.00000
vn 0.00000 0.00000 -1.00000
vn 0.00000 0.00000 -1.00000
vn 0.00000 0.00000 -1.00000
vn 0.00000 0.00000 -1.00000
vn 0.00000 0.00000 -1.00000
vn 0.00000 0.00000 -1.00000
vn 0.00000 0.00000 -1.00000
vn 0.00000 0.00000 -1.00000
vn 0.00000 0.00000 -1.00000
vn 0.00000 0.00000 -1.00000
vn 0.00000 0.00000 -1.00000
vn 0.00000 0.00000 -1.00000
vn 0.00000 0.00000 -1.00000
vn 0.00000 0.00000 -1.00000
vn 0.00000 0.00000 -1.00000
vn 0.00000 0.00000 -1.00000
vn 0.00000 0.00000 -1.00000
vn 0.00000 0.00000 -1.00000
vn 0.00000 0.00000 -1.00000
vn 0.00000 0.00000 -1.00000
vn 0.00000 0.00000 -1.00000
vn 0.00000 0.00000 -1.00000
vn 0.00000 0.00000 -1.00000
vn 0.00000 0.00000 -1.00000
vn 0.00000 0.00000 -1.00000
vn 0.00000 0.00000 -1.00000
vn 0.00000 0.00000 -1.00000
vn 0.00000 0.00000 -1.00000
vn 0.00000 0.00000 -1.00000
vn 0.00000 0.00000 -1.00000
vn 0.00000 0.00000 -1.00000
vn 0.00000 0.00000 -1.00000
vn 0.00000 0.00000 -1.00000
vn 0.00000 0.00000 -1.00000
vn 0.00000 0.00000 -1.00000
vn 0.00000 0.00000 -1.00000
vn 0.00000 0.00000 -1.00000
vn 0.00000 0.00000 -1.00000
vn 0.00000 0.00000 -1.00000
vn 0.00000 0.00000 -1.00000
vn 0.00000 0.00000 -1.00000
vn 0.00000 0.00000 -1.00000
vn 0.00000 0.00000 -1.00000
vn 0.00000 0.00000 -1.00000
vn 0.00000 0.00000 -1.00000
vn 0.00000 0.00000 -1.00000
vn 0.00000 0.00000 -1.00000
vn 0.00000 0.00000 -1.00000
vn 0.00000 0.00000 -1.00000
vn 0.00000 0.00000 -1.00000
vn 0.00000 0.00000 -1.00000
vn 0.00000 0.00000 -1.00000
vn 0.00000 0.00000 -1.00000
vn 0.00000 0.00000 -1.00000
vn 0.00000 0.00000 -1.00000
vn 0.00000 0.00000 -1.00000
vn 0.00000 0.00000 -1.00000
vn 0.00000 0.00000 -1.00000
vn 0.00000 0.00000 -1.00000
vn 0.00000 0.00000 -1.00000
vn 0.00000 0.00000 -1.00000
vn 0.00000 0.00000 -1.00000
vn 0.00000 0.00000 -1.00000
vn 0.00000 0.00000 -1.00000
vn 0.00000 0.00000 -1.00000
vn 0.00000 0.00000 -1.00000
vn 0.00000 0.00000 -1.00000
vn 0.00000 0.00000 -1.00000
vn 0.00000 0.00000 -1.00000
vn 0.00000 0.00000 -1.00000
vn 0.00000 0.00000 -1.00000
vn 0.00000 0.00000 -1.00000
vn 0.00000 0.00000 -1.00000
vn 0.00000 0.00000 -1.00000
vn 0.00000 0.00000 -1.00000
vn 0.00000 0.00000 -1.00000
vn 0.00000 0.00000 -1.00000
vn 0.00000 0.00000 -1.00000
vn 0.00000 0.00000 -1.00000
vn 0.00000 0.00000 -1.00000
vn 0.00000 0.00000 -1.00000
vn 0.00000 0.00000 -1.00000
vn 0.00000 0.00000 -1.00000
vn 0.00000 0.00000 -1.00000
vn 0.00000 0.00000 -1.00000
vn 0.00000 0.00000 -1.00000
vn 0.00000 0.00000 -1.00000
vn 0.00000 0.00000 -1.00000
vn 0.00000 0.00000 -1.00000
vn 0.00000 0.00000 -1.00000
vn 0.00000 0.00000 -1.00000
vn 0.00000 0.00000 -1.00000
vn 0.00000 0.00000 -1.00000
vn 0.00000 0.00000 -1.00000
vn 0.00000 0.00000 -1.00000
vn 0.00000 0.00000 -1.00000
vn 0.00000 0.00000 -1.00000
vn 0.00000 0.00000 -1.00000
vn 0.00000 0.00000 -1.00000
vn 0.00000 0.00000 -1.00000
vn 0.00000 0.00000 -1.00000
vn 0.00000 0.00000 -1.00000
vn 0.00000 0.00000 -1.00000
vn 0.00000 0.00000 -1.00000
vn 0.00000 0.00000 -1.00000
vn 0.00000 0.00000 -1.00000
vn 0.00000 0.00000 -1.00000
vn 0.00000 0.00000 -1.00000
vn 0.00000 0.00000 -1.00000
vn 0.00000 0.00000 -1.00000
vn 0.00000 0.00000 -1.00000
vn 0.00000 0.00000 -1.00000
vn 0.00000 0.00000 -1.00000
vn 0.00000 0.00000 -1.00000
vn 0.00000 0.00000 -1.00000
vn 0.00000 0.00000 -1.00000
vn 0.00000 0.00000 -1.00000
vn 0.00000 0.00000 -1.00000
vn 0.00000 0.00000 -1.00000
vn 0.00000 0.00000 -1.00000
vn 0.00000 0.00000 -1.00000
vn 0.00000 0.00000 -1.00000
vn 0.00000 0.00000 -1.00000
vn 0.00000 0.00000 -1.00000
vn 0.00000 0.00000 -1.00000
vn 0.00000 0.00000 -1.00000
vn 0.00000 0.00000 -1.00000
vn 0.00000 0.00000 -1.00000
vn 0.00000 0.00000 -1.00000
vn 0.00000 0.00000 -1.00000
vn 0.00000 0.00000 -1.00000
vn 0.00000 0.00000 -1.00000
vn 0.00000 0.00000 -1.00000
vn 0.00000 0.00000 -1.00000
vn 0.00000 0.00000 -1.00000
vn 0.00000 0.00000 -1.00000
vn 0.00000 0.00000 -1.00000
vn 0.00000 0.00000 -1.00000
vn 0.00000 0.00000 -1.00000
vn 0.00000 0.00000 -1.00000
vn 0.00000 0.00000 -1.00000
vn 0.00000 0.00000 -1.00000
vn 0.00000 0.00000 -1.00000
vn 0.00000 0.00000 -1.00000
vn 0.00000 0.00000 -1.00000
vn 0.00000 0.00000 -1.00000
vn 0.00000 0.00000 -1.00000
vn 0.00000 0.00000 -1.00000
vn 0.00000 0.00000 -1.00000
vn 0.00000 0.00000 -1.00000
vn 0.00000 0.00000 -1.00000
vn 0.00000 0.00000 -1.00000
vn 0.00000 0.00000 -1.00000
vn 0.00000 0.00000 -1.00000
vn 0.00000 0.00000 -1.00000
vn 0.00000 0.00000 -1.00000
vn 0.00000 0.00000 -1.00000
vn 0.00000 0.00000 -1.00000
vn 0.00000 0.00000 -1.00000
vn 0.00000 0.00000 -1.00000
vn 0.00000 0.00000 -1.00000
vn 0.00000 0.00000 -1.00000
vn 0.00000 0.00000 -1.00000
vn 0.00000 0.00000 -1.00000
vn 0.00000 0.00000 -1.00000
vn 0.00000 0.00000 -1.00000
vn 0.00000 0.00000 -1.00000
vn 0.00000 0.00000 -1.00000
vn 0.00000 0.00000 -1.00000
vn 0.00000 0.00000 -1.00000
vn 0.00000 0.00000 -1.00000
vn 0.00000 0.00000 -1.00000
vn 0.00000 0.00000 -1.00000
vn 0.00000 0.00000 -1.00000
vn 0.00000 0.00000 -1.00000
vn 0.00000 0.00000 -1.00000
vn 0.00000 0.00000 -1.00000
vn 0.00000 0.00000 -1.00000
vn 0.00000 0.00000 -1.00000
vn 0.00000 0.00000 -1.00000
vn 0.00000 0.00000 -1.00000
vn 0.00000 0.00000 -1.00000
vn 0.00000 0.00000 -1.00000
vn 0.00000 0.00000 -1.00000
vn 0.00000 0.00000 -1.00000
vn 0.00000 0.00000 -1.00000
vn 0.00000 0.00000 -1.00000
vn 0.00000 0.00000 -1.00000
vn 0.00000 0.00000 -1.00000
vn 0.00000 0.00000 -1.00000
vn 0.00000 0.00000 -1.00000
vn 0.00000 0.00000 -1.00000
vn 0.00000 0.00000 -1.00000
vn 0.00000 0.00000 -1.00000
vn 0.00000 0.00000 -1.00000
vn 0.00000 0.00000 -1.00000
vn 0.00000 0.00000 -1.00000
vn 0.00000 0.00000 -1.00000
vn 0.00000 0.00000 -1.00000
vn 0.00000 0.00000 -1.00000
vn 0.00000 0.00000 -1.00000
vn 0.00000 0.00000 -1.00000
vn 0.00000 0.00000 -1.00000
vn 0.00000 0.00000 -1.00000
vn 0.00000 0.00000 -1.00000
vn 0.00000 0.00000 -1.00000
vn 0.00000 0.00000 -1.00000
vn 0.00000 0.00000 -1.00000
vn 0.00000 0.00000 -1.00000
vn 0.00000 0.00000 -1.00000
vn 0.00000 0.00000 -1.00000
vn 0.00000 0.00000 -1.00000
vn 0.00000 0.00000 -1.00000
vn 0.00000 0.00000 -1.00000
vn 0.00000 0.00000 -1.00000
vn 0.00000 0.00000 -1.00000
vn 0.00000 0.00000 -1.00000
vn 0.00000 0.00000 -1.00000
vn 0.00000 0.00000 -1.00000
vn 0.00000 0.00000 -1.00000
vn 0.00000 0.00000 -1.00000
vn 0.00000 0.00000 -1.00000
vn 0.00000 0.00000 -1.00000
vn 0.00000 0.00000 -1.00000
vn 0.00000 0.00000 -1.00000
vn 0.00000 0.00000 -1.00000
vn 0.00000 0.00000 -1.00000
vn 0.00000 0.00000 -1.00000
vn 0.00000 0.00000 -1.00000
vn 0.00000 0.00000 -1.00000
vn 0.00000 0.00000 -1.00000
vn 0.00000 0.00000 -1.00000
vn 0.00000 0.00000 -1.00000
vn 0.00000 0.00000 -1.00000
vn 0.00000 0.00000 -1.00000
vn 0.00000 0.00000 -1.00000
vn 0.00000 0.00000 -1.00000
vn 0.00000 0.00000 -1.00000
vn 0.00000 0.00000 -1.00000
vn 0.00000 0.00000 -1.00000
vn 0.00000 0.00000 -1.00000
vn 0.00000 0.00000 -1.00000
vn 0.00000 0.00000 -1.00000
vn 0.00000 0.00000 -1.00000
vn 0.00000 0.00000 -1.00000
vn 0.00000 0.00000 -1.00000
vn 0.00000 0.00000 -1.00000
vn 0.00000 0.00000 -1.00000
vn 0.00000 0.00000 -1.00000
vn 0.00000 0.00000 -1.00000
vn 0.00000 0.00000 -1.00000
vn 0.00000 0.00000 -1.00000
vn 0.00000 0.00000 -1.00000
vn 0.00000 0.00000 -1.00000
vn 0.00000 0.00000 -1.00000
vn 0.00000 0.00000 -1.00000
vn 0.00000 0.00000 -1.00000
vn 0.00000 0.00000 -1.00000
vn 0.00000 0.00000 -1.00000
vn 0.00000 0.00000 -1.00000
vn 0.00000 0.00000 -1.00000
vn 0.00000 0.00000 -1.00000
vn 0.00000 0.00000 -1.00000
vn 0.00000 0.00000 -1.00000
vn 0.00000 0.00000 -1.00000
vn 0.00000 0.00000 -1.00000
vn 0.00000 0.00000 -1.00000
vn 0.00000 0.00000 -1.00000
vn 0.00000 0.00000 -1.00000
vn 0.00000 0.00000 -1.00000
vn 0.00000 0.00000 -1.00000
vn 0.00000 0.00000 -1.00000
vn 0.00000 0.00000 -1.00000
vn 0.00000 0.00000 -1.00000
vn 0.00000 0.00000 -1.00000
vn 0.00000 0.00000 -1.00000
vn 0.00000 0.00000 -1.00000
vn 0.00000 0.00000 -1.00000
vn 0.00000 0.00000 -1.00000
vn 0.00000 0.00000 -1.00000
vn 0.00000 0.00000 -1.00000
vn 0.00000 0.00000 -1.00000
vn 0.00000 0.00000 -1.00000
vn 0.00000 0.00000 -1.00000
vn 0.00000 0.00000 -1.00000
vn 0.00000 0.00000 -1.00000
vn 0.00000 0.00000 -1.00000
vn 0.00000 0.00000 -1.00000
vn 0.00000 0.00000 -1.00000
vn 0.00000 0.00000 -1.00000
vn 0.00000 0.00000 -1.00000
vn 0.00000 0.00000 -1.00000
vn 0.00000 0.00000 -1.00000
vn 0.00000 0.00000 -1.00000
vn 0.00000 0.00000 -1.00000
vn 0.00000 0.00000 -1.00000
vn 0.00000 0.00000 -1.00000
vn 0.00000 0.00000 -1.00000
vn 0.00000 0.00000 -1.00000
vn 0.00000 0.00000 -1.00000
vn 0.00000 0.00000 -1.00000
vn 0.00000 0.00000 -1.00000
vn 0.00000 0.00000 -1.00000
vn 0.00000 0.00000 -1.00000
vn 0.00000 0.00000 -1.00000
vn 0.00000 0.00000 -1.00000
vn 0.00000 0.00000 -1.00000
vn 0.00000 0.00000 -1.00000
vn 0.00000 0.00000 -1.00000
vn 0.00000 0.00000 -1.00000
vn 0.00000 0.00000 -1.00000
vn 0.00000 0.00000 -1.00000
vn 0.00000 0.00000 -1.00000
vn 0.00000 0.00000 -1.00000
vn 0.00000 0.00000 -1.00000
vn 0.00000 0.00000 -1.00000
vn 0.00000 0.00000 -1.00000
vn 0.00000 0.00000 -1.00000
vn 0.00000 0.00000 -1.00000
vn 0.00000 0.00000 -1.00000
vn 0.00000 0.00000 -1.00000
vn 0.00000 0.00000 -1.00000
vn 0.00000 0.00000 -1.00000
vn 0.00000 0.00000 -1.00000
vn 0.00000 0.00000 -1.00000
vn 0.00000 0.00000 -1.00000
vn 0.00000 0.00000 -1.00000
vn 0.00000 0.00000 -1.00000
vn 0.00000 0.00000 -1.00000
vn 0.00000 0.00000 -1.00000
vn 0.00000 0.00000 -1.00000
vn 0.00000 0.00000 -1.00000
vn 0.00000 0.00000 -1.00000
vn 0.00000 0.00000 -1.00000
vn 0.00000 0.00000 -1.00000
vn 0.00000 0.00000 -1.00000
vn 0.00000 0.00000 -1.00000
vn 0.00000 0.00000 -1.00000
vn 0.00000 0.00000 -1.00000
vn 0.00000 0.00000 -1.00000
vn 0.00000 0.00000 -1.00000
vn 0.00000 0.00000 -1.00000
vn 0.00000 0.00000 -1.00000
vn 0.00000 0.00000 -1.00000
vn 0.00000 0.00000 -1.00000
vn 0.00000 0.00000 -1.00000
vn 0.00000 0.00000 -1.00000
vn 0.00000 0.00000 -1.00000
vn 0.00000 0.00000 -1.00000
vn 0.00000 0.00000 -1.00000
vn 0.00000 0.00000 -1.00000
vn 0.00000 0.00000 -1.00000
vn 0.00000 0.00000 -1.00000
vn 0.00000 0.00000 -1.00000
vn 0.00000 0.00000 -1.00000
vn 0.00000 0.00000 -1.00000
vn 0.00000 0.00000 -1.00000
vn 0.00000 0.00000 -1.00000
vn 0.00000 0.00000 -1.00000
vn 0.00000 0.00000 -1.00000
vn 0.00000 0.00000 -1.00000
vn 0.00000 0.00000 -1.00000
vn 0.00000 0.00000 -1.00000
vn 0.00000 0.00000 -1.00000
vn 0.00000 0.00000 -1.00000
vn 0.00000 0.00000 -1.00000
vn 0.00000 0.00000 -1.00000
vn 0.00000 0.00000 -1.00000
vn 0.00000 0.00000 -1.00000
vn 0.00000 0.00000 -1.00000
vn 0.00000 0.00000 -1.00000
vn 0.00000 0.00000 -1.00000
vn 0.00000 0.00000 -1.00000
vn 0.00000 0.00000 -1.00000
vn 0.00000 0.00000 -1.00000
vn 0.00000 0.00000 -1.00000
vn 0.00000 0.00000 -1.00000
vn 0.00000 0.00000 -1.00000
vn 0.00000 0.00000 -1.00000
vn 0.00000 0.00000 -1.00000
vn 0.00000 0.00000 -1.00000
vn 0.00000 0.00000 -1.00000
vn 0.00000 0.00000 -1.00000
vn 0.00000 0.00000 -1.00000
vn 0.00000 0.00000 -1.00000
vn 0.00000 0.00000 -1.00000
vn 0.00000 0.00000 -1.00000
vn 0.00000 0.00000 -1.00000
vn 0.00000 0.00000 -1.00000
vn 0.00000 0.00000 -1.00000
vn 0.00000 0.00000 -1.00000
vn 0.00000 0.00000 -1.00000
vn 0.00000 0.00000 -1.00000
vn 0.00000 0.00000 -1.00000
vn 0.00000 0.00000 -1.00000
vn 0.00000 0.00000 -1.00000
vn 0.00000 0.00000 -1.00000
vn 0.00000 0.00000 -1.00000
vn 0.00000 0.00000 -1.00000
vn 0.00000 0.00000 -1.00000
vn 0.00000 0.00000 -1.00000
vn 0.00000 0.00000 -1.00000
vn 0.00000 0.00000 -1.00000
vn 0.00000 0.00000 -1.00000
f 1/1/1 2/2/2 3/3/3 
f 3/3/4 2/2/5 4/4/6 
f 5/5/7 6/6/8 7/7/9 
f 7/7/10 6/6/11 8/8/12 
f 8/8/13 6/6/14 9/9/15 
f 8/8/16 9/9/17 10/10/18 
f 10/10/19 9/9/20 11/11/21 
f 10/10/22 11/11/23 12/12/24 
f 12/12/25 11/11/26 1/1/27 
f 12/12/28 1/1/29 3/3/30 
f 13/13/31 14/14/32 15/15/33 
f 15/15/34 14/14/35 16/16/36 
f 16/16/37 14/14/38 5/5/39 
f 16/16/40 5/5/41 7/7/42 
f 17/17/43 13/13/44 18/18/45 
f 18/18/46 13/13/47 15/15/48 
f 19/19/49 17/17/50 20/20/51 
f 20/20/52 17/17/53 18/18/54 
f 21/21/55 19/19/56 22/22/57 
f 22/22/58 19/19/59 20/20/60 
f 23/23/61 21/21/62 24/24/63 
f 24/24/64 21/21/65 22/22/66 
f 25/25/67 23/23/68 26/26/69 
f 26/26/70 23/23/71 24/24/72 
f 27/27/73 28/28/74 29/29/75 
f 29/29/76 28/28/77 30/30/78 
f 30/30/79 28/28/80 31/31/81 
f 30/30/82 31/31/83 32/32/84 
f 32/32/85 31/31/86 33/33/87 
f 32/32/88 33/33/89 34/34/90 
f 34/34/91 33/33/92 35/35/93 
f 34/34/94 35/35/95 36/36/96 
f 36/36/97 35/35/98 37/37/99 
f 36/36/100 37/37/101 38/38/102 
f 38/38/103 37/37/104 39/39/105 
f 38/38/106 39/39/107 40/40/108 
f 40/40/109 39/39/110 25/25/111 
f 40/40/112 25/25/113 26/26/114 
f 41/41/115 42/42/116 43/43/117 
f 43/43/118 42/42/119 44/44/120 
f 44/44/121 42/42/122 45/45/123 
f 44/44/124 45/45/125 46/46/126 
f 46/46/127 45/45/128 47/47/129 
f 46/46/130 47/47/131 48/48/132 
f 48/48/133 47/47/134 27/27/135 
f 48/48/136 27/27/137 29/29/138 
f 49/49/139 41/41/140 50/50/141 
f 50/50/142 41/41/143 43/43/144 
f 51/51/145 49/49/146 52/52/147 
f 52/52/148 49/49/149 50/50/150 
f 53/53/151 54/54/152 55/55/153 
f 55/55/154 54/54/155 56/56/156 
f 56/56/157 54/54/158 57/57/159 
f 56/56/160 57/57/161 58/58/162 
f 58/58/163 57/57/164 59/59/165 
f 58/58/166 59/59/167 60/60/168 
f 60/60/169 59/59/170 61/61/171 
f 60/60/172 61/61/173 62/62/174 
f 62/62/175 61/61/176 63/63/177 
f 62/62/178 63/63/179 64/64/180 
f 64/64/181 63/63/182 65/65/183 
f 64/64/184 65/65/185 66/66/186 
f 66/66/187 65/65/188 67/67/189 
f 66/66/190 67/67/191 68/68/192 
f 68/68/193 67/67/194 51/51/195 
f 68/68/196 51/51/197 52/52/198 
f 69/69/199 53/53/200 70/70/201 
f 70/70/202 53/53/203 55/55/204 
f 71/71/205 72/72/206 73/73/207 
f 73/73/208 72/72/209 74/74/210 
f 74/74/211 72/72/212 75/75/213 
f 74/74/214 75/75/215 76/76/216 
f 76/76/217 75/75/218 77/77/219 
f 76/76/220 77/77/221 78/78/222 
f 78/78/223 77/77/224 69/69/225 
f 78/78/226 69/69/227 70/70/228 
f 79/79/229 71/71/230 80/80/231 
f 80/80/232 71/71/233 73/73/234 
f 81/81/235 79/79/236 82/82/237 
f 82/82/238 79/79/239 80/80/240 
f 83/83/241 81/81/242 84/84/243 
f 84/84/244 81/81/245 82/82/246 
f 85/85/247 86/86/248 87/87/249 
f 87/87/250 86/86/251 88/88/252 
f 88/88/253 86/86/254 89/89/255 
f 88/88/256 89/89/257 90/90/258 
f 90/90/259 89/89/260 91/91/261 
f 90/90/262 91/91/263 92/92/264 
f 92/92/265 91/91/266 83/83/267 
f 92/92/268 83/83/269 84/84/270 
f 93/93/271 94/94/272 95/95/273 
f 95/95/274 94/94/275 96/96/276 
f 95/95/277 96/96/278 97/97/279 
f 97/97/280 96/96/281 98/98/282 
f 97/97/283 98/98/284 99/99/285 
f 99/99/286 98/98/287 100/100/288 
f 99/99/289 100/100/290 101/101/291 
f 101/101/292 100/100/293 102/102/294 
f 101/101/295 102/102/296 103/103/297 
f 103/103/298 102/102/299 104/104/300 
f 103/103/301 104/104/302 105/105/303 
f 105/105/304 104/104/305 106/106/306 
f 105/105/307 106/106/308 107/107/309 
f 107/107/310 106/106/311 108/108/312 
f 107/107/313 108/108/314 109/109/315 
f 109/109/316 108/108/317 110/110/318 
f 109/109/319 110/110/320 111/111/321 
f 111/111/322 110/110/323 112/112/324 
f 111/111/325 112/112/326 113/113/327 
f 113/113/328 112/112/329 114/114/330 
f 113/113/331 114/114/332 115/115/333 
f 115/115/334 114/114/335 116/116/336 
f 115/115/337 116/116/338 117/117/339 
f 117/117/340 116/116/341 118/118/342 
f 117/117/343 118/118/344 119/119/345 
f 119/119/346 118/118/347 120/120/348 
f 119/119/349 120/120/350 121/121/351 
f 121/121/352 120/120/353 122/122/354 
f 121/121/355 122/122/356 123/123/357 
f 123/123/358 122/122/359 85/85/360 
f 123/123/361 85/85/362 124/124/363 
f 124/124/364 85/85/365 125/125/366 
f 124/124/367 125/125/368 126/126/369 
f 126/126/370 125/125/371 127/127/372 
f 126/126/373 127/127/374 128/128/375 
f 128/128/376 127/127/377 129/129/378 
f 128/128/379 129/129/380 130/130/381 
f 130/130/382 129/129/383 131/131/384 
f 130/130/385 131/131/386 132/132/387 
f 132/132/388 131/131/389 133/133/390 
f 132/132/391 133/133/392 134/134/393 
f 134/134/394 133/133/395 135/135/396 
f 134/134/397 135/135/398 136/136/399 
f 136/136/400 135/135/401 137/137/402 
f 136/136/403 137/137/404 138/138/405 
f 138/138/406 137/137/407 139/139/408 
f 138/138/409 139/139/410 140/140/411 
f 140/140/412 139/139/413 141/141/414 
f 140/140/415 141/141/416 142/142/417 
f 142/142/418 141/141/419 143/143/420 
f 142/142/421 143/143/422 144/144/423 
f 144/144/424 143/143/425 145/145/426 
f 144/144/427 145/145/428 146/146/429 
f 93/93/430 147/147/431 94/94/432 
f 94/94/433 147/147/434 148/148/435 
f 94/94/436 148/148/437 96/96/438 
f 96/96/439 148/148/440 98/98/441 
f 147/147/442 149/149/443 148/148/444 
f 148/148/445 149/149/446 150/150/447 
f 148/148/448 150/150/449 98/98/450 
f 98/98/451 150/150/452 100/100/453 
f 149/149/454 151/151/455 150/150/456 
f 150/150/457 151/151/458 152/152/459 
f 150/150/460 152/152/461 100/100/462 
f 100/100/463 152/152/464 102/102/465 
f 151/151/466 153/153/467 152/152/468 
f 152/152/469 153/153/470 154/154/471 
f 152/152/472 154/154/473 102/102/474 
f 102/102/475 154/154/476 104/104/477 
f 153/153/478 155/155/479 154/154/480 
f 154/154/481 155/155/482 156/156/483 
f 154/154/484 156/156/485 104/104/486 
f 104/104/487 156/156/488 106/106/489 
f 155/155/490 157/157/491 156/156/492 
f 156/156/493 157/157/494 158/158/495 
f 156/156/496 158/158/497 106/106/498 
f 106/106/499 158/158/500 108/108/501 
f 157/157/502 159/159/503 158/158/504 
f 158/158/505 159/159/506 160/160/507 
f 158/158/508 160/160/509 108/108/510 
f 108/108/511 160/160/512 110/110/513 
f 159/159/514 161/161/515 160/160/516 
f 160/160/517 161/161/518 162/162/519 
f 160/160/520 162/162/521 110/110/522 
f 110/110/523 162/162/524 112/112/525 
f 161/161/526 163/163/527 162/162/528 
f 162/162/529 163/163/530 164/164/531 
f 162/162/532 164/164/533 112/112/534 
f 112/112/535 164/164/536 114/114/537 
f 163/163/538 165/165/539 164/164/540 
f 164/164/541 165/165/542 166/166/543 
f 164/164/544 166/166/545 114/114/546 
f 114/114/547 166/166/548 116/116/549 
f 165/165/550 167/167/551 166/166/552 
f 166/166/553 167/167/554 168/168/555 
f 166/166/556 168/168/557 116/116/558 
f 116/116/559 168/168/560 118/118/561 
f 167/167/562 169/169/563 168/168/564 
f 168/168/565 169/169/566 170/170/567 
f 168/168/568 170/170/569 118/118/570 
f 118/118/571 170/170/572 120/120/573 
f 169/169/574 171/171/575 170/170/576 
f 170/170/577 171/171/578 172/172/579 
f 170/170/580 172/172/581 120/120/582 
f 120/120/583 172/172/584 122/122/585 
f 171/171/586 85/85/587 172/172/588 
f 172/172/589 85/85/590 122/122/591 
f 87/87/592 173/173/593 85/85/594 
f 85/85/595 173/173/596 174/174/597 
f 85/85/598 174/174/599 125/125/600 
f 125/125/601 174/174/602 127/127/603 
f 175/175/604 176/176/605 87/87/606 
f 87/87/607 176/176/608 177/177/609 
f 87/87/610 177/177/611 178/178/612 
f 178/178/613 177/177/614 179/179/615 
f 178/178/616 179/179/617 180/180/618 
f 180/180/619 179/179/620 181/181/621 
f 180/180/622 181/181/623 182/182/624 
f 182/182/625 181/181/626 183/183/627 
f 182/182/628 183/183/629 184/184/630 
f 184/184/631 183/183/632 185/185/633 
f 184/184/634 185/185/635 186/186/636 
f 186/186/637 185/185/638 187/187/639 
f 186/186/640 187/187/641 188/188/642 
f 188/188/643 187/187/644 189/189/645 
f 188/188/646 189/189/647 190/190/648 
f 190/190/649 189/189/650 191/191/651 
f 190/190/652 191/191/653 139/139/654 
f 139/139/655 191/191/656 141/141/657 
f 175/175/658 192/192/659 176/176/660 
f 176/176/661 192/192/662 193/193/663 
f 176/176/664 193/193/665 177/177/666 
f 177/177/667 193/193/668 179/179/669 
f 192/192/670 194/194/671 193/193/672 
f 193/193/673 194/194/674 195/195/675 
f 193/193/676 195/195/677 179/179/678 
f 179/179/679 195/195/680 181/181/681 
f 194/194/682 196/196/683 195/195/684 
f 195/195/685 196/196/686 197/197/687 
f 195/195/688 197/197/689 181/181/690 
f 181/181/691 197/197/692 183/183/693 
f 196/196/694 198/198/695 197/197/696 
f 197/197/697 198/198/698 199/199/699 
f 197/197/700 199/199/701 183/183/702 
f 183/183/703 199/199/704 185/185/705 
f 198/198/706 200/200/707 199/199/708 
f 199/199/709 200/200/710 201/201/711 
f 199/199/712 201/201/713 185/185/714 
f 185/185/715 201/201/716 187/187/717 
f 200/200/718 202/202/719 201/201/720 
f 201/201/721 202/202/722 203/203/723 
f 201/201/724 203/203/725 187/187/726 
f 187/187/727 203/203/728 189/189/729 
f 202/202/730 204/204/731 203/203/732 
f 203/203/733 204/204/734 205/205/735 
f 203/203/736 205/205/737 189/189/738 
f 189/189/739 205/205/740 191/191/741 
f 204/204/742 206/206/743 205/205/744 
f 205/205/745 206/206/746 207/207/747 
f 205/205/748 207/207/749 191/191/750 
f 191/191/751 207/207/752 141/141/753 
f 206/206/754 208/208/755 207/207/756 
f 207/207/757 208/208/758 143/143/759 
f 207/207/760 143/143/761 141/141/762 
f 208/208/763 145/145/764 143/143/765 
f 144/144/766 146/146/767 209/209/768 
f 209/209/769 146/146/770 210/210/771 
f 209/209/772 210/210/773 211/211/774 
f 211/211/775 210/210/776 212/212/777 
f 211/211/778 212/212/779 213/213/780 
f 213/213/781 212/212/782 214/214/783 
f 213/213/784 214/214/785 215/215/786 
f 215/215/787 214/214/788 216/216/789 
f 215/215/790 216/216/791 217/217/792 
f 217/217/793 216/216/794 218/218/795 
f 217/217/796 218/218/797 219/219/798 
f 219/219/799 218/218/800 220/220/801 
f 219/219/802 220/220/803 221/221/804 
f 221/221/805 220/220/806 222/222/807 
f 221/221/808 222/222/809 223/223/810 
f 223/223/811 222/222/812 224/224/813 
f 223/223/814 224/224/815 225/225/816 
f 225/225/817 224/224/818 226/226/819 
f 225/225/820 226/226/821 227/227/822 
f 227/227/823 226/226/824 228/228/825 
f 227/227/826 228/228/827 229/229/828 
f 229/229/829 228/228/830 230/230/831 
f 229/229/832 230/230/833 231/231/834 
f 231/231/835 230/230/836 232/232/837 
f 231/231/838 232/232/839 233/233/840 
f 233/233/841 232/232/842 115/115/843 
f 233/233/844 115/115/845 117/117/846 
f 95/95/847 234/234/848 214/214/849 
f 214/214/850 234/234/851 235/235/852 
f 214/214/853 235/235/854 236/236/855 
f 236/236/856 235/235/857 237/237/858 
f 236/236/859 237/237/860 238/238/861 
f 238/238/862 237/237/863 239/239/864 
f 238/238/865 239/239/866 220/220/867 
f 220/220/868 239/239/869 222/222/870 
f 95/95/871 240/240/872 241/241/873 
f 241/241/874 240/240/875 242/242/876 
f 241/241/877 242/242/878 243/243/879 
f 243/243/880 242/242/881 244/244/882 
f 243/243/883 244/244/884 245/245/885 
f 245/245/886 244/244/887 246/246/888 
f 245/245/889 246/246/890 247/247/891 
f 247/247/892 246/246/893 248/248/894 
f 247/247/895 248/248/896 249/249/897 
f 249/249/898 248/248/899 250/250/900 
f 249/249/901 250/250/902 251/251/903 
f 251/251/904 250/250/905 252/252/906 
f 251/251/907 252/252/908 253/253/909 
f 253/253/910 252/252/911 254/254/912 
f 253/253/913 254/254/914 230/230/915 
f 230/230/916 254/254/917 232/232/918 
f 95/95/919 241/241/920 255/255/921 
f 255/255/922 241/241/923 243/243/924 
f 255/255/925 243/243/926 256/256/927 
f 256/256/928 243/243/929 245/245/930 
f 256/256/931 245/245/932 257/257/933 
f 257/257/934 245/245/935 247/247/936 
f 257/257/937 247/247/938 258/258/939 
f 258/258/940 247/247/941 249/249/942 
f 258/258/943 249/249/944 259/259/945 
f 259/259/946 249/249/947 251/251/948 
f 259/259/949 251/251/950 260/260/951 
f 260/260/952 251/251/953 253/253/954 
f 260/260/955 253/253/956 228/228/957 
f 228/228/958 253/253/959 230/230/960 
f 218/218/961 216/216/962 261/261/963 
f 261/261/964 216/216/965 214/214/966 
f 261/261/967 214/214/968 236/236/969 
f 262/262/970 87/87/971 263/263/972 
f 263/263/973 87/87/974 264/264/975 
f 263/263/976 264/264/977 265/265/978 
f 265/265/979 264/264/980 180/180/981 
f 265/265/982 180/180/983 182/182/984 
f 240/240/985 95/95/986 97/97/987 
f 211/211/988 213/213/989 266/266/990 
f 266/266/991 213/213/992 215/215/993 
f 266/266/994 215/215/995 217/217/996 
f 209/209/997 211/211/998 267/267/999 
f 267/267/1000 211/211/1001 266/266/1002 
f 267/267/1003 266/266/1004 268/268/1005 
f 268/268/1006 266/266/1007 217/217/1008 
f 268/268/1009 217/217/1010 219/219/1011 
f 144/144/1012 209/209/1013 269/269/1014 
f 269/269/1015 209/209/1016 267/267/1017 
f 269/269/1018 267/267/1019 270/270/1020 
f 270/270/1021 267/267/1022 268/268/1023 
f 270/270/1024 268/268/1025 271/271/1026 
f 271/271/1027 268/268/1028 219/219/1029 
f 271/271/1030 219/219/1031 221/221/1032 
f 264/264/1033 87/87/1034 178/178/1035 
f 121/121/1036 123/123/1037 272/272/1038 
f 272/272/1039 123/123/1040 124/124/1041 
f 272/272/1042 124/124/1043 126/126/1044 
f 119/119/1045 121/121/1046 273/273/1047 
f 273/273/1048 121/121/1049 272/272/1050 
f 273/273/1051 272/272/1052 274/274/1053 
f 274/274/1054 272/272/1055 126/126/1056 
f 274/274/1057 126/126/1058 128/128/1059 
f 117/117/1060 119/119/1061 275/275/1062 
f 275/275/1063 119/119/1064 273/273/1065 
f 275/275/1066 273/273/1067 276/276/1068 
f 276/276/1069 273/273/1070 274/274/1071 
f 276/276/1072 274/274/1073 277/277/1074 
f 277/277/1075 274/274/1076 128/128/1077 
f 277/277/1078 128/128/1079 130/130/1080 
f 115/115/1081 232/232/1082 113/113/1083 
f 113/113/1084 232/232/1085 254/254/1086 
f 113/113/1087 254/254/1088 111/111/1089 
f 111/111/1090 254/254/1091 252/252/1092 
f 111/111/1093 252/252/1094 109/109/1095 
f 109/109/1096 252/252/1097 250/250/1098 
f 109/109/1099 250/250/1100 107/107/1101 
f 107/107/1102 250/250/1103 248/248/1104 
f 107/107/1105 248/248/1106 105/105/1107 
f 105/105/1108 248/248/1109 246/246/1110 
f 105/105/1111 246/246/1112 103/103/1113 
f 103/103/1114 246/246/1115 244/244/1116 
f 103/103/1117 244/244/1118 101/101/1119 
f 101/101/1120 244/244/1121 242/242/1122 
f 101/101/1123 242/242/1124 99/99/1125 
f 99/99/1126 242/242/1127 240/240/1128 
f 99/99/1129 240/240/1130 97/97/1131 
f 95/95/1132 255/255/1133 278/278/1134 
f 278/278/1135 255/255/1136 256/256/1137 
f 278/278/1138 256/256/1139 279/279/1140 
f 279/279/1141 256/256/1142 257/257/1143 
f 279/279/1144 257/257/1145 280/280/1146 
f 280/280/1147 257/257/1148 258/258/1149 
f 280/280/1150 258/258/1151 281/281/1152 
f 281/281/1153 258/258/1154 259/259/1155 
f 281/281/1156 259/259/1157 282/282/1158 
f 282/282/1159 259/259/1160 260/260/1161 
f 282/282/1162 260/260/1163 226/226/1164 
f 226/226/1165 260/260/1166 228/228/1167 
f 117/117/1168 275/275/1169 233/233/1170 
f 233/233/1171 275/275/1172 283/283/1173 
f 233/233/1174 283/283/1175 231/231/1176 
f 231/231/1177 283/283/1178 284/284/1179 
f 231/231/1180 284/284/1181 229/229/1182 
f 229/229/1183 284/284/1184 285/285/1185 
f 229/229/1186 285/285/1187 227/227/1188 
f 227/227/1189 285/285/1190 286/286/1191 
f 227/227/1192 286/286/1193 225/225/1194 
f 225/225/1195 286/286/1196 287/287/1197 
f 225/225/1198 287/287/1199 223/223/1200 
f 223/223/1201 287/287/1202 288/288/1203 
f 223/223/1204 288/288/1205 221/221/1206 
f 221/221/1207 288/288/1208 271/271/1209 
f 283/283/1210 275/275/1211 276/276/1212 
f 95/95/1213 278/278/1214 234/234/1215 
f 234/234/1216 278/278/1217 279/279/1218 
f 234/234/1219 279/279/1220 289/289/1221 
f 289/289/1222 279/279/1223 280/280/1224 
f 289/289/1225 280/280/1226 290/290/1227 
f 290/290/1228 280/280/1229 281/281/1230 
f 290/290/1231 281/281/1232 291/291/1233 
f 291/291/1234 281/281/1235 282/282/1236 
f 291/291/1237 282/282/1238 224/224/1239 
f 224/224/1240 282/282/1241 226/226/1242 
f 283/283/1243 276/276/1244 292/292/1245 
f 292/292/1246 276/276/1247 277/277/1248 
f 292/292/1249 277/277/1250 293/293/1251 
f 293/293/1252 277/277/1253 130/130/1254 
f 293/293/1255 130/130/1256 132/132/1257 
f 127/127/1258 174/174/1259 294/294/1260 
f 294/294/1261 174/174/1262 173/173/1263 
f 294/294/1264 173/173/1265 295/295/1266 
f 295/295/1267 173/173/1268 296/296/1269 
f 295/295/1270 296/296/1271 297/297/1272 
f 297/297/1273 296/296/1274 262/262/1275 
f 297/297/1276 262/262/1277 298/298/1278 
f 298/298/1279 262/262/1280 263/263/1281 
f 298/298/1282 263/263/1283 265/265/1284 
f 283/283/1285 292/292/1286 284/284/1287 
f 284/284/1288 292/292/1289 299/299/1290 
f 284/284/1291 299/299/1292 285/285/1293 
f 285/285/1294 299/299/1295 300/300/1296 
f 285/285/1297 300/300/1298 286/286/1299 
f 286/286/1300 300/300/1301 301/301/1302 
f 286/286/1303 301/301/1304 287/287/1305 
f 287/287/1306 301/301/1307 302/302/1308 
f 287/287/1309 302/302/1310 288/288/1311 
f 288/288/1312 302/302/1313 303/303/1314 
f 288/288/1315 303/303/1316 271/271/1317 
f 271/271/1318 303/303/1319 270/270/1320 
f 299/299/1321 292/292/1322 293/293/1323 
f 127/127/1324 294/294/1325 129/129/1326 
f 129/129/1327 294/294/1328 304/304/1329 
f 129/129/1330 304/304/1331 131/131/1332 
f 131/131/1333 304/304/1334 305/305/1335 
f 131/131/1336 305/305/1337 133/133/1338 
f 133/133/1339 305/305/1340 306/306/1341 
f 133/133/1342 306/306/1343 135/135/1344 
f 135/135/1345 306/306/1346 307/307/1347 
f 135/135/1348 307/307/1349 137/137/1350 
f 137/137/1351 307/307/1352 190/190/1353 
f 137/137/1354 190/190/1355 139/139/1356 
f 304/304/1357 294/294/1358 295/295/1359 
f 299/299/1360 293/293/1361 308/308/1362 
f 308/308/1363 293/293/1364 132/132/1365 
f 308/308/1366 132/132/1367 134/134/1368 
f 304/304/1369 295/295/1370 309/309/1371 
f 309/309/1372 295/295/1373 297/297/1374 
f 309/309/1375 297/297/1376 310/310/1377 
f 310/310/1378 297/297/1379 298/298/1380 
f 310/310/1381 298/298/1382 311/311/1383 
f 311/311/1384 298/298/1385 265/265/1386 
f 311/311/1387 265/265/1388 182/182/1389 
f 299/299/1390 308/308/1391 300/300/1392 
f 300/300/1393 308/308/1394 312/312/1395 
f 300/300/1396 312/312/1397 301/301/1398 
f 301/301/1399 312/312/1400 313/313/1401 
f 301/301/1402 313/313/1403 302/302/1404 
f 302/302/1405 313/313/1406 314/314/1407 
f 302/302/1408 314/314/1409 303/303/1410 
f 303/303/1411 314/314/1412 315/315/1413 
f 303/303/1414 315/315/1415 270/270/1416 
f 270/270/1417 315/315/1418 269/269/1419 
f 312/312/1420 308/308/1421 134/134/1422 
f 224/224/1423 222/222/1424 291/291/1425 
f 291/291/1426 222/222/1427 239/239/1428 
f 291/291/1429 239/239/1430 290/290/1431 
f 290/290/1432 239/239/1433 237/237/1434 
f 290/290/1435 237/237/1436 289/289/1437 
f 289/289/1438 237/237/1439 235/235/1440 
f 289/289/1441 235/235/1442 234/234/1443 
f 262/262/1444 296/296/1445 87/87/1446 
f 87/87/1447 296/296/1448 173/173/1449 
f 304/304/1450 309/309/1451 305/305/1452 
f 305/305/1453 309/309/1454 316/316/1455 
f 305/305/1456 316/316/1457 306/306/1458 
f 306/306/1459 316/316/1460 317/317/1461 
f 306/306/1462 317/317/1463 307/307/1464 
f 307/307/1465 317/317/1466 188/188/1467 
f 307/307/1468 188/188/1469 190/190/1470 
f 316/316/1471 309/309/1472 310/310/1473 
f 313/313/1474 312/312/1475 136/136/1476 
f 136/136/1477 312/312/1478 134/134/1479 
f 316/316/1480 310/310/1481 318/318/1482 
f 318/318/1483 310/310/1484 311/311/1485 
f 318/318/1486 311/311/1487 184/184/1488 
f 184/184/1489 311/311/1490 182/182/1491 
f 314/314/1492 313/313/1493 138/138/1494 
f 138/138/1495 313/313/1496 136/136/1497 
f 261/261/1498 236/236/1499 238/238/1500 
f 261/261/1501 238/238/1502 218/218/1503 
f 218/218/1504 238/238/1505 220/220/1506 
f 178/178/1507 180/180/1508 264/264/1509 
f 316/316/1510 318/318/1511 317/317/1512 
f 317/317/1513 318/318/1514 186/186/1515 
f 317/317/1516 186/186/1517 188/188/1518 
f 186/186/1519 318/318/1520 184/184/1521 
f 315/315/1522 314/314/1523 140/140/1524 
f 140/140/1525 314/314/1526 138/138/1527 
f 269/269/1528 315/315/1529 142/142/1530 
f 142/142/1531 315/315/1532 140/140/1533 
f 144/144/1534 269/269/1535 142/142/1536 
f 319/319/1537 95/95/1538 320/320/1539 
f 320/320/1540 95/95/1541 214/214/1542 
f 321/321/1543 322/322/1544 323/323/1545 
f 323/323/1546 322/322/1547 324/324/1548 
f 324/324/1549 322/322/1550 325/325/1551 
f 324/324/1552 325/325/1553 326/326/1554 
f 326/326/1555 325/325/1556 327/327/1557 
f 326/326/1558 327/327/1559 328/328/1560 
f 328/328/1561 327/327/1562 329/329/1563 
f 328/328/1564 329/329/1565 330/330/1566 
f 330/330/1567 329/329/1568 319/319/1569 
f 330/330/1570 319/319/1571 320/320/1572 
f 331/331/1573 332/332/1574 333/333/1575 
f 333/333/1576 332/332/1577 334/334/1578 
f 334/334/1579 332/332/1580 335/335/1581 
f 334/334/1582 335/335/1583 336/336/1584 
f 336/336/1585 335/335/1586 337/337/1587 
f 336/336/1588 337/337/1589 338/338/1590 
f 338/338/1591 337/337/1592 339/339/1593 
f 338/338/1594 339/339/1595 340/340/1596 
f 340/340/1597 339/339/1598 341/341/1599 
f 340/340/1600 341/341/1601 342/342/1602 
f 342/342/1603 341/341/1604 343/343/1605 
f 342/342/1606 343/343/1607 344/344/1608 
f 344/344/1609 343/343/1610 345/345/1611 
f 344/344/1612 345/345/1613 346/346/1614 
f 346/346/1615 345/345/1616 321/321/1617 
f 346/346/1618 321/321/1619 323/323/1620 
f 347/347/1621 331/331/1622 348/348/1623 
f 348/348/1624 331/331/1625 333/333/1626 
f 349/349/1627 347/347/1628 350/350/1629 
f 350/350/1630 347/347/1631 348/348/1632 
f 351/351/1633 352/352/1634 353/353/1635 
f 353/353/1636 352/352/1637 354/354/1638 
f 354/354/1639 352/352/1640 355/355/1641 
f 354/354/1642 355/355/1643 356/356/1644 
f 356/356/1645 355/355/1646 357/357/1647 
f 356/356/1648 357/357/1649 358/358/1650 
f 358/358/1651 357/357/1652 349/349/1653 
f 358/358/1654 349/349/1655 350/350/1656 
f 359/359/1657 360/360/1658 361/361/1659 
f 361/361/1660 360/360/1661 362/362/1662 
f 362/362/1663 360/360/1664 351/351/1665 
f 362/362/1666 351/351/1667 353/353/1668 
f 363/363/1669 359/359/1670 364/364/1671 
f 364/364/1672 359/359/1673 361/361/1674 
f 365/365/1675 363/363/1676 366/366/1677 
f 366/366/1678 363/363/1679 364/364/1680 
f 367/367/1681 365/365/1682 368/368/1683 
f 368/368/1684 365/365/1685 366/366/1686 
f 369/369/1687 367/367/1688 370/370/1689 
f 370/370/1690 367/367/1691 368/368/1692 
f 371/371/1693 369/369/1694 372/372/1695 
f 372/372/1696 369/369/1697 370/370/1698 
f 373/373/1699 371/371/1700 374/374/1701 
f 374/374/1702 371/371/1703 372/372/1704 
f 375/375/1705 376/376/1706 377/377/1707 
f 377/377/1708 376/376/1709 378/378/1710 
f 378/378/1711 376/376/1712 373/373/1713 
f 378/378/1714 373/373/1715 374/374/1716 
f 379/379/1717 380/380/1718 381/381/1719 
f 381/381/1720 380/380/1721 382/382/1722 
f 382/382/1723 380/380/1724 383/383/1725 
f 382/382/1726 383/383/1727 384/384/1728 
f 384/384/1729 383/383/1730 385/385/1731 
f 384/384/1732 385/385/1733 386/386/1734 
f 386/386/1735 385/385/1736 387/387/1737 
f 386/386/1738 387/387/1739 388/388/1740 
f 388/388/1741 387/387/1742 389/389/1743 
f 388/388/1744 389/389/1745 390/390/1746 
f 390/390/1747 389/389/1748 391/391/1749 
f 390/390/1750 391/391/1751 392/392/1752 
f 392/392/1753 391/391/1754 393/393/1755 
f 392/392/1756 393/393/1757 394/394/1758 
f 394/394/1759 393/393/1760 395/395/1761 
f 394/394/1762 395/395/1763 396/396/1764 
f 396/396/1765 395/395/1766 375/375/1767 
f 396/396/1768 375/375/1769 377/377/1770 
f 397/397/1771 379/379/1772 398/398/1773 
f 398/398/1774 379/379/1775 381/381/1776 
f 399/399/1777 397/397/1778 400/400/1779 
f 400/400/1780 397/397/1781 398/398/1782 
f 401/401/1783 399/399/1784 402/402/1785 
f 402/402/1786 399/399/1787 400/400/1788 
f 403/403/1789 404/404/1790 405/405/1791 
f 405/405/1792 404/404/1793 406/406/1794 
f 406/406/1795 404/404/1796 407/407/1797 
f 406/406/1798 407/407/1799 408/408/1800 
f 408/408/1801 407/407/1802 409/409/1803 
f 408/408/1804 409/409/1805 410/410/1806 
f 410/410/1807 409/409/1808 401/401/1809 
f 410/410/1810 401/401/1811 402/402/1812 
f 411/411/1813 412/412/1814 413/413/1815 
f 413/413/1816 412/412/1817 414/414/1818 
f 414/414/1819 412/412/1820 415/415/1821 
f 414/414/1822 415/415/1823 416/416/1824 
f 416/416/1825 415/415/1826 403/403/1827 
f 416/416/1828 403/403/1829 405/405/1830 
f 417/417/1831 411/411/1832 418/418/1833 
f 418/418/1834 411/411/1835 413/413/1836 
f 419/419/1837 417/417/1838 420/420/1839 
f 420/420/1840 417/417/1841 418/418/1842 
f 421/421/1843 422/422/1844 423/423/1845 
f 423/423/1846 422/422/1847 424/424/1848 
f 423/423/1849 424/424/1850 425/425/1851 
f 425/425/1852 424/424/1853 426/426/1854 
f 425/425/1855 426/426/1856 427/427/1857 
f 427/427/1858 426/426/1859 428/428/1860 
f 427/427/1861 428/428/1862 429/429/1863 
f 429/429/1864 428/428/1865 430/430/1866 
f 429/429/1867 430/430/1868 431/431/1869 
f 431/431/1870 430/430/1871 432/432/1872 
f 431/431/1873 432/432/1874 433/433/1875 
f 433/433/1876 432/432/1877 434/434/1878 
f 433/433/1879 434/434/1880 435/435/1881 
f 435/435/1882 434/434/1883 436/436/1884 
f 435/435/1885 436/436/1886 437/437/1887 
f 437/437/1888 436/436/1889 438/438/1890 
f 437/437/1891 438/438/1892 439/439/1893 
f 439/439/1894 438/438/1895 440/440/1896 
f 439/439/1897 440/440/1898 441/441/1899 
f 441/441/1900 440/440/1901 419/419/1902 
f 441/441/1903 419/419/1904 442/442/1905 
f 442/442/1906 419/419/1907 443/443/1908 
f 442/442/1909 443/443/1910 444/444/1911 
f 444/444/1912 443/443/1913 445/445/1914 
f 444/444/1915 445/445/1916 446/446/1917 
f 446/446/1918 445/445/1919 447/447/1920 
f 446/446/1921 447/447/1922 448/448/1923 
f 448/448/1924 447/447/1925 449/449/1926 
f 448/448/1927 449/449/1928 450/450/1929 
f 450/450/1930 449/449/1931 451/451/1932 
f 450/450/1933 451/451/1934 452/452/1935 
f 452/452/1936 451/451/1937 453/453/1938 
f 452/452/1939 453/453/1940 454/454/1941 
f 454/454/1942 453/453/1943 455/455/1944 
f 454/454/1945 455/455/1946 456/456/1947 
f 456/456/1948 455/455/1949 457/457/1950 
f 456/456/1951 457/457/1952 458/458/1953 
f 458/458/1954 457/457/1955 459/459/1956 
f 458/458/1957 459/459/1958 423/423/1959 
f 423/423/1960 459/459/1961 460/460/1962 
f 423/423/1963 460/460/1964 461/461/1965 
f 461/461/1966 460/460/1967 462/462/1968 
f 461/461/1969 462/462/1970 463/463/1971 
f 463/463/1972 462/462/1973 464/464/1974 
f 463/463/1975 464/464/1976 465/465/1977 
f 465/465/1978 464/464/1979 466/466/1980 
f 465/465/1981 466/466/1982 467/467/1983 
f 467/467/1984 466/466/1985 468/468/1986 
f 467/467/1987 468/468/1988 469/469/1989 
f 469/469/1990 468/468/1991 470/470/1992 
f 469/469/1993 470/470/1994 471/471/1995 
f 471/471/1996 470/470/1997 472/472/1998 
f 471/471/1999 472/472/2000 473/473/2001 
f 473/473/2002 472/472/2003 474/474/2004 
f 473/473/2005 474/474/2006 475/475/2007 
f 475/475/2008 474/474/2009 476/476/2010 
f 475/475/2011 476/476/2012 477/477/2013 
f 477/477/2014 476/476/2015 419/419/2016 
f 477/477/2017 419/419/2018 478/478/2019 
f 478/478/2020 419/419/2021 479/479/2022 
f 478/478/2023 479/479/2024 480/480/2025 
f 480/480/2026 479/479/2027 481/481/2028 
f 480/480/2029 481/481/2030 482/482/2031 
f 482/482/2032 481/481/2033 483/483/2034 
f 482/482/2035 483/483/2036 484/484/2037 
f 484/484/2038 483/483/2039 485/485/2040 
f 484/484/2041 485/485/2042 486/486/2043 
f 486/486/2044 485/485/2045 487/487/2046 
f 486/486/2047 487/487/2048 488/488/2049 
f 488/488/2050 487/487/2051 489/489/2052 
f 488/488/2053 489/489/2054 490/490/2055 
f 490/490/2056 489/489/2057 491/491/2058 
f 490/490/2059 491/491/2060 492/492/2061 
f 492/492/2062 491/491/2063 493/493/2064 
f 492/492/2065 493/493/2066 494/494/2067 
f 494/494/2068 493/493/2069 495/495/2070 
f 494/494/2071 495/495/2072 496/496/2073 
f 496/496/2074 495/495/2075 497/497/2076 
f 496/496/2077 497/497/2078 498/498/2079 
f 498/498/2080 497/497/2081 499/499/2082 
f 498/498/2083 499/499/2084 500/500/2085 
f 500/500/2086 499/499/2087 501/501/2088 
f 500/500/2089 501/501/2090 502/502/2091 
f 502/502/2092 501/501/2093 503/503/2094 
f 502/502/2095 503/503/2096 504/504/2097 
f 504/504/2098 503/503/2099 505/505/2100 
f 504/504/2101 505/505/2102 506/506/2103 
f 506/506/2104 505/505/2105 507/507/2106 
f 506/506/2107 507/507/2108 508/508/2109 
f 508/508/2110 507/507/2111 509/509/2112 
f 508/508/2113 509/509/2114 510/510/2115 
f 510/510/2116 509/509/2117 511/511/2118 
f 510/510/2119 511/511/2120 512/512/2121 
f 512/512/2122 511/511/2123 513/513/2124 
f 512/512/2125 513/513/2126 514/514/2127 
f 514/514/2128 513/513/2129 420/420/2130 
f 514/514/2131 420/420/2132 515/515/2133 
f 515/515/2134 420/420/2135 516/516/2136 
f 515/515/2137 516/516/2138 517/517/2139 
f 517/517/2140 516/516/2141 518/518/2142 
f 517/517/2143 518/518/2144 519/519/2145 
f 519/519/2146 518/518/2147 520/520/2148 
f 519/519/2149 520/520/2150 521/521/2151 
f 521/521/2152 520/520/2153 522/522/2154 
f 521/521/2155 522/522/2156 523/523/2157 
f 523/523/2158 522/522/2159 524/524/2160 
f 523/523/2161 524/524/2162 525/525/2163 
f 525/525/2164 524/524/2165 526/526/2166 
f 525/525/2167 526/526/2168 527/527/2169 
f 421/421/2170 528/528/2171 422/422/2172 
f 422/422/2173 528/528/2174 529/529/2175 
f 422/422/2176 529/529/2177 424/424/2178 
f 424/424/2179 529/529/2180 426/426/2181 
f 528/528/2182 530/530/2183 529/529/2184 
f 529/529/2185 530/530/2186 531/531/2187 
f 529/529/2188 531/531/2189 426/426/2190 
f 426/426/2191 531/531/2192 428/428/2193 
f 530/530/2194 532/532/2195 531/531/2196 
f 531/531/2197 532/532/2198 533/533/2199 
f 531/531/2200 533/533/2201 428/428/2202 
f 428/428/2203 533/533/2204 430/430/2205 
f 532/532/2206 534/534/2207 533/533/2208 
f 533/533/2209 534/534/2210 535/535/2211 
f 533/533/2212 535/535/2213 430/430/2214 
f 430/430/2215 535/535/2216 432/432/2217 
f 534/534/2218 536/536/2219 535/535/2220 
f 535/535/2221 536/536/2222 537/537/2223 
f 535/535/2224 537/537/2225 432/432/2226 
f 432/432/2227 537/537/2228 434/434/2229 
f 536/536/2230 538/538/2231 537/537/2232 
f 537/537/2233 538/538/2234 539/539/2235 
f 537/537/2236 539/539/2237 434/434/2238 
f 434/434/2239 539/539/2240 436/436/2241 
f 538/538/2242 540/540/2243 539/539/2244 
f 539/539/2245 540/540/2246 541/541/2247 
f 539/539/2248 541/541/2249 436/436/2250 
f 436/436/2251 541/541/2252 438/438/2253 
f 540/540/2254 542/542/2255 541/541/2256 
f 541/541/2257 542/542/2258 543/543/2259 
f 541/541/2260 543/543/2261 438/438/2262 
f 438/438/2263 543/543/2264 440/440/2265 
f 542/542/2266 419/419/2267 543/543/2268 
f 543/543/2269 419/419/2270 440/440/2271 
f 419/419/2272 420/420/2273 479/479/2274 
f 479/479/2275 420/420/2276 544/544/2277 
f 479/479/2278 544/544/2279 481/481/2280 
f 481/481/2281 544/544/2282 545/545/2283 
f 481/481/2284 545/545/2285 483/483/2286 
f 483/483/2287 545/545/2288 546/546/2289 
f 483/483/2290 546/546/2291 485/485/2292 
f 485/485/2293 546/546/2294 547/547/2295 
f 485/485/2296 547/547/2297 487/487/2298 
f 487/487/2299 547/547/2300 548/548/2301 
f 487/487/2302 548/548/2303 489/489/2304 
f 489/489/2305 548/548/2306 549/549/2307 
f 489/489/2308 549/549/2309 491/491/2310 
f 491/491/2311 549/549/2312 550/550/2313 
f 491/491/2314 550/550/2315 493/493/2316 
f 493/493/2317 550/550/2318 551/551/2319 
f 493/493/2320 551/551/2321 495/495/2322 
f 495/495/2323 551/551/2324 497/497/2325 
f 552/552/2326 553/553/2327 420/420/2328 
f 420/420/2329 553/553/2330 554/554/2331 
f 420/420/2332 554/554/2333 555/555/2334 
f 555/555/2335 554/554/2336 556/556/2337 
f 555/555/2338 556/556/2339 557/557/2340 
f 557/557/2341 556/556/2342 558/558/2343 
f 557/557/2344 558/558/2345 520/520/2346 
f 520/520/2347 558/558/2348 522/522/2349 
f 552/552/2350 559/559/2351 553/553/2352 
f 553/553/2353 559/559/2354 560/560/2355 
f 553/553/2356 560/560/2357 554/554/2358 
f 554/554/2359 560/560/2360 556/556/2361 
f 559/559/2362 561/561/2363 560/560/2364 
f 560/560/2365 561/561/2366 562/562/2367 
f 560/560/2368 562/562/2369 556/556/2370 
f 556/556/2371 562/562/2372 558/558/2373 
f 561/561/2374 563/563/2375 562/562/2376 
f 562/562/2377 563/563/2378 564/564/2379 
f 562/562/2380 564/564/2381 558/558/2382 
f 558/558/2383 564/564/2384 522/522/2385 
f 563/563/2386 565/565/2387 564/564/2388 
f 564/564/2389 565/565/2390 524/524/2391 
f 564/564/2392 524/524/2393 522/522/2394 
f 565/565/2395 526/526/2396 524/524/2397 
f 525/525/2398 527/527/2399 566/566/2400 
f 566/566/2401 527/527/2402 567/567/2403 
f 566/566/2404 567/567/2405 568/568/2406 
f 568/568/2407 567/567/2408 569/569/2409 
f 568/568/2410 569/569/2411 570/570/2412 
f 570/570/2413 569/569/2414 496/496/2415 
f 570/570/2416 496/496/2417 571/571/2418 
f 571/571/2419 496/496/2420 572/572/2421 
f 571/571/2422 572/572/2423 573/573/2424 
f 573/573/2425 572/572/2426 574/574/2427 
f 573/573/2428 574/574/2429 575/575/2430 
f 575/575/2431 574/574/2432 576/576/2433 
f 575/575/2434 576/576/2435 577/577/2436 
f 577/577/2437 576/576/2438 578/578/2439 
f 577/577/2440 578/578/2441 579/579/2442 
f 579/579/2443 578/578/2444 506/506/2445 
f 579/579/2446 506/506/2447 508/508/2448 
f 423/423/2449 580/580/2450 496/496/2451 
f 496/496/2452 580/580/2453 581/581/2454 
f 496/496/2455 581/581/2456 582/582/2457 
f 582/582/2458 581/581/2459 583/583/2460 
f 582/582/2461 583/583/2462 584/584/2463 
f 584/584/2464 583/583/2465 585/585/2466 
f 584/584/2467 585/585/2468 586/586/2469 
f 586/586/2470 585/585/2471 587/587/2472 
f 586/586/2473 587/587/2474 588/588/2475 
f 588/588/2476 587/587/2477 589/589/2478 
f 588/588/2479 589/589/2480 590/590/2481 
f 590/590/2482 589/589/2483 591/591/2484 
f 590/590/2485 591/591/2486 484/484/2487 
f 484/484/2488 591/591/2489 482/482/2490 
f 423/423/2491 592/592/2492 593/593/2493 
f 593/593/2494 592/592/2495 594/594/2496 
f 593/593/2497 594/594/2498 595/595/2499 
f 595/595/2500 594/594/2501 596/596/2502 
f 595/595/2503 596/596/2504 597/597/2505 
f 597/597/2506 596/596/2507 598/598/2508 
f 597/597/2509 598/598/2510 599/599/2511 
f 599/599/2512 598/598/2513 600/600/2514 
f 599/599/2515 600/600/2516 601/601/2517 
f 601/601/2518 600/600/2519 602/602/2520 
f 601/601/2521 602/602/2522 603/603/2523 
f 603/603/2524 602/602/2525 604/604/2526 
f 603/603/2527 604/604/2528 605/605/2529 
f 605/605/2530 604/604/2531 606/606/2532 
f 605/605/2533 606/606/2534 444/444/2535 
f 444/444/2536 606/606/2537 442/442/2538 
f 423/423/2539 593/593/2540 607/607/2541 
f 607/607/2542 593/593/2543 595/595/2544 
f 607/607/2545 595/595/2546 608/608/2547 
f 608/608/2548 595/595/2549 597/597/2550 
f 608/608/2551 597/597/2552 609/609/2553 
f 609/609/2554 597/597/2555 599/599/2556 
f 609/609/2557 599/599/2558 610/610/2559 
f 610/610/2560 599/599/2561 601/601/2562 
f 610/610/2563 601/601/2564 611/611/2565 
f 611/611/2566 601/601/2567 603/603/2568 
f 611/611/2569 603/603/2570 612/612/2571 
f 612/612/2572 603/603/2573 605/605/2574 
f 612/612/2575 605/605/2576 446/446/2577 
f 446/446/2578 605/605/2579 444/444/2580 
f 423/423/2581 613/613/2582 614/614/2583 
f 614/614/2584 613/613/2585 615/615/2586 
f 614/614/2587 615/615/2588 616/616/2589 
f 616/616/2590 615/615/2591 617/617/2592 
f 616/616/2593 617/617/2594 618/618/2595 
f 618/618/2596 617/617/2597 619/619/2598 
f 618/618/2599 619/619/2600 452/452/2601 
f 452/452/2602 619/619/2603 450/450/2604 
f 423/423/2605 614/614/2606 620/620/2607 
f 620/620/2608 614/614/2609 616/616/2610 
f 620/620/2611 616/616/2612 621/621/2613 
f 621/621/2614 616/616/2615 618/618/2616 
f 621/621/2617 618/618/2618 454/454/2619 
f 454/454/2620 618/618/2621 452/452/2622 
f 423/423/2623 622/622/2624 580/580/2625 
f 580/580/2626 622/622/2627 623/623/2628 
f 580/580/2629 623/623/2630 624/624/2631 
f 624/624/2632 623/623/2633 625/625/2634 
f 624/624/2635 625/625/2636 626/626/2637 
f 626/626/2638 625/625/2639 627/627/2640 
f 626/626/2641 627/627/2642 628/628/2643 
f 628/628/2644 627/627/2645 629/629/2646 
f 628/628/2647 629/629/2648 630/630/2649 
f 630/630/2650 629/629/2651 631/631/2652 
f 630/630/2653 631/631/2654 632/632/2655 
f 632/632/2656 631/631/2657 633/633/2658 
f 632/632/2659 633/633/2660 634/634/2661 
f 634/634/2662 633/633/2663 635/635/2664 
f 634/634/2665 635/635/2666 480/480/2667 
f 480/480/2668 635/635/2669 478/478/2670 
f 496/496/2671 582/582/2672 636/636/2673 
f 636/636/2674 582/582/2675 584/584/2676 
f 636/636/2677 584/584/2678 637/637/2679 
f 637/637/2680 584/584/2681 586/586/2682 
f 637/637/2683 586/586/2684 638/638/2685 
f 638/638/2686 586/586/2687 588/588/2688 
f 638/638/2689 588/588/2690 639/639/2691 
f 639/639/2692 588/588/2693 590/590/2694 
f 639/639/2695 590/590/2696 486/486/2697 
f 486/486/2698 590/590/2699 484/484/2700 
f 496/496/2701 636/636/2702 640/640/2703 
f 640/640/2704 636/636/2705 637/637/2706 
f 640/640/2707 637/637/2708 641/641/2709 
f 641/641/2710 637/637/2711 638/638/2712 
f 641/641/2713 638/638/2714 642/642/2715 
f 642/642/2716 638/638/2717 639/639/2718 
f 642/642/2719 639/639/2720 488/488/2721 
f 488/488/2722 639/639/2723 486/486/2724 
f 492/492/2725 494/494/2726 643/643/2727 
f 643/643/2728 494/494/2729 496/496/2730 
f 643/643/2731 496/496/2732 644/644/2733 
f 644/644/2734 496/496/2735 640/640/2736 
f 644/644/2737 640/640/2738 641/641/2739 
f 496/496/2740 498/498/2741 645/645/2742 
f 645/645/2743 498/498/2744 500/500/2745 
f 645/645/2746 500/500/2747 646/646/2748 
f 646/646/2749 500/500/2750 502/502/2751 
f 646/646/2752 502/502/2753 647/647/2754 
f 647/647/2755 502/502/2756 504/504/2757 
f 647/647/2758 504/504/2759 578/578/2760 
f 578/578/2761 504/504/2762 506/506/2763 
f 496/496/2764 645/645/2765 648/648/2766 
f 648/648/2767 645/645/2768 646/646/2769 
f 648/648/2770 646/646/2771 649/649/2772 
f 649/649/2773 646/646/2774 647/647/2775 
f 649/649/2776 647/647/2777 576/576/2778 
f 576/576/2779 647/647/2780 578/578/2781 
f 443/443/2782 419/419/2783 650/650/2784 
f 650/650/2785 419/419/2786 651/651/2787 
f 650/650/2788 651/651/2789 652/652/2790 
f 652/652/2791 651/651/2792 653/653/2793 
f 652/652/2794 653/653/2795 654/654/2796 
f 654/654/2797 653/653/2798 655/655/2799 
f 654/654/2800 655/655/2801 656/656/2802 
f 656/656/2803 655/655/2804 657/657/2805 
f 656/656/2806 657/657/2807 658/658/2808 
f 658/658/2809 657/657/2810 659/659/2811 
f 658/658/2812 659/659/2813 660/660/2814 
f 660/660/2815 659/659/2816 661/661/2817 
f 660/660/2818 661/661/2819 662/662/2820 
f 662/662/2821 661/661/2822 663/663/2823 
f 662/662/2824 663/663/2825 664/664/2826 
f 664/664/2827 663/663/2828 462/462/2829 
f 664/664/2830 462/462/2831 460/460/2832 
f 665/665/2833 419/419/2834 666/666/2835 
f 666/666/2836 419/419/2837 667/667/2838 
f 666/666/2839 667/667/2840 668/668/2841 
f 668/668/2842 667/667/2843 669/669/2844 
f 668/668/2845 669/669/2846 670/670/2847 
f 670/670/2848 669/669/2849 671/671/2850 
f 670/670/2851 671/671/2852 672/672/2853 
f 672/672/2854 671/671/2855 470/470/2856 
f 672/672/2857 470/470/2858 468/468/2859 
f 419/419/2860 476/476/2861 673/673/2862 
f 673/673/2863 476/476/2864 474/474/2865 
f 673/673/2866 474/474/2867 674/674/2868 
f 674/674/2869 474/474/2870 472/472/2871 
f 674/674/2872 472/472/2873 671/671/2874 
f 671/671/2875 472/472/2876 470/470/2877 
f 675/675/2878 420/420/2879 676/676/2880 
f 676/676/2881 420/420/2882 677/677/2883 
f 676/676/2884 677/677/2885 678/678/2886 
f 678/678/2887 677/677/2888 679/679/2889 
f 678/678/2890 679/679/2891 680/680/2892 
f 680/680/2893 679/679/2894 681/681/2895 
f 680/680/2896 681/681/2897 682/682/2898 
f 682/682/2899 681/681/2900 683/683/2901 
f 682/682/2902 683/683/2903 684/684/2904 
f 684/684/2905 683/683/2906 505/505/2907 
f 684/684/2908 505/505/2909 503/503/2910 
f 685/685/2911 420/420/2912 686/686/2913 
f 686/686/2914 420/420/2915 513/513/2916 
f 686/686/2917 513/513/2918 511/511/2919 
f 518/518/2920 516/516/2921 687/687/2922 
f 687/687/2923 516/516/2924 420/420/2925 
f 687/687/2926 420/420/2927 555/555/2928 
f 592/592/2929 423/423/2930 425/425/2931 
f 568/568/2932 570/570/2933 688/688/2934 
f 688/688/2935 570/570/2936 571/571/2937 
f 688/688/2938 571/571/2939 573/573/2940 
f 566/566/2941 568/568/2942 689/689/2943 
f 689/689/2944 568/568/2945 688/688/2946 
f 689/689/2947 688/688/2948 690/690/2949 
f 690/690/2950 688/688/2951 573/573/2952 
f 690/690/2953 573/573/2954 575/575/2955 
f 525/525/2956 566/566/2957 691/691/2958 
f 691/691/2959 566/566/2960 689/689/2961 
f 691/691/2962 689/689/2963 692/692/2964 
f 692/692/2965 689/689/2966 690/690/2967 
f 692/692/2968 690/690/2969 693/693/2970 
f 693/693/2971 690/690/2972 575/575/2973 
f 693/693/2974 575/575/2975 577/577/2976 
f 442/442/2977 606/606/2978 441/441/2979 
f 441/441/2980 606/606/2981 439/439/2982 
f 606/606/2983 604/604/2984 439/439/2985 
f 439/439/2986 604/604/2987 437/437/2988 
f 604/604/2989 602/602/2990 437/437/2991 
f 437/437/2992 602/602/2993 435/435/2994 
f 602/602/2995 600/600/2996 435/435/2997 
f 435/435/2998 600/600/2999 433/433/3000 
f 600/600/3001 598/598/3002 433/433/3003 
f 433/433/3004 598/598/3005 431/431/3006 
f 598/598/3007 596/596/3008 431/431/3009 
f 431/431/3010 596/596/3011 429/429/3012 
f 592/592/3013 425/425/3014 427/427/3015 
f 596/596/3016 594/594/3017 429/429/3018 
f 429/429/3019 594/594/3020 427/427/3021 
f 423/423/3022 607/607/3023 694/694/3024 
f 694/694/3025 607/607/3026 608/608/3027 
f 694/694/3028 608/608/3029 695/695/3030 
f 695/695/3031 608/608/3032 609/609/3033 
f 695/695/3034 609/609/3035 696/696/3036 
f 696/696/3037 609/609/3038 610/610/3039 
f 696/696/3040 610/610/3041 697/697/3042 
f 697/697/3043 610/610/3044 611/611/3045 
f 697/697/3046 611/611/3047 698/698/3048 
f 698/698/3049 611/611/3050 612/612/3051 
f 698/698/3052 612/612/3053 448/448/3054 
f 448/448/3055 612/612/3056 446/446/3057 
f 594/594/3058 592/592/3059 427/427/3060 
f 423/423/3061 694/694/3062 613/613/3063 
f 613/613/3064 694/694/3065 695/695/3066 
f 613/613/3067 695/695/3068 615/615/3069 
f 615/615/3070 695/695/3071 696/696/3072 
f 615/615/3073 696/696/3074 617/617/3075 
f 617/617/3076 696/696/3077 697/697/3078 
f 617/617/3079 697/697/3080 619/619/3081 
f 619/619/3082 697/697/3083 698/698/3084 
f 619/619/3085 698/698/3086 450/450/3087 
f 450/450/3088 698/698/3089 448/448/3090 
f 423/423/3091 620/620/3092 699/699/3093 
f 699/699/3094 620/620/3095 621/621/3096 
f 699/699/3097 621/621/3098 456/456/3099 
f 456/456/3100 621/621/3101 454/454/3102 
f 443/443/3103 650/650/3104 445/445/3105 
f 445/445/3106 650/650/3107 652/652/3108 
f 445/445/3109 652/652/3110 447/447/3111 
f 447/447/3112 652/652/3113 654/654/3114 
f 447/447/3115 654/654/3116 449/449/3117 
f 449/449/3118 654/654/3119 656/656/3120 
f 449/449/3121 656/656/3122 451/451/3123 
f 451/451/3124 656/656/3125 658/658/3126 
f 451/451/3127 658/658/3128 453/453/3129 
f 453/453/3130 658/658/3131 660/660/3132 
f 453/453/3133 660/660/3134 455/455/3135 
f 455/455/3136 660/660/3137 662/662/3138 
f 455/455/3139 662/662/3140 457/457/3141 
f 457/457/3142 662/662/3143 664/664/3144 
f 457/457/3145 664/664/3146 459/459/3147 
f 459/459/3148 664/664/3149 460/460/3150 
f 456/456/3151 458/458/3152 699/699/3153 
f 699/699/3154 458/458/3155 423/423/3156 
f 622/622/3157 423/423/3158 461/461/3159 
f 653/653/3160 651/651/3161 700/700/3162 
f 700/700/3163 651/651/3164 419/419/3165 
f 700/700/3166 419/419/3167 665/665/3168 
f 653/653/3169 700/700/3170 701/701/3171 
f 701/701/3172 700/700/3173 665/665/3174 
f 701/701/3175 665/665/3176 702/702/3177 
f 702/702/3178 665/665/3179 666/666/3180 
f 702/702/3181 666/666/3182 668/668/3183 
f 653/653/3184 701/701/3185 655/655/3186 
f 655/655/3187 701/701/3188 703/703/3189 
f 655/655/3190 703/703/3191 657/657/3192 
f 657/657/3193 703/703/3194 704/704/3195 
f 657/657/3196 704/704/3197 659/659/3198 
f 659/659/3199 704/704/3200 705/705/3201 
f 659/659/3202 705/705/3203 661/661/3204 
f 661/661/3205 705/705/3206 706/706/3207 
f 661/661/3208 706/706/3209 663/663/3210 
f 663/663/3211 706/706/3212 464/464/3213 
f 663/663/3214 464/464/3215 462/462/3216 
f 703/703/3217 701/701/3218 702/702/3219 
f 703/703/3220 702/702/3221 707/707/3222 
f 707/707/3223 702/702/3224 668/668/3225 
f 707/707/3226 668/668/3227 670/670/3228 
f 703/703/3229 707/707/3230 704/704/3231 
f 704/704/3232 707/707/3233 708/708/3234 
f 704/704/3235 708/708/3236 705/705/3237 
f 705/705/3238 708/708/3239 709/709/3240 
f 705/705/3241 709/709/3242 706/706/3243 
f 706/706/3244 709/709/3245 466/466/3246 
f 706/706/3247 466/466/3248 464/464/3249 
f 708/708/3250 707/707/3251 670/670/3252 
f 669/669/3253 667/667/3254 710/710/3255 
f 710/710/3256 667/667/3257 419/419/3258 
f 710/710/3259 419/419/3260 673/673/3261 
f 673/673/3262 674/674/3263 710/710/3264 
f 710/710/3265 674/674/3266 669/669/3267 
f 674/674/3268 671/671/3269 669/669/3270 
f 709/709/3271 708/708/3272 672/672/3273 
f 672/672/3274 708/708/3275 670/670/3276 
f 466/466/3277 709/709/3278 468/468/3279 
f 468/468/3280 709/709/3281 672/672/3282 
f 478/478/3283 635/635/3284 477/477/3285 
f 477/477/3286 635/635/3287 475/475/3288 
f 635/635/3289 633/633/3290 475/475/3291 
f 475/475/3292 633/633/3293 473/473/3294 
f 633/633/3295 631/631/3296 473/473/3297 
f 473/473/3298 631/631/3299 471/471/3300 
f 631/631/3301 629/629/3302 471/471/3303 
f 471/471/3304 629/629/3305 469/469/3306 
f 629/629/3307 627/627/3308 469/469/3309 
f 469/469/3310 627/627/3311 467/467/3312 
f 627/627/3313 625/625/3314 467/467/3315 
f 467/467/3316 625/625/3317 465/465/3318 
f 622/622/3319 461/461/3320 463/463/3321 
f 625/625/3322 623/623/3323 465/465/3324 
f 465/465/3325 623/623/3326 463/463/3327 
f 496/496/3328 648/648/3329 711/711/3330 
f 711/711/3331 648/648/3332 649/649/3333 
f 711/711/3334 649/649/3335 574/574/3336 
f 574/574/3337 649/649/3338 576/576/3339 
f 623/623/3340 622/622/3341 463/463/3342 
f 574/574/3343 572/572/3344 711/711/3345 
f 711/711/3346 572/572/3347 496/496/3348 
f 480/480/3349 482/482/3350 634/634/3351 
f 634/634/3352 482/482/3353 591/591/3354 
f 634/634/3355 591/591/3356 632/632/3357 
f 632/632/3358 591/591/3359 589/589/3360 
f 632/632/3361 589/589/3362 630/630/3363 
f 630/630/3364 589/589/3365 587/587/3366 
f 630/630/3367 587/587/3368 628/628/3369 
f 628/628/3370 587/587/3371 585/585/3372 
f 628/628/3373 585/585/3374 626/626/3375 
f 626/626/3376 585/585/3377 583/583/3378 
f 626/626/3379 583/583/3380 624/624/3381 
f 624/624/3382 583/583/3383 581/581/3384 
f 624/624/3385 581/581/3386 580/580/3387 
f 545/545/3388 544/544/3389 712/712/3390 
f 712/712/3391 544/544/3392 420/420/3393 
f 712/712/3394 420/420/3395 675/675/3396 
f 545/545/3397 712/712/3398 713/713/3399 
f 713/713/3400 712/712/3401 675/675/3402 
f 713/713/3403 675/675/3404 714/714/3405 
f 714/714/3406 675/675/3407 676/676/3408 
f 714/714/3409 676/676/3410 678/678/3411 
f 545/545/3412 713/713/3413 546/546/3414 
f 546/546/3415 713/713/3416 715/715/3417 
f 546/546/3418 715/715/3419 547/547/3420 
f 547/547/3421 715/715/3422 716/716/3423 
f 547/547/3424 716/716/3425 548/548/3426 
f 548/548/3427 716/716/3428 717/717/3429 
f 548/548/3430 717/717/3431 549/549/3432 
f 549/549/3433 717/717/3434 718/718/3435 
f 549/549/3436 718/718/3437 550/550/3438 
f 550/550/3439 718/718/3440 719/719/3441 
f 550/550/3442 719/719/3443 551/551/3444 
f 551/551/3445 719/719/3446 499/499/3447 
f 551/551/3448 499/499/3449 497/497/3450 
f 715/715/3451 713/713/3452 714/714/3453 
f 715/715/3454 714/714/3455 720/720/3456 
f 720/720/3457 714/714/3458 678/678/3459 
f 720/720/3460 678/678/3461 680/680/3462 
f 488/488/3463 490/490/3464 642/642/3465 
f 642/642/3466 490/490/3467 721/721/3468 
f 642/642/3469 721/721/3470 641/641/3471 
f 641/641/3472 721/721/3473 644/644/3474 
f 715/715/3475 720/720/3476 716/716/3477 
f 716/716/3478 720/720/3479 722/722/3480 
f 716/716/3481 722/722/3482 717/717/3483 
f 717/717/3484 722/722/3485 723/723/3486 
f 717/717/3487 723/723/3488 718/718/3489 
f 718/718/3490 723/723/3491 724/724/3492 
f 718/718/3493 724/724/3494 719/719/3495 
f 719/719/3496 724/724/3497 501/501/3498 
f 719/719/3499 501/501/3500 499/499/3501 
f 722/722/3502 720/720/3503 680/680/3504 
f 643/643/3505 644/644/3506 721/721/3507 
f 643/643/3508 721/721/3509 492/492/3510 
f 492/492/3511 721/721/3512 490/490/3513 
f 679/679/3514 677/677/3515 725/725/3516 
f 725/725/3517 677/677/3518 420/420/3519 
f 725/725/3520 420/420/3521 685/685/3522 
f 679/679/3523 725/725/3524 726/726/3525 
f 726/726/3526 725/725/3527 685/685/3528 
f 726/726/3529 685/685/3530 727/727/3531 
f 727/727/3532 685/685/3533 686/686/3534 
f 727/727/3535 686/686/3536 511/511/3537 
f 723/723/3538 722/722/3539 682/682/3540 
f 682/682/3541 722/722/3542 680/680/3543 
f 679/679/3544 726/726/3545 681/681/3546 
f 681/681/3547 726/726/3548 728/728/3549 
f 681/681/3550 728/728/3551 683/683/3552 
f 683/683/3553 728/728/3554 507/507/3555 
f 683/683/3556 507/507/3557 505/505/3558 
f 728/728/3559 726/726/3560 727/727/3561 
f 724/724/3562 723/723/3563 684/684/3564 
f 684/684/3565 723/723/3566 682/682/3567 
f 511/511/3568 509/509/3569 727/727/3570 
f 727/727/3571 509/509/3572 728/728/3573 
f 509/509/3574 507/507/3575 728/728/3576 
f 501/501/3577 724/724/3578 503/503/3579 
f 503/503/3580 724/724/3581 684/684/3582 
f 512/512/3583 514/514/3584 729/729/3585 
f 729/729/3586 514/514/3587 515/515/3588 
f 729/729/3589 515/515/3590 517/517/3591 
f 510/510/3592 512/512/3593 730/730/3594 
f 730/730/3595 512/512/3596 729/729/3597 
f 730/730/3598 729/729/3599 731/731/3600 
f 731/731/3601 729/729/3602 517/517/3603 
f 731/731/3604 517/517/3605 519/519/3606 
f 508/508/3607 510/510/3608 732/732/3609 
f 732/732/3610 510/510/3611 730/730/3612 
f 732/732/3613 730/730/3614 733/733/3615 
f 733/733/3616 730/730/3617 731/731/3618 
f 733/733/3619 731/731/3620 734/734/3621 
f 734/734/3622 731/731/3623 519/519/3624 
f 734/734/3625 519/519/3626 521/521/3627 
f 508/508/3628 732/732/3629 579/579/3630 
f 579/579/3631 732/732/3632 735/735/3633 
f 579/579/3634 735/735/3635 577/577/3636 
f 577/577/3637 735/735/3638 693/693/3639 
f 735/735/3640 732/732/3641 733/733/3642 
f 735/735/3643 733/733/3644 736/736/3645 
f 736/736/3646 733/733/3647 734/734/3648 
f 736/736/3649 734/734/3650 737/737/3651 
f 737/737/3652 734/734/3653 521/521/3654 
f 737/737/3655 521/521/3656 523/523/3657 
f 555/555/3658 557/557/3659 687/687/3660 
f 687/687/3661 557/557/3662 518/518/3663 
f 557/557/3664 520/520/3665 518/518/3666 
f 692/692/3667 693/693/3668 736/736/3669 
f 736/736/3670 693/693/3671 735/735/3672 
f 692/692/3673 736/736/3674 737/737/3675 
f 691/691/3676 692/692/3677 737/737/3678 
f 691/691/3679 737/737/3680 523/523/3681 
f 525/525/3682 691/691/3683 523/523/3684 
f 738/738/3685 423/423/3686 739/739/3687 
f 739/739/3688 423/423/3689 496/496/3690 
f 740/740/3691 741/741/3692 742/742/3693 
f 742/742/3694 741/741/3695 743/743/3696 
f 743/743/3697 741/741/3698 738/738/3699 
f 743/743/3700 738/738/3701 739/739/3702 
f 744/744/3703 740/740/3704 745/745/3705 
f 745/745/3706 740/740/3707 742/742/3708 
f 746/746/3709 744/744/3710 747/747/3711 
f 747/747/3712 744/744/3713 745/745/3714 
f 748/748/3715 746/746/3716 749/749/3717 
f 749/749/3718 746/746/3719 747/747/3720 
f 750/750/3721 748/748/3722 751/751/3723 
f 751/751/3724 748/748/3725 749/749/3726 
f 752/752/3727 750/750/3728 753/753/3729 
f 753/753/3730 750/750/3731 751/751/3732 
f 754/754/3733 752/752/3734 755/755/3735 
f 755/755/3736 752/752/3737 753/753/3738 
f 756/756/3739 754/754/3740 757/757/3741 
f 757/757/3742 754/754/3743 755/755/3744 
f 758/758/3745 759/759/3746 760/760/3747 
f 760/760/3748 759/759/3749 761/761/3750 
f 760/760/3751 761/761/3752 762/762/3753 
f 762/762/3754 761/761/3755 763/763/3756 
f 762/762/3757 763/763/3758 764/764/3759 
f 764/764/3760 763/763/3761 765/765/3762 
f 764/764/3763 765/765/3764 766/766/3765 
f 766/766/3766 765/765/3767 767/767/3768 
f 766/766/3769 767/767/3770 768/768/3771 
f 768/768/3772 767/767/3773 769/769/3774 
f 768/768/3775 769/769/3776 770/770/3777 
f 770/770/3778 769/769/3779 771/771/3780 
f 770/770/3781 771/771/3782 772/772/3783 
f 772/772/3784 771/771/3785 773/773/3786 
f 772/772/3787 773/773/3788 774/774/3789 
f 774/774/3790 773/773/3791 775/775/3792 
f 774/774/3793 775/775/3794 776/776/3795 
f 776/776/3796 775/775/3797 777/777/3798 
f 776/776/3799 777/777/3800 778/778/3801 
f 778/778/3802 777/777/3803 779/779/3804 
f 778/778/3805 779/779/3806 780/780/3807 
f 780/780/3808 779/779/3809 781/781/3810 
f 780/780/3811 781/781/3812 782/782/3813 
f 782/782/3814 781/781/3815 756/756/3816 
f 782/782/3817 756/756/3818 783/783/3819 
f 783/783/3820 756/756/3821 784/784/3822 
f 783/783/3823 784/784/3824 785/785/3825 
f 785/785/3826 784/784/3827 786/786/3828 
f 785/785/3829 786/786/3830 787/787/3831 
f 787/787/3832 786/786/3833 788/788/3834 
f 787/787/3835 788/788/3836 789/789/3837 
f 789/789/3838 788/788/3839 790/790/3840 
f 789/789/3841 790/790/3842 791/791/3843 
f 791/791/3844 790/790/3845 792/792/3846 
f 791/791/3847 792/792/3848 793/793/3849 
f 793/793/3850 792/792/3851 794/794/3852 
f 793/793/3853 794/794/3854 795/795/3855 
f 795/795/3856 794/794/3857 796/796/3858 
f 795/795/3859 796/796/3860 797/797/3861 
f 797/797/3862 796/796/3863 798/798/3864 
f 797/797/3865 798/798/3866 799/799/3867 
f 799/799/3868 798/798/3869 800/800/3870 
f 799/799/3871 800/800/3872 801/801/3873 
f 801/801/3874 800/800/3875 802/802/3876 
f 801/801/3877 802/802/3878 803/803/3879 
f 803/803/3880 802/802/3881 804/804/3882 
f 803/803/3883 804/804/3884 760/760/3885 
f 760/760/3886 804/804/3887 805/805/3888 
f 760/760/3889 805/805/3890 806/806/3891 
f 806/806/3892 805/805/3893 807/807/3894 
f 806/806/3895 807/807/3896 808/808/3897 
f 808/808/3898 807/807/3899 809/809/3900 
f 808/808/3901 809/809/3902 810/810/3903 
f 810/810/3904 809/809/3905 811/811/3906 
f 810/810/3907 811/811/3908 812/812/3909 
f 812/812/3910 811/811/3911 813/813/3912 
f 812/812/3913 813/813/3914 814/814/3915 
f 814/814/3916 813/813/3917 815/815/3918 
f 814/814/3919 815/815/3920 816/816/3921 
f 816/816/3922 815/815/3923 817/817/3924 
f 816/816/3925 817/817/3926 818/818/3927 
f 818/818/3928 817/817/3929 819/819/3930 
f 818/818/3931 819/819/3932 820/820/3933 
f 820/820/3934 819/819/3935 821/821/3936 
f 820/820/3937 821/821/3938 822/822/3939 
f 822/822/3940 821/821/3941 823/823/3942 
f 822/822/3943 823/823/3944 824/824/3945 
f 824/824/3946 823/823/3947 825/825/3948 
f 824/824/3949 825/825/3950 826/826/3951 
f 826/826/3952 825/825/3953 756/756/3954 
f 826/826/3955 756/756/3956 827/827/3957 
f 827/827/3958 756/756/3959 828/828/3960 
f 827/827/3961 828/828/3962 829/829/3963 
f 829/829/3964 828/828/3965 830/830/3966 
f 829/829/3967 830/830/3968 831/831/3969 
f 831/831/3970 830/830/3971 832/832/3972 
f 831/831/3973 832/832/3974 833/833/3975 
f 833/833/3976 832/832/3977 834/834/3978 
f 833/833/3979 834/834/3980 835/835/3981 
f 835/835/3982 834/834/3983 836/836/3984 
f 835/835/3985 836/836/3986 837/837/3987 
f 837/837/3988 836/836/3989 838/838/3990 
f 837/837/3991 838/838/3992 839/839/3993 
f 839/839/3994 838/838/3995 840/840/3996 
f 839/839/3997 840/840/3998 841/841/3999 
f 841/841/4000 840/840/4001 842/842/4002 
f 841/841/4003 842/842/4004 843/843/4005 
f 843/843/4006 842/842/4007 844/844/4008 
f 843/843/4009 844/844/4010 845/845/4011 
f 845/845/4012 844/844/4013 846/846/4014 
f 845/845/4015 846/846/4016 847/847/4017 
f 847/847/4018 846/846/4019 848/848/4020 
f 847/847/4021 848/848/4022 760/760/4023 
f 760/760/4024 848/848/4025 849/849/4026 
f 760/760/4027 849/849/4028 850/850/4029 
f 850/850/4030 849/849/4031 851/851/4032 
f 850/850/4033 851/851/4034 852/852/4035 
f 852/852/4036 851/851/4037 853/853/4038 
f 852/852/4039 853/853/4040 854/854/4041 
f 854/854/4042 853/853/4043 855/855/4044 
f 854/854/4045 855/855/4046 856/856/4047 
f 856/856/4048 855/855/4049 857/857/4050 
f 856/856/4051 857/857/4052 858/858/4053 
f 858/858/4054 857/857/4055 859/859/4056 
f 858/858/4057 859/859/4058 860/860/4059 
f 860/860/4060 859/859/4061 861/861/4062 
f 860/860/4063 861/861/4064 862/862/4065 
f 862/862/4066 861/861/4067 863/863/4068 
f 862/862/4069 863/863/4070 864/864/4071 
f 864/864/4072 863/863/4073 865/865/4074 
f 864/864/4075 865/865/4076 866/866/4077 
f 866/866/4078 865/865/4079 867/867/4080 
f 866/866/4081 867/867/4082 868/868/4083 
f 868/868/4084 867/867/4085 869/869/4086 
f 868/868/4087 869/869/4088 870/870/4089 
f 870/870/4090 869/869/4091 756/756/4092 
f 870/870/4093 756/756/4094 871/871/4095 
f 871/871/4096 756/756/4097 872/872/4098 
f 871/871/4099 872/872/4100 873/873/4101 
f 873/873/4102 872/872/4103 874/874/4104 
f 873/873/4105 874/874/4106 875/875/4107 
f 875/875/4108 874/874/4109 876/876/4110 
f 875/875/4111 876/876/4112 877/877/4113 
f 877/877/4114 876/876/4115 878/878/4116 
f 877/877/4117 878/878/4118 879/879/4119 
f 879/879/4120 878/878/4121 880/880/4122 
f 879/879/4123 880/880/4124 881/881/4125 
f 881/881/4126 880/880/4127 882/882/4128 
f 881/881/4129 882/882/4130 883/883/4131 
f 883/883/4132 882/882/4133 884/884/4134 
f 883/883/4135 884/884/4136 885/885/4137 
f 885/885/4138 884/884/4139 886/886/4140 
f 885/885/4141 886/886/4142 887/887/4143 
f 887/887/4144 886/886/4145 888/888/4146 
f 887/887/4147 888/888/4148 889/889/4149 
f 889/889/4150 888/888/4151 890/890/4152 
f 889/889/4153 890/890/4154 891/891/4155 
f 891/891/4156 890/890/4157 892/892/4158 
f 891/891/4159 892/892/4160 893/893/4161 
f 893/893/4162 892/892/4163 894/894/4164 
f 893/893/4165 894/894/4166 895/895/4167 
f 895/895/4168 894/894/4169 896/896/4170 
f 895/895/4171 896/896/4172 897/897/4173 
f 897/897/4174 896/896/4175 898/898/4176 
f 897/897/4177 898/898/4178 899/899/4179 
f 899/899/4180 898/898/4181 900/900/4182 
f 899/899/4183 900/900/4184 901/901/4185 
f 901/901/4186 900/900/4187 902/902/4188 
f 901/901/4189 902/902/4190 903/903/4191 
f 903/903/4192 902/902/4193 904/904/4194 
f 903/903/4195 904/904/4196 905/905/4197 
f 905/905/4198 904/904/4199 906/906/4200 
f 905/905/4201 906/906/4202 907/907/4203 
f 907/907/4204 906/906/4205 908/908/4206 
f 907/907/4207 908/908/4208 909/909/4209 
f 909/909/4210 908/908/4211 910/910/4212 
f 909/909/4213 910/910/4214 911/911/4215 
f 911/911/4216 910/910/4217 912/912/4218 
f 911/911/4219 912/912/4220 913/913/4221 
f 913/913/4222 912/912/4223 914/914/4224 
f 913/913/4225 914/914/4226 915/915/4227 
f 915/915/4228 914/914/4229 757/757/4230 
f 915/915/4231 757/757/4232 916/916/4233 
f 916/916/4234 757/757/4235 917/917/4236 
f 916/916/4237 917/917/4238 918/918/4239 
f 918/918/4240 917/917/4241 919/919/4242 
f 918/918/4243 919/919/4244 920/920/4245 
f 920/920/4246 919/919/4247 921/921/4248 
f 920/920/4249 921/921/4250 922/922/4251 
f 922/922/4252 921/921/4253 923/923/4254 
f 922/922/4255 923/923/4256 924/924/4257 
f 924/924/4258 923/923/4259 925/925/4260 
f 924/924/4261 925/925/4262 926/926/4263 
f 926/926/4264 925/925/4265 927/927/4266 
f 926/926/4267 927/927/4268 928/928/4269 
f 928/928/4270 927/927/4271 929/929/4272 
f 928/928/4273 929/929/4274 930/930/4275 
f 930/930/4276 929/929/4277 931/931/4278 
f 930/930/4279 931/931/4280 932/932/4281 
f 932/932/4282 931/931/4283 933/933/4284 
f 932/932/4285 933/933/4286 934/934/4287 
f 934/934/4288 933/933/4289 935/935/4290 
f 934/934/4291 935/935/4292 936/936/4293 
f 936/936/4294 935/935/4295 937/937/4296 
f 936/936/4297 937/937/4298 893/893/4299 
f 893/893/4300 937/937/4301 938/938/4302 
f 893/893/4303 938/938/4304 939/939/4305 
f 939/939/4306 938/938/4307 940/940/4308 
f 939/939/4309 940/940/4310 941/941/4311 
f 941/941/4312 940/940/4313 942/942/4314 
f 941/941/4315 942/942/4316 943/943/4317 
f 943/943/4318 942/942/4319 944/944/4320 
f 943/943/4321 944/944/4322 945/945/4323 
f 945/945/4324 944/944/4325 946/946/4326 
f 945/945/4327 946/946/4328 947/947/4329 
f 947/947/4330 946/946/4331 948/948/4332 
f 947/947/4333 948/948/4334 949/949/4335 
f 949/949/4336 948/948/4337 950/950/4338 
f 949/949/4339 950/950/4340 951/951/4341 
f 951/951/4342 950/950/4343 952/952/4344 
f 951/951/4345 952/952/4346 953/953/4347 
f 953/953/4348 952/952/4349 954/954/4350 
f 953/953/4351 954/954/4352 955/955/4353 
f 955/955/4354 954/954/4355 956/956/4356 
f 955/955/4357 956/956/4358 957/957/4359 
f 957/957/4360 956/956/4361 958/958/4362 
f 957/957/4363 958/958/4364 959/959/4365 
f 959/959/4366 958/958/4367 757/757/4368 
f 959/959/4369 757/757/4370 960/960/4371 
f 960/960/4372 757/757/4373 961/961/4374 
f 960/960/4375 961/961/4376 962/962/4377 
f 962/962/4378 961/961/4379 963/963/4380 
f 962/962/4381 963/963/4382 964/964/4383 
f 964/964/4384 963/963/4385 965/965/4386 
f 964/964/4387 965/965/4388 966/966/4389 
f 966/966/4390 965/965/4391 967/967/4392 
f 966/966/4393 967/967/4394 968/968/4395 
f 968/968/4396 967/967/4397 969/969/4398 
f 968/968/4399 969/969/4400 970/970/4401 
f 970/970/4402 969/969/4403 971/971/4404 
f 970/970/4405 971/971/4406 972/972/4407 
f 972/972/4408 971/971/4409 973/973/4410 
f 972/972/4411 973/973/4412 974/974/4413 
f 974/974/4414 973/973/4415 975/975/4416 
f 974/974/4417 975/975/4418 976/976/4419 
f 976/976/4420 975/975/4421 977/977/4422 
f 976/976/4423 977/977/4424 978/978/4425 
f 758/758/4426 979/979/4427 759/759/4428 
f 759/759/4429 979/979/4430 980/980/4431 
f 759/759/4432 980/980/4433 761/761/4434 
f 761/761/4435 980/980/4436 763/763/4437 
f 979/979/4438 981/981/4439 980/980/4440 
f 980/980/4441 981/981/4442 982/982/4443 
f 980/980/4444 982/982/4445 763/763/4446 
f 763/763/4447 982/982/4448 765/765/4449 
f 981/981/4450 983/983/4451 982/982/4452 
f 982/982/4453 983/983/4454 984/984/4455 
f 982/982/4456 984/984/4457 765/765/4458 
f 765/765/4459 984/984/4460 767/767/4461 
f 983/983/4462 985/985/4463 984/984/4464 
f 984/984/4465 985/985/4466 986/986/4467 
f 984/984/4468 986/986/4469 767/767/4470 
f 767/767/4471 986/986/4472 769/769/4473 
f 985/985/4474 987/987/4475 986/986/4476 
f 986/986/4477 987/987/4478 988/988/4479 
f 986/986/4480 988/988/4481 769/769/4482 
f 769/769/4483 988/988/4484 771/771/4485 
f 987/987/4486 989/989/4487 988/988/4488 
f 988/988/4489 989/989/4490 990/990/4491 
f 988/988/4492 990/990/4493 771/771/4494 
f 771/771/4495 990/990/4496 773/773/4497 
f 989/989/4498 991/991/4499 990/990/4500 
f 990/990/4501 991/991/4502 992/992/4503 
f 990/990/4504 992/992/4505 773/773/4506 
f 773/773/4507 992/992/4508 775/775/4509 
f 991/991/4510 993/993/4511 992/992/4512 
f 992/992/4513 993/993/4514 994/994/4515 
f 992/992/4516 994/994/4517 775/775/4518 
f 775/775/4519 994/994/4520 777/777/4521 
f 993/993/4522 995/995/4523 994/994/4524 
f 994/994/4525 995/995/4526 996/996/4527 
f 994/994/4528 996/996/4529 777/777/4530 
f 777/777/4531 996/996/4532 779/779/4533 
f 995/995/4534 997/997/4535 996/996/4536 
f 996/996/4537 997/997/4538 998/998/4539 
f 996/996/4540 998/998/4541 779/779/4542 
f 779/779/4543 998/998/4544 781/781/4545 
f 997/997/4546 756/756/4547 998/998/4548 
f 998/998/4549 756/756/4550 781/781/4551 
f 872/872/4552 756/756/4553 999/999/4554 
f 999/999/4555 756/756/4556 757/757/4557 
f 999/999/4558 757/757/4559 1000/1000/4560 
f 1000/1000/4561 757/757/4562 1001/1001/4563 
f 1000/1000/4564 1001/1001/4565 1002/1002/4566 
f 1002/1002/4567 1001/1001/4568 1003/1003/4569 
f 1002/1002/4570 1003/1003/4571 1004/1004/4572 
f 1004/1004/4573 1003/1003/4574 1005/1005/4575 
f 1004/1004/4576 1005/1005/4577 1006/1006/4578 
f 1006/1006/4579 1005/1005/4580 1007/1007/4581 
f 1006/1006/4582 1007/1007/4583 1008/1008/4584 
f 1008/1008/4585 1007/1007/4586 1009/1009/4587 
f 1008/1008/4588 1009/1009/4589 1010/1010/4590 
f 1010/1010/4591 1009/1009/4592 1011/1011/4593 
f 1010/1010/4594 1011/1011/4595 1012/1012/4596 
f 1012/1012/4597 1011/1011/4598 1013/1013/4599 
f 1012/1012/4600 1013/1013/4601 1014/1014/4602 
f 1014/1014/4603 1013/1013/4604 1015/1015/4605 
f 1014/1014/4606 1015/1015/4607 1016/1016/4608 
f 1016/1016/4609 1015/1015/4610 898/898/4611 
f 1016/1016/4612 898/898/4613 896/896/4614 
f 1017/1017/4615 1018/1018/4616 757/757/4617 
f 757/757/4618 1018/1018/4619 1019/1019/4620 
f 757/757/4621 1019/1019/4622 1020/1020/4623 
f 1020/1020/4624 1019/1019/4625 1021/1021/4626 
f 1020/1020/4627 1021/1021/4628 1022/1022/4629 
f 1022/1022/4630 1021/1021/4631 1023/1023/4632 
f 1022/1022/4633 1023/1023/4634 1024/1024/4635 
f 1024/1024/4636 1023/1023/4637 1025/1025/4638 
f 1024/1024/4639 1025/1025/4640 1026/1026/4641 
f 1026/1026/4642 1025/1025/4643 1027/1027/4644 
f 1026/1026/4645 1027/1027/4646 1028/1028/4647 
f 1028/1028/4648 1027/1027/4649 1029/1029/4650 
f 1028/1028/4651 1029/1029/4652 971/971/4653 
f 971/971/4654 1029/1029/4655 973/973/4656 
f 1017/1017/4657 1030/1030/4658 1018/1018/4659 
f 1018/1018/4660 1030/1030/4661 1031/1031/4662 
f 1018/1018/4663 1031/1031/4664 1019/1019/4665 
f 1019/1019/4666 1031/1031/4667 1021/1021/4668 
f 1030/1030/4669 1032/1032/4670 1031/1031/4671 
f 1031/1031/4672 1032/1032/4673 1033/1033/4674 
f 1031/1031/4675 1033/1033/4676 1021/1021/4677 
f 1021/1021/4678 1033/1033/4679 1023/1023/4680 
f 1032/1032/4681 1034/1034/4682 1033/1033/4683 
f 1033/1033/4684 1034/1034/4685 1035/1035/4686 
f 1033/1033/4687 1035/1035/4688 1023/1023/4689 
f 1023/1023/4690 1035/1035/4691 1025/1025/4692 
f 1034/1034/4693 1036/1036/4694 1035/1035/4695 
f 1035/1035/4696 1036/1036/4697 1037/1037/4698 
f 1035/1035/4699 1037/1037/4700 1025/1025/4701 
f 1025/1025/4702 1037/1037/4703 1027/1027/4704 
f 1036/1036/4705 1038/1038/4706 1037/1037/4707 
f 1037/1037/4708 1038/1038/4709 1039/1039/4710 
f 1037/1037/4711 1039/1039/4712 1027/1027/4713 
f 1027/1027/4714 1039/1039/4715 1029/1029/4716 
f 1038/1038/4717 1040/1040/4718 1039/1039/4719 
f 1039/1039/4720 1040/1040/4721 1041/1041/4722 
f 1039/1039/4723 1041/1041/4724 1029/1029/4725 
f 1029/1029/4726 1041/1041/4727 973/973/4728 
f 1040/1040/4729 1042/1042/4730 1041/1041/4731 
f 1041/1041/4732 1042/1042/4733 975/975/4734 
f 1041/1041/4735 975/975/4736 973/973/4737 
f 1042/1042/4738 977/977/4739 975/975/4740 
f 976/976/4741 978/978/4742 1043/1043/4743 
f 1043/1043/4744 978/978/4745 1044/1044/4746 
f 1043/1043/4747 1044/1044/4748 1045/1045/4749 
f 1045/1045/4750 1044/1044/4751 893/893/4752 
f 1045/1045/4753 893/893/4754 1046/1046/4755 
f 1046/1046/4756 893/893/4757 1047/1047/4758 
f 1046/1046/4759 1047/1047/4760 1048/1048/4761 
f 1048/1048/4762 1047/1047/4763 1049/1049/4764 
f 1048/1048/4765 1049/1049/4766 1050/1050/4767 
f 1050/1050/4768 1049/1049/4769 1051/1051/4770 
f 1050/1050/4771 1051/1051/4772 1052/1052/4773 
f 1052/1052/4774 1051/1051/4775 1053/1053/4776 
f 1052/1052/4777 1053/1053/4778 1054/1054/4779 
f 1054/1054/4780 1053/1053/4781 1055/1055/4782 
f 1054/1054/4783 1055/1055/4784 1056/1056/4785 
f 1056/1056/4786 1055/1055/4787 1057/1057/4788 
f 1056/1056/4789 1057/1057/4790 1058/1058/4791 
f 1058/1058/4792 1057/1057/4793 1059/1059/4794 
f 1058/1058/4795 1059/1059/4796 1060/1060/4797 
f 1060/1060/4798 1059/1059/4799 953/953/4800 
f 1060/1060/4801 953/953/4802 955/955/4803 
f 760/760/4804 1061/1061/4805 893/893/4806 
f 893/893/4807 1061/1061/4808 1062/1062/4809 
f 893/893/4810 1062/1062/4811 1063/1063/4812 
f 1063/1063/4813 1062/1062/4814 1064/1064/4815 
f 1063/1063/4816 1064/1064/4817 1065/1065/4818 
f 1065/1065/4819 1064/1064/4820 1066/1066/4821 
f 1065/1065/4822 1066/1066/4823 1067/1067/4824 
f 1067/1067/4825 1066/1066/4826 1068/1068/4827 
f 1067/1067/4828 1068/1068/4829 1069/1069/4830 
f 1069/1069/4831 1068/1068/4832 1070/1070/4833 
f 1069/1069/4834 1070/1070/4835 1071/1071/4836 
f 1071/1071/4837 1070/1070/4838 1072/1072/4839 
f 1071/1071/4840 1072/1072/4841 881/881/4842 
f 881/881/4843 1072/1072/4844 879/879/4845 
f 760/760/4846 1073/1073/4847 1074/1074/4848 
f 1074/1074/4849 1073/1073/4850 1075/1075/4851 
f 1074/1074/4852 1075/1075/4853 1076/1076/4854 
f 1076/1076/4855 1075/1075/4856 1077/1077/4857 
f 1076/1076/4858 1077/1077/4859 1078/1078/4860 
f 1078/1078/4861 1077/1077/4862 1079/1079/4863 
f 1078/1078/4864 1079/1079/4865 1080/1080/4866 
f 1080/1080/4867 1079/1079/4868 1081/1081/4869 
f 1080/1080/4870 1081/1081/4871 1082/1082/4872 
f 1082/1082/4873 1081/1081/4874 1083/1083/4875 
f 1082/1082/4876 1083/1083/4877 1084/1084/4878 
f 1084/1084/4879 1083/1083/4880 1085/1085/4881 
f 1084/1084/4882 1085/1085/4883 1086/1086/4884 
f 1086/1086/4885 1085/1085/4886 1087/1087/4887 
f 1086/1086/4888 1087/1087/4889 1088/1088/4890 
f 1088/1088/4891 1087/1087/4892 1089/1089/4893 
f 1088/1088/4894 1089/1089/4895 1090/1090/4896 
f 1090/1090/4897 1089/1089/4898 1091/1091/4899 
f 1090/1090/4900 1091/1091/4901 785/785/4902 
f 785/785/4903 1091/1091/4904 783/783/4905 
f 760/760/4906 1074/1074/4907 1092/1092/4908 
f 1092/1092/4909 1074/1074/4910 1076/1076/4911 
f 1092/1092/4912 1076/1076/4913 1093/1093/4914 
f 1093/1093/4915 1076/1076/4916 1078/1078/4917 
f 1093/1093/4918 1078/1078/4919 1094/1094/4920 
f 1094/1094/4921 1078/1078/4922 1080/1080/4923 
f 1094/1094/4924 1080/1080/4925 1095/1095/4926 
f 1095/1095/4927 1080/1080/4928 1082/1082/4929 
f 1095/1095/4930 1082/1082/4931 1096/1096/4932 
f 1096/1096/4933 1082/1082/4934 1084/1084/4935 
f 1096/1096/4936 1084/1084/4937 1097/1097/4938 
f 1097/1097/4939 1084/1084/4940 1086/1086/4941 
f 1097/1097/4942 1086/1086/4943 1098/1098/4944 
f 1098/1098/4945 1086/1086/4946 1088/1088/4947 
f 1098/1098/4948 1088/1088/4949 1099/1099/4950 
f 1099/1099/4951 1088/1088/4952 1090/1090/4953 
f 1099/1099/4954 1090/1090/4955 787/787/4956 
f 787/787/4957 1090/1090/4958 785/785/4959 
f 760/760/4960 1100/1100/4961 1101/1101/4962 
f 1101/1101/4963 1100/1100/4964 1102/1102/4965 
f 1101/1101/4966 1102/1102/4967 1103/1103/4968 
f 1103/1103/4969 1102/1102/4970 1104/1104/4971 
f 1103/1103/4972 1104/1104/4973 1105/1105/4974 
f 1105/1105/4975 1104/1104/4976 1106/1106/4977 
f 1105/1105/4978 1106/1106/4979 1107/1107/4980 
f 1107/1107/4981 1106/1106/4982 1108/1108/4983 
f 1107/1107/4984 1108/1108/4985 1109/1109/4986 
f 1109/1109/4987 1108/1108/4988 1110/1110/4989 
f 1109/1109/4990 1110/1110/4991 793/793/4992 
f 793/793/4993 1110/1110/4994 791/791/4995 
f 760/760/4996 1101/1101/4997 1111/1111/4998 
f 1111/1111/4999 1101/1101/5000 1103/1103/5001 
f 1111/1111/5002 1103/1103/5003 1112/1112/5004 
f 1112/1112/5005 1103/1103/5006 1105/1105/5007 
f 1112/1112/5008 1105/1105/5009 1113/1113/5010 
f 1113/1113/5011 1105/1105/5012 1107/1107/5013 
f 1113/1113/5014 1107/1107/5015 1114/1114/5016 
f 1114/1114/5017 1107/1107/5018 1109/1109/5019 
f 1114/1114/5020 1109/1109/5021 795/795/5022 
f 795/795/5023 1109/1109/5024 793/793/5025 
f 760/760/5026 1115/1115/5027 1116/1116/5028 
f 1116/1116/5029 1115/1115/5030 1117/1117/5031 
f 1116/1116/5032 1117/1117/5033 801/801/5034 
f 801/801/5035 1117/1117/5036 799/799/5037 
f 801/801/5038 803/803/5039 1116/1116/5040 
f 1116/1116/5041 803/803/5042 760/760/5043 
f 760/760/5044 806/806/5045 1118/1118/5046 
f 1118/1118/5047 806/806/5048 808/808/5049 
f 1118/1118/5050 808/808/5051 1119/1119/5052 
f 1119/1119/5053 808/808/5054 810/810/5055 
f 1119/1119/5056 810/810/5057 1120/1120/5058 
f 1120/1120/5059 810/810/5060 812/812/5061 
f 1120/1120/5062 812/812/5063 1121/1121/5064 
f 1121/1121/5065 812/812/5066 814/814/5067 
f 1121/1121/5068 814/814/5069 1122/1122/5070 
f 1122/1122/5071 814/814/5072 816/816/5073 
f 1122/1122/5074 816/816/5075 1123/1123/5076 
f 1123/1123/5077 816/816/5078 818/818/5079 
f 1123/1123/5080 818/818/5081 1124/1124/5082 
f 1124/1124/5083 818/818/5084 820/820/5085 
f 1124/1124/5086 820/820/5087 1125/1125/5088 
f 1125/1125/5089 820/820/5090 822/822/5091 
f 1125/1125/5092 822/822/5093 1126/1126/5094 
f 1126/1126/5095 822/822/5096 824/824/5097 
f 1126/1126/5098 824/824/5099 1127/1127/5100 
f 1127/1127/5101 824/824/5102 826/826/5103 
f 1127/1127/5104 826/826/5105 827/827/5106 
f 760/760/5107 1128/1128/5108 1129/1129/5109 
f 1129/1129/5110 1128/1128/5111 1130/1130/5112 
f 1129/1129/5113 1130/1130/5114 1131/1131/5115 
f 1131/1131/5116 1130/1130/5117 1132/1132/5118 
f 1131/1131/5119 1132/1132/5120 1133/1133/5121 
f 1133/1133/5122 1132/1132/5123 1134/1134/5124 
f 1133/1133/5125 1134/1134/5126 1135/1135/5127 
f 1135/1135/5128 1134/1134/5129 1136/1136/5130 
f 1135/1135/5131 1136/1136/5132 1137/1137/5133 
f 1137/1137/5134 1136/1136/5135 1138/1138/5136 
f 1137/1137/5137 1138/1138/5138 1139/1139/5139 
f 1139/1139/5140 1138/1138/5141 1140/1140/5142 
f 1139/1139/5143 1140/1140/5144 1141/1141/5145 
f 1141/1141/5146 1140/1140/5147 1142/1142/5148 
f 1141/1141/5149 1142/1142/5150 833/833/5151 
f 833/833/5152 1142/1142/5153 831/831/5154 
f 760/760/5155 1129/1129/5156 1143/1143/5157 
f 1143/1143/5158 1129/1129/5159 1131/1131/5160 
f 1143/1143/5161 1131/1131/5162 1144/1144/5163 
f 1144/1144/5164 1131/1131/5165 1133/1133/5166 
f 1144/1144/5167 1133/1133/5168 1145/1145/5169 
f 1145/1145/5170 1133/1133/5171 1135/1135/5172 
f 1145/1145/5173 1135/1135/5174 1146/1146/5175 
f 1146/1146/5176 1135/1135/5177 1137/1137/5178 
f 1146/1146/5179 1137/1137/5180 1147/1147/5181 
f 1147/1147/5182 1137/1137/5183 1139/1139/5184 
f 1147/1147/5185 1139/1139/5186 1148/1148/5187 
f 1148/1148/5188 1139/1139/5189 1141/1141/5190 
f 1148/1148/5191 1141/1141/5192 835/835/5193 
f 835/835/5194 1141/1141/5195 833/833/5196 
f 760/760/5197 1149/1149/5198 1150/1150/5199 
f 1150/1150/5200 1149/1149/5201 1151/1151/5202 
f 1150/1150/5203 1151/1151/5204 1152/1152/5205 
f 1152/1152/5206 1151/1151/5207 1153/1153/5208 
f 1152/1152/5209 1153/1153/5210 1154/1154/5211 
f 1154/1154/5212 1153/1153/5213 1155/1155/5214 
f 1154/1154/5215 1155/1155/5216 841/841/5217 
f 841/841/5218 1155/1155/5219 839/839/5220 
f 760/760/5221 1150/1150/5222 1156/1156/5223 
f 1156/1156/5224 1150/1150/5225 1152/1152/5226 
f 1156/1156/5227 1152/1152/5228 1157/1157/5229 
f 1157/1157/5230 1152/1152/5231 1154/1154/5232 
f 1157/1157/5233 1154/1154/5234 843/843/5235 
f 843/843/5236 1154/1154/5237 841/841/5238 
f 760/760/5239 1158/1158/5240 1159/1159/5241 
f 1159/1159/5242 1158/1158/5243 1160/1160/5244 
f 1159/1159/5245 1160/1160/5246 1161/1161/5247 
f 1161/1161/5248 1160/1160/5249 1162/1162/5250 
f 1161/1161/5251 1162/1162/5252 1163/1163/5253 
f 1163/1163/5254 1162/1162/5255 1164/1164/5256 
f 1163/1163/5257 1164/1164/5258 1165/1165/5259 
f 1165/1165/5260 1164/1164/5261 1166/1166/5262 
f 1165/1165/5263 1166/1166/5264 1167/1167/5265 
f 1167/1167/5266 1166/1166/5267 1168/1168/5268 
f 1167/1167/5269 1168/1168/5270 1169/1169/5271 
f 1169/1169/5272 1168/1168/5273 1170/1170/5274 
f 1169/1169/5275 1170/1170/5276 1171/1171/5277 
f 1171/1171/5278 1170/1170/5279 1172/1172/5280 
f 1171/1171/5281 1172/1172/5282 1173/1173/5283 
f 1173/1173/5284 1172/1172/5285 1174/1174/5286 
f 1173/1173/5287 1174/1174/5288 1175/1175/5289 
f 1175/1175/5290 1174/1174/5291 1176/1176/5292 
f 1175/1175/5293 1176/1176/5294 873/873/5295 
f 873/873/5296 1176/1176/5297 871/871/5298 
f 760/760/5299 1159/1159/5300 1177/1177/5301 
f 1177/1177/5302 1159/1159/5303 1161/1161/5304 
f 1177/1177/5305 1161/1161/5306 1178/1178/5307 
f 1178/1178/5308 1161/1161/5309 1163/1163/5310 
f 1178/1178/5311 1163/1163/5312 1179/1179/5313 
f 1179/1179/5314 1163/1163/5315 1165/1165/5316 
f 1179/1179/5317 1165/1165/5318 1180/1180/5319 
f 1180/1180/5320 1165/1165/5321 1167/1167/5322 
f 1180/1180/5323 1167/1167/5324 1181/1181/5325 
f 1181/1181/5326 1167/1167/5327 1169/1169/5328 
f 1181/1181/5329 1169/1169/5330 1182/1182/5331 
f 1182/1182/5332 1169/1169/5333 1171/1171/5334 
f 1182/1182/5335 1171/1171/5336 1183/1183/5337 
f 1183/1183/5338 1171/1171/5339 1173/1173/5340 
f 1183/1183/5341 1173/1173/5342 1184/1184/5343 
f 1184/1184/5344 1173/1173/5345 1175/1175/5346 
f 1184/1184/5347 1175/1175/5348 875/875/5349 
f 875/875/5350 1175/1175/5351 873/873/5352 
f 893/893/5353 1185/1185/5354 1186/1186/5355 
f 1186/1186/5356 1185/1185/5357 1187/1187/5358 
f 1186/1186/5359 1187/1187/5360 1188/1188/5361 
f 1188/1188/5362 1187/1187/5363 1189/1189/5364 
f 1188/1188/5365 1189/1189/5366 887/887/5367 
f 887/887/5368 1189/1189/5369 885/885/5370 
f 893/893/5371 1186/1186/5372 1190/1190/5373 
f 1190/1190/5374 1186/1186/5375 1188/1188/5376 
f 1190/1190/5377 1188/1188/5378 889/889/5379 
f 889/889/5380 1188/1188/5381 887/887/5382 
f 893/893/5383 1191/1191/5384 1192/1192/5385 
f 1192/1192/5386 1191/1191/5387 1193/1193/5388 
f 1192/1192/5389 1193/1193/5390 1194/1194/5391 
f 1194/1194/5392 1193/1193/5393 1195/1195/5394 
f 1194/1194/5395 1195/1195/5396 1196/1196/5397 
f 1196/1196/5398 1195/1195/5399 1197/1197/5400 
f 1196/1196/5401 1197/1197/5402 1198/1198/5403 
f 1198/1198/5404 1197/1197/5405 1199/1199/5406 
f 1198/1198/5407 1199/1199/5408 1200/1200/5409 
f 1200/1200/5410 1199/1199/5411 1201/1201/5412 
f 1200/1200/5413 1201/1201/5414 1202/1202/5415 
f 1202/1202/5416 1201/1201/5417 1203/1203/5418 
f 1202/1202/5419 1203/1203/5420 1204/1204/5421 
f 1204/1204/5422 1203/1203/5423 1205/1205/5424 
f 1204/1204/5425 1205/1205/5426 1206/1206/5427 
f 1206/1206/5428 1205/1205/5429 1207/1207/5430 
f 1206/1206/5431 1207/1207/5432 920/920/5433 
f 920/920/5434 1207/1207/5435 918/918/5436 
f 893/893/5437 1192/1192/5438 1208/1208/5439 
f 1208/1208/5440 1192/1192/5441 1194/1194/5442 
f 1208/1208/5443 1194/1194/5444 1209/1209/5445 
f 1209/1209/5446 1194/1194/5447 1196/1196/5448 
f 1209/1209/5449 1196/1196/5450 1210/1210/5451 
f 1210/1210/5452 1196/1196/5453 1198/1198/5454 
f 1210/1210/5455 1198/1198/5456 1211/1211/5457 
f 1211/1211/5458 1198/1198/5459 1200/1200/5460 
f 1211/1211/5461 1200/1200/5462 1212/1212/5463 
f 1212/1212/5464 1200/1200/5465 1202/1202/5466 
f 1212/1212/5467 1202/1202/5468 1213/1213/5469 
f 1213/1213/5470 1202/1202/5471 1204/1204/5472 
f 1213/1213/5473 1204/1204/5474 1214/1214/5475 
f 1214/1214/5476 1204/1204/5477 1206/1206/5478 
f 1214/1214/5479 1206/1206/5480 922/922/5481 
f 922/922/5482 1206/1206/5483 920/920/5484 
f 893/893/5485 1215/1215/5486 1216/1216/5487 
f 1216/1216/5488 1215/1215/5489 1217/1217/5490 
f 1216/1216/5491 1217/1217/5492 1218/1218/5493 
f 1218/1218/5494 1217/1217/5495 1219/1219/5496 
f 1218/1218/5497 1219/1219/5498 1220/1220/5499 
f 1220/1220/5500 1219/1219/5501 1221/1221/5502 
f 1220/1220/5503 1221/1221/5504 1222/1222/5505 
f 1222/1222/5506 1221/1221/5507 1223/1223/5508 
f 1222/1222/5509 1223/1223/5510 928/928/5511 
f 928/928/5512 1223/1223/5513 926/926/5514 
f 893/893/5515 1216/1216/5516 1224/1224/5517 
f 1224/1224/5518 1216/1216/5519 1218/1218/5520 
f 1224/1224/5521 1218/1218/5522 1225/1225/5523 
f 1225/1225/5524 1218/1218/5525 1220/1220/5526 
f 1225/1225/5527 1220/1220/5528 1226/1226/5529 
f 1226/1226/5530 1220/1220/5531 1222/1222/5532 
f 1226/1226/5533 1222/1222/5534 930/930/5535 
f 930/930/5536 1222/1222/5537 928/928/5538 
f 934/934/5539 936/936/5540 1227/1227/5541 
f 1227/1227/5542 936/936/5543 893/893/5544 
f 1227/1227/5545 893/893/5546 1228/1228/5547 
f 1228/1228/5548 893/893/5549 1224/1224/5550 
f 1228/1228/5551 1224/1224/5552 1225/1225/5553 
f 893/893/5554 939/939/5555 1229/1229/5556 
f 1229/1229/5557 939/939/5558 941/941/5559 
f 1229/1229/5560 941/941/5561 1230/1230/5562 
f 1230/1230/5563 941/941/5564 943/943/5565 
f 1230/1230/5566 943/943/5567 1231/1231/5568 
f 1231/1231/5569 943/943/5570 945/945/5571 
f 1231/1231/5572 945/945/5573 1232/1232/5574 
f 1232/1232/5575 945/945/5576 947/947/5577 
f 1232/1232/5578 947/947/5579 1233/1233/5580 
f 1233/1233/5581 947/947/5582 949/949/5583 
f 1233/1233/5584 949/949/5585 1234/1234/5586 
f 1234/1234/5587 949/949/5588 951/951/5589 
f 1234/1234/5590 951/951/5591 1059/1059/5592 
f 1059/1059/5593 951/951/5594 953/953/5595 
f 893/893/5596 1229/1229/5597 1235/1235/5598 
f 1235/1235/5599 1229/1229/5600 1230/1230/5601 
f 1235/1235/5602 1230/1230/5603 1236/1236/5604 
f 1236/1236/5605 1230/1230/5606 1231/1231/5607 
f 1236/1236/5608 1231/1231/5609 1237/1237/5610 
f 1237/1237/5611 1231/1231/5612 1232/1232/5613 
f 1237/1237/5614 1232/1232/5615 1238/1238/5616 
f 1238/1238/5617 1232/1232/5618 1233/1233/5619 
f 1238/1238/5620 1233/1233/5621 1239/1239/5622 
f 1239/1239/5623 1233/1233/5624 1234/1234/5625 
f 1239/1239/5626 1234/1234/5627 1057/1057/5628 
f 1057/1057/5629 1234/1234/5630 1059/1059/5631 
f 893/893/5632 1240/1240/5633 1241/1241/5634 
f 1241/1241/5635 1240/1240/5636 1242/1242/5637 
f 1241/1241/5638 1242/1242/5639 1243/1243/5640 
f 1243/1243/5641 1242/1242/5642 1244/1244/5643 
f 1243/1243/5644 1244/1244/5645 1051/1051/5646 
f 1051/1051/5647 1244/1244/5648 1053/1053/5649 
f 893/893/5650 1241/1241/5651 1245/1245/5652 
f 1245/1245/5653 1241/1241/5654 1243/1243/5655 
f 1245/1245/5656 1243/1243/5657 1049/1049/5658 
f 1049/1049/5659 1243/1243/5660 1051/1051/5661 
f 786/786/5662 784/784/5663 1246/1246/5664 
f 1246/1246/5665 784/784/5666 756/756/5667 
f 1246/1246/5668 756/756/5669 1247/1247/5670 
f 1247/1247/5671 756/756/5672 1248/1248/5673 
f 1247/1247/5674 1248/1248/5675 1249/1249/5676 
f 1249/1249/5677 1248/1248/5678 1250/1250/5679 
f 1249/1249/5680 1250/1250/5681 1251/1251/5682 
f 1251/1251/5683 1250/1250/5684 1252/1252/5685 
f 1251/1251/5686 1252/1252/5687 1253/1253/5688 
f 1253/1253/5689 1252/1252/5690 1254/1254/5691 
f 1253/1253/5692 1254/1254/5693 1255/1255/5694 
f 1255/1255/5695 1254/1254/5696 1256/1256/5697 
f 1255/1255/5698 1256/1256/5699 1257/1257/5700 
f 1257/1257/5701 1256/1256/5702 1258/1258/5703 
f 1257/1257/5704 1258/1258/5705 1259/1259/5706 
f 1259/1259/5707 1258/1258/5708 1260/1260/5709 
f 1259/1259/5710 1260/1260/5711 1261/1261/5712 
f 1261/1261/5713 1260/1260/5714 1262/1262/5715 
f 1261/1261/5716 1262/1262/5717 1263/1263/5718 
f 1263/1263/5719 1262/1262/5720 809/809/5721 
f 1263/1263/5722 809/809/5723 807/807/5724 
f 1248/1248/5725 756/756/5726 1264/1264/5727 
f 1264/1264/5728 756/756/5729 1265/1265/5730 
f 1264/1264/5731 1265/1265/5732 1266/1266/5733 
f 1266/1266/5734 1265/1265/5735 1267/1267/5736 
f 1266/1266/5737 1267/1267/5738 1268/1268/5739 
f 1268/1268/5740 1267/1267/5741 1269/1269/5742 
f 1268/1268/5743 1269/1269/5744 1270/1270/5745 
f 1270/1270/5746 1269/1269/5747 1271/1271/5748 
f 1270/1270/5749 1271/1271/5750 1272/1272/5751 
f 1272/1272/5752 1271/1271/5753 1273/1273/5754 
f 1272/1272/5755 1273/1273/5756 1274/1274/5757 
f 1274/1274/5758 1273/1273/5759 1275/1275/5760 
f 1274/1274/5761 1275/1275/5762 1276/1276/5763 
f 1276/1276/5764 1275/1275/5765 813/813/5766 
f 1276/1276/5767 813/813/5768 811/811/5769 
f 1277/1277/5770 756/756/5771 1278/1278/5772 
f 1278/1278/5773 756/756/5774 1279/1279/5775 
f 1278/1278/5776 1279/1279/5777 1280/1280/5778 
f 1280/1280/5779 1279/1279/5780 1281/1281/5781 
f 1280/1280/5782 1281/1281/5783 1282/1282/5784 
f 1282/1282/5785 1281/1281/5786 821/821/5787 
f 1282/1282/5788 821/821/5789 819/819/5790 
f 1283/1283/5791 756/756/5792 1284/1284/5793 
f 1284/1284/5794 756/756/5795 1285/1285/5796 
f 1284/1284/5797 1285/1285/5798 1286/1286/5799 
f 1286/1286/5800 1285/1285/5801 1287/1287/5802 
f 1286/1286/5803 1287/1287/5804 1288/1288/5805 
f 1288/1288/5806 1287/1287/5807 1289/1289/5808 
f 1288/1288/5809 1289/1289/5810 1290/1290/5811 
f 1290/1290/5812 1289/1289/5813 1291/1291/5814 
f 1290/1290/5815 1291/1291/5816 1292/1292/5817 
f 1292/1292/5818 1291/1291/5819 1293/1293/5820 
f 1292/1292/5821 1293/1293/5822 1294/1294/5823 
f 1294/1294/5824 1293/1293/5825 1295/1295/5826 
f 1294/1294/5827 1295/1295/5828 1296/1296/5829 
f 1296/1296/5830 1295/1295/5831 1297/1297/5832 
f 1296/1296/5833 1297/1297/5834 1298/1298/5835 
f 1298/1298/5836 1297/1297/5837 1299/1299/5838 
f 1298/1298/5839 1299/1299/5840 1300/1300/5841 
f 1300/1300/5842 1299/1299/5843 853/853/5844 
f 1300/1300/5845 853/853/5846 851/851/5847 
f 1301/1301/5848 756/756/5849 1302/1302/5850 
f 1302/1302/5851 756/756/5852 1303/1303/5853 
f 1302/1302/5854 1303/1303/5855 1304/1304/5856 
f 1304/1304/5857 1303/1303/5858 1305/1305/5859 
f 1304/1304/5860 1305/1305/5861 1306/1306/5862 
f 1306/1306/5863 1305/1305/5864 1307/1307/5865 
f 1306/1306/5866 1307/1307/5867 1308/1308/5868 
f 1308/1308/5869 1307/1307/5870 1309/1309/5871 
f 1308/1308/5872 1309/1309/5873 1310/1310/5874 
f 1310/1310/5875 1309/1309/5876 861/861/5877 
f 1310/1310/5878 861/861/5879 859/859/5880 
f 1311/1311/5881 756/756/5882 1312/1312/5883 
f 1312/1312/5884 756/756/5885 869/869/5886 
f 1312/1312/5887 869/869/5888 867/867/5889 
f 874/874/5890 872/872/5891 999/999/5892 
f 1003/1003/5893 1001/1001/5894 1313/1313/5895 
f 1313/1313/5896 1001/1001/5897 757/757/5898 
f 1313/1313/5899 757/757/5900 1314/1314/5901 
f 1314/1314/5902 757/757/5903 1315/1315/5904 
f 1314/1314/5905 1315/1315/5906 1316/1316/5907 
f 1316/1316/5908 1315/1315/5909 1317/1317/5910 
f 1316/1316/5911 1317/1317/5912 1318/1318/5913 
f 1318/1318/5914 1317/1317/5915 1319/1319/5916 
f 1318/1318/5917 1319/1319/5918 1320/1320/5919 
f 1320/1320/5920 1319/1319/5921 1321/1321/5922 
f 1320/1320/5923 1321/1321/5924 1322/1322/5925 
f 1322/1322/5926 1321/1321/5927 1323/1323/5928 
f 1322/1322/5929 1323/1323/5930 1324/1324/5931 
f 1324/1324/5932 1323/1323/5933 904/904/5934 
f 1324/1324/5935 904/904/5936 902/902/5937 
f 1315/1315/5938 757/757/5939 1325/1325/5940 
f 1325/1325/5941 757/757/5942 1326/1326/5943 
f 1325/1325/5944 1326/1326/5945 1327/1327/5946 
f 1327/1327/5947 1326/1326/5948 1328/1328/5949 
f 1327/1327/5950 1328/1328/5951 1329/1329/5952 
f 1329/1329/5953 1328/1328/5954 1330/1330/5955 
f 1329/1329/5956 1330/1330/5957 1331/1331/5958 
f 1331/1331/5959 1330/1330/5960 908/908/5961 
f 1331/1331/5962 908/908/5963 906/906/5964 
f 757/757/5965 914/914/5966 1332/1332/5967 
f 1332/1332/5968 914/914/5969 912/912/5970 
f 1332/1332/5971 912/912/5972 1333/1333/5973 
f 1333/1333/5974 912/912/5975 910/910/5976 
f 1333/1333/5977 910/910/5978 1330/1330/5979 
f 1330/1330/5980 910/910/5981 908/908/5982 
f 917/917/5983 757/757/5984 1334/1334/5985 
f 1334/1334/5986 757/757/5987 1335/1335/5988 
f 1334/1334/5989 1335/1335/5990 1336/1336/5991 
f 1336/1336/5992 1335/1335/5993 1337/1337/5994 
f 1336/1336/5995 1337/1337/5996 1338/1338/5997 
f 1338/1338/5998 1337/1337/5999 1339/1339/6000 
f 1338/1338/6001 1339/1339/6002 1340/1340/6003 
f 1340/1340/6004 1339/1339/6005 1341/1341/6006 
f 1340/1340/6007 1341/1341/6008 1342/1342/6009 
f 1342/1342/6010 1341/1341/6011 1343/1343/6012 
f 1342/1342/6013 1343/1343/6014 1344/1344/6015 
f 1344/1344/6016 1343/1343/6017 1345/1345/6018 
f 1344/1344/6019 1345/1345/6020 1346/1346/6021 
f 1346/1346/6022 1345/1345/6023 1347/1347/6024 
f 1346/1346/6025 1347/1347/6026 1348/1348/6027 
f 1348/1348/6028 1347/1347/6029 1349/1349/6030 
f 1348/1348/6031 1349/1349/6032 1350/1350/6033 
f 1350/1350/6034 1349/1349/6035 1351/1351/6036 
f 1350/1350/6037 1351/1351/6038 1352/1352/6039 
f 1352/1352/6040 1351/1351/6041 940/940/6042 
f 1352/1352/6043 940/940/6044 938/938/6045 
f 1353/1353/6046 757/757/6047 1354/1354/6048 
f 1354/1354/6049 757/757/6050 1355/1355/6051 
f 1354/1354/6052 1355/1355/6053 1356/1356/6054 
f 1356/1356/6055 1355/1355/6056 1357/1357/6057 
f 1356/1356/6058 1357/1357/6059 1358/1358/6060 
f 1358/1358/6061 1357/1357/6062 1359/1359/6063 
f 1358/1358/6064 1359/1359/6065 1360/1360/6066 
f 1360/1360/6067 1359/1359/6068 1361/1361/6069 
f 1360/1360/6070 1361/1361/6071 1362/1362/6072 
f 1362/1362/6073 1361/1361/6074 1363/1363/6075 
f 1362/1362/6076 1363/1363/6077 1364/1364/6078 
f 1364/1364/6079 1363/1363/6080 948/948/6081 
f 1364/1364/6082 948/948/6083 946/946/6084 
f 1365/1365/6085 757/757/6086 1366/1366/6087 
f 1366/1366/6088 757/757/6089 1367/1367/6090 
f 1366/1366/6091 1367/1367/6092 1368/1368/6093 
f 1368/1368/6094 1367/1367/6095 956/956/6096 
f 1368/1368/6097 956/956/6098 954/954/6099 
f 1369/1369/6100 757/757/6101 1370/1370/6102 
f 1370/1370/6103 757/757/6104 1371/1371/6105 
f 1370/1370/6106 1371/1371/6107 1372/1372/6108 
f 1372/1372/6109 1371/1371/6110 1022/1022/6111 
f 1372/1372/6112 1022/1022/6113 1024/1024/6114 
f 1073/1073/6115 760/760/6116 762/762/6117 
f 1043/1043/6118 1045/1045/6119 1373/1373/6120 
f 1373/1373/6121 1045/1045/6122 1046/1046/6123 
f 1373/1373/6124 1046/1046/6125 1048/1048/6126 
f 976/976/6127 1043/1043/6128 1374/1374/6129 
f 1374/1374/6130 1043/1043/6131 1373/1373/6132 
f 1374/1374/6133 1373/1373/6134 1375/1375/6135 
f 1375/1375/6136 1373/1373/6137 1048/1048/6138 
f 1375/1375/6139 1048/1048/6140 1050/1050/6141 
f 1371/1371/6142 757/757/6143 1020/1020/6144 
f 783/783/6145 1091/1091/6146 782/782/6147 
f 782/782/6148 1091/1091/6149 780/780/6150 
f 1091/1091/6151 1089/1089/6152 780/780/6153 
f 780/780/6154 1089/1089/6155 778/778/6156 
f 1089/1089/6157 1087/1087/6158 778/778/6159 
f 778/778/6160 1087/1087/6161 776/776/6162 
f 1087/1087/6163 1085/1085/6164 776/776/6165 
f 776/776/6166 1085/1085/6167 774/774/6168 
f 1085/1085/6169 1083/1083/6170 774/774/6171 
f 774/774/6172 1083/1083/6173 772/772/6174 
f 1083/1083/6175 1081/1081/6176 772/772/6177 
f 772/772/6178 1081/1081/6179 770/770/6180 
f 1081/1081/6181 1079/1079/6182 770/770/6183 
f 770/770/6184 1079/1079/6185 768/768/6186 
f 1079/1079/6187 1077/1077/6188 768/768/6189 
f 768/768/6190 1077/1077/6191 766/766/6192 
f 1073/1073/6193 762/762/6194 764/764/6195 
f 1077/1077/6196 1075/1075/6197 766/766/6198 
f 766/766/6199 1075/1075/6200 764/764/6201 
f 760/760/6202 1092/1092/6203 1376/1376/6204 
f 1376/1376/6205 1092/1092/6206 1093/1093/6207 
f 1376/1376/6208 1093/1093/6209 1377/1377/6210 
f 1377/1377/6211 1093/1093/6212 1094/1094/6213 
f 1377/1377/6214 1094/1094/6215 1378/1378/6216 
f 1378/1378/6217 1094/1094/6218 1095/1095/6219 
f 1378/1378/6220 1095/1095/6221 1379/1379/6222 
f 1379/1379/6223 1095/1095/6224 1096/1096/6225 
f 1379/1379/6226 1096/1096/6227 1380/1380/6228 
f 1380/1380/6229 1096/1096/6230 1097/1097/6231 
f 1380/1380/6232 1097/1097/6233 1381/1381/6234 
f 1381/1381/6235 1097/1097/6236 1098/1098/6237 
f 1381/1381/6238 1098/1098/6239 1382/1382/6240 
f 1382/1382/6241 1098/1098/6242 1099/1099/6243 
f 1382/1382/6244 1099/1099/6245 789/789/6246 
f 789/789/6247 1099/1099/6248 787/787/6249 
f 1075/1075/6250 1073/1073/6251 764/764/6252 
f 760/760/6253 1376/1376/6254 1100/1100/6255 
f 1100/1100/6256 1376/1376/6257 1377/1377/6258 
f 1100/1100/6259 1377/1377/6260 1102/1102/6261 
f 1102/1102/6262 1377/1377/6263 1378/1378/6264 
f 1102/1102/6265 1378/1378/6266 1104/1104/6267 
f 1104/1104/6268 1378/1378/6269 1379/1379/6270 
f 1104/1104/6271 1379/1379/6272 1106/1106/6273 
f 1106/1106/6274 1379/1379/6275 1380/1380/6276 
f 1106/1106/6277 1380/1380/6278 1108/1108/6279 
f 1108/1108/6280 1380/1380/6281 1381/1381/6282 
f 1108/1108/6283 1381/1381/6284 1110/1110/6285 
f 1110/1110/6286 1381/1381/6287 1382/1382/6288 
f 1110/1110/6289 1382/1382/6290 791/791/6291 
f 791/791/6292 1382/1382/6293 789/789/6294 
f 760/760/6295 1111/1111/6296 1383/1383/6297 
f 1383/1383/6298 1111/1111/6299 1112/1112/6300 
f 1383/1383/6301 1112/1112/6302 1384/1384/6303 
f 1384/1384/6304 1112/1112/6305 1113/1113/6306 
f 1384/1384/6307 1113/1113/6308 1385/1385/6309 
f 1385/1385/6310 1113/1113/6311 1114/1114/6312 
f 1385/1385/6313 1114/1114/6314 797/797/6315 
f 797/797/6316 1114/1114/6317 795/795/6318 
f 786/786/6319 1246/1246/6320 1386/1386/6321 
f 1386/1386/6322 1246/1246/6323 1247/1247/6324 
f 1386/1386/6325 1247/1247/6326 1249/1249/6327 
f 760/760/6328 1383/1383/6329 1115/1115/6330 
f 1115/1115/6331 1383/1383/6332 1384/1384/6333 
f 1115/1115/6334 1384/1384/6335 1117/1117/6336 
f 1117/1117/6337 1384/1384/6338 1385/1385/6339 
f 1117/1117/6340 1385/1385/6341 799/799/6342 
f 799/799/6343 1385/1385/6344 797/797/6345 
f 786/786/6346 1386/1386/6347 788/788/6348 
f 788/788/6349 1386/1386/6350 1387/1387/6351 
f 788/788/6352 1387/1387/6353 790/790/6354 
f 790/790/6355 1387/1387/6356 1388/1388/6357 
f 790/790/6358 1388/1388/6359 792/792/6360 
f 792/792/6361 1388/1388/6362 1389/1389/6363 
f 792/792/6364 1389/1389/6365 794/794/6366 
f 794/794/6367 1389/1389/6368 1390/1390/6369 
f 794/794/6370 1390/1390/6371 796/796/6372 
f 796/796/6373 1390/1390/6374 1391/1391/6375 
f 796/796/6376 1391/1391/6377 798/798/6378 
f 798/798/6379 1391/1391/6380 1392/1392/6381 
f 798/798/6382 1392/1392/6383 800/800/6384 
f 800/800/6385 1392/1392/6386 1393/1393/6387 
f 800/800/6388 1393/1393/6389 802/802/6390 
f 802/802/6391 1393/1393/6392 1394/1394/6393 
f 802/802/6394 1394/1394/6395 804/804/6396 
f 804/804/6397 1394/1394/6398 805/805/6399 
f 1387/1387/6400 1386/1386/6401 1249/1249/6402 
f 1388/1388/6403 1387/1387/6404 1251/1251/6405 
f 1251/1251/6406 1387/1387/6407 1249/1249/6408 
f 1248/1248/6409 1264/1264/6410 1250/1250/6411 
f 1250/1250/6412 1264/1264/6413 1266/1266/6414 
f 1250/1250/6415 1266/1266/6416 1252/1252/6417 
f 1252/1252/6418 1266/1266/6419 1268/1268/6420 
f 1252/1252/6421 1268/1268/6422 1254/1254/6423 
f 1254/1254/6424 1268/1268/6425 1270/1270/6426 
f 1254/1254/6427 1270/1270/6428 1256/1256/6429 
f 1256/1256/6430 1270/1270/6431 1272/1272/6432 
f 1256/1256/6433 1272/1272/6434 1258/1258/6435 
f 1258/1258/6436 1272/1272/6437 1274/1274/6438 
f 1258/1258/6439 1274/1274/6440 1260/1260/6441 
f 1260/1260/6442 1274/1274/6443 1276/1276/6444 
f 1260/1260/6445 1276/1276/6446 1262/1262/6447 
f 1262/1262/6448 1276/1276/6449 811/811/6450 
f 1262/1262/6451 811/811/6452 809/809/6453 
f 1389/1389/6454 1388/1388/6455 1253/1253/6456 
f 1253/1253/6457 1388/1388/6458 1251/1251/6459 
f 760/760/6460 1118/1118/6461 1395/1395/6462 
f 1395/1395/6463 1118/1118/6464 1119/1119/6465 
f 1395/1395/6466 1119/1119/6467 1396/1396/6468 
f 1396/1396/6469 1119/1119/6470 1120/1120/6471 
f 1396/1396/6472 1120/1120/6473 1397/1397/6474 
f 1397/1397/6475 1120/1120/6476 1121/1121/6477 
f 1397/1397/6478 1121/1121/6479 1398/1398/6480 
f 1398/1398/6481 1121/1121/6482 1122/1122/6483 
f 1398/1398/6484 1122/1122/6485 1399/1399/6486 
f 1399/1399/6487 1122/1122/6488 1123/1123/6489 
f 1399/1399/6490 1123/1123/6491 1400/1400/6492 
f 1400/1400/6493 1123/1123/6494 1124/1124/6495 
f 1400/1400/6496 1124/1124/6497 1401/1401/6498 
f 1401/1401/6499 1124/1124/6500 1125/1125/6501 
f 1401/1401/6502 1125/1125/6503 1402/1402/6504 
f 1402/1402/6505 1125/1125/6506 1126/1126/6507 
f 1402/1402/6508 1126/1126/6509 1403/1403/6510 
f 1403/1403/6511 1126/1126/6512 1127/1127/6513 
f 1403/1403/6514 1127/1127/6515 829/829/6516 
f 829/829/6517 1127/1127/6518 827/827/6519 
f 1390/1390/6520 1389/1389/6521 1255/1255/6522 
f 1255/1255/6523 1389/1389/6524 1253/1253/6525 
f 760/760/6526 1395/1395/6527 1128/1128/6528 
f 1128/1128/6529 1395/1395/6530 1396/1396/6531 
f 1128/1128/6532 1396/1396/6533 1130/1130/6534 
f 1130/1130/6535 1396/1396/6536 1397/1397/6537 
f 1130/1130/6538 1397/1397/6539 1132/1132/6540 
f 1132/1132/6541 1397/1397/6542 1398/1398/6543 
f 1132/1132/6544 1398/1398/6545 1134/1134/6546 
f 1134/1134/6547 1398/1398/6548 1399/1399/6549 
f 1134/1134/6550 1399/1399/6551 1136/1136/6552 
f 1136/1136/6553 1399/1399/6554 1400/1400/6555 
f 1136/1136/6556 1400/1400/6557 1138/1138/6558 
f 1138/1138/6559 1400/1400/6560 1401/1401/6561 
f 1138/1138/6562 1401/1401/6563 1140/1140/6564 
f 1140/1140/6565 1401/1401/6566 1402/1402/6567 
f 1140/1140/6568 1402/1402/6569 1142/1142/6570 
f 1142/1142/6571 1402/1402/6572 1403/1403/6573 
f 1142/1142/6574 1403/1403/6575 831/831/6576 
f 831/831/6577 1403/1403/6578 829/829/6579 
f 1267/1267/6580 1265/1265/6581 1404/1404/6582 
f 1404/1404/6583 1265/1265/6584 756/756/6585 
f 1404/1404/6586 756/756/6587 1277/1277/6588 
f 1267/1267/6589 1404/1404/6590 1405/1405/6591 
f 1405/1405/6592 1404/1404/6593 1277/1277/6594 
f 1405/1405/6595 1277/1277/6596 1406/1406/6597 
f 1406/1406/6598 1277/1277/6599 1278/1278/6600 
f 1406/1406/6601 1278/1278/6602 1280/1280/6603 
f 1391/1391/6604 1390/1390/6605 1257/1257/6606 
f 1257/1257/6607 1390/1390/6608 1255/1255/6609 
f 760/760/6610 1143/1143/6611 1407/1407/6612 
f 1407/1407/6613 1143/1143/6614 1144/1144/6615 
f 1407/1407/6616 1144/1144/6617 1408/1408/6618 
f 1408/1408/6619 1144/1144/6620 1145/1145/6621 
f 1408/1408/6622 1145/1145/6623 1409/1409/6624 
f 1409/1409/6625 1145/1145/6626 1146/1146/6627 
f 1409/1409/6628 1146/1146/6629 1410/1410/6630 
f 1410/1410/6631 1146/1146/6632 1147/1147/6633 
f 1410/1410/6634 1147/1147/6635 1411/1411/6636 
f 1411/1411/6637 1147/1147/6638 1148/1148/6639 
f 1411/1411/6640 1148/1148/6641 837/837/6642 
f 837/837/6643 1148/1148/6644 835/835/6645 
f 1267/1267/6646 1405/1405/6647 1269/1269/6648 
f 1269/1269/6649 1405/1405/6650 1412/1412/6651 
f 1269/1269/6652 1412/1412/6653 1271/1271/6654 
f 1271/1271/6655 1412/1412/6656 1413/1413/6657 
f 1271/1271/6658 1413/1413/6659 1273/1273/6660 
f 1273/1273/6661 1413/1413/6662 1414/1414/6663 
f 1273/1273/6664 1414/1414/6665 1275/1275/6666 
f 1275/1275/6667 1414/1414/6668 815/815/6669 
f 1275/1275/6670 815/815/6671 813/813/6672 
f 1412/1412/6673 1405/1405/6674 1406/1406/6675 
f 1392/1392/6676 1391/1391/6677 1259/1259/6678 
f 1259/1259/6679 1391/1391/6680 1257/1257/6681 
f 760/760/6682 1407/1407/6683 1149/1149/6684 
f 1149/1149/6685 1407/1407/6686 1408/1408/6687 
f 1149/1149/6688 1408/1408/6689 1151/1151/6690 
f 1151/1151/6691 1408/1408/6692 1409/1409/6693 
f 1151/1151/6694 1409/1409/6695 1153/1153/6696 
f 1153/1153/6697 1409/1409/6698 1410/1410/6699 
f 1153/1153/6700 1410/1410/6701 1155/1155/6702 
f 1155/1155/6703 1410/1410/6704 1411/1411/6705 
f 1155/1155/6706 1411/1411/6707 839/839/6708 
f 839/839/6709 1411/1411/6710 837/837/6711 
f 1412/1412/6712 1406/1406/6713 1415/1415/6714 
f 1415/1415/6715 1406/1406/6716 1280/1280/6717 
f 1415/1415/6718 1280/1280/6719 1282/1282/6720 
f 1393/1393/6721 1392/1392/6722 1261/1261/6723 
f 1261/1261/6724 1392/1392/6725 1259/1259/6726 
f 760/760/6727 1156/1156/6728 1416/1416/6729 
f 1416/1416/6730 1156/1156/6731 1157/1157/6732 
f 1416/1416/6733 1157/1157/6734 845/845/6735 
f 845/845/6736 1157/1157/6737 843/843/6738 
f 1412/1412/6739 1415/1415/6740 1413/1413/6741 
f 1413/1413/6742 1415/1415/6743 1417/1417/6744 
f 1413/1413/6745 1417/1417/6746 1414/1414/6747 
f 1414/1414/6748 1417/1417/6749 817/817/6750 
f 1414/1414/6751 817/817/6752 815/815/6753 
f 1417/1417/6754 1415/1415/6755 1282/1282/6756 
f 1394/1394/6757 1393/1393/6758 1263/1263/6759 
f 1263/1263/6760 1393/1393/6761 1261/1261/6762 
f 845/845/6763 847/847/6764 1416/1416/6765 
f 1416/1416/6766 847/847/6767 760/760/6768 
f 1281/1281/6769 1279/1279/6770 1418/1418/6771 
f 1418/1418/6772 1279/1279/6773 756/756/6774 
f 1418/1418/6775 756/756/6776 825/825/6777 
f 825/825/6778 823/823/6779 1418/1418/6780 
f 1418/1418/6781 823/823/6782 1281/1281/6783 
f 823/823/6784 821/821/6785 1281/1281/6786 
f 817/817/6787 1417/1417/6788 819/819/6789 
f 819/819/6790 1417/1417/6791 1282/1282/6792 
f 805/805/6793 1394/1394/6794 807/807/6795 
f 807/807/6796 1394/1394/6797 1263/1263/6798 
f 1158/1158/6799 760/760/6800 850/850/6801 
f 760/760/6802 1177/1177/6803 1061/1061/6804 
f 1061/1061/6805 1177/1177/6806 1178/1178/6807 
f 1061/1061/6808 1178/1178/6809 1419/1419/6810 
f 1419/1419/6811 1178/1178/6812 1179/1179/6813 
f 1419/1419/6814 1179/1179/6815 1420/1420/6816 
f 1420/1420/6817 1179/1179/6818 1180/1180/6819 
f 1420/1420/6820 1180/1180/6821 1421/1421/6822 
f 1421/1421/6823 1180/1180/6824 1181/1181/6825 
f 1421/1421/6826 1181/1181/6827 1422/1422/6828 
f 1422/1422/6829 1181/1181/6830 1182/1182/6831 
f 1422/1422/6832 1182/1182/6833 1423/1423/6834 
f 1423/1423/6835 1182/1182/6836 1183/1183/6837 
f 1423/1423/6838 1183/1183/6839 1424/1424/6840 
f 1424/1424/6841 1183/1183/6842 1184/1184/6843 
f 1424/1424/6844 1184/1184/6845 877/877/6846 
f 877/877/6847 1184/1184/6848 875/875/6849 
f 893/893/6850 1063/1063/6851 1425/1425/6852 
f 1425/1425/6853 1063/1063/6854 1065/1065/6855 
f 1425/1425/6856 1065/1065/6857 1426/1426/6858 
f 1426/1426/6859 1065/1065/6860 1067/1067/6861 
f 1426/1426/6862 1067/1067/6863 1427/1427/6864 
f 1427/1427/6865 1067/1067/6866 1069/1069/6867 
f 1427/1427/6868 1069/1069/6869 1428/1428/6870 
f 1428/1428/6871 1069/1069/6872 1071/1071/6873 
f 1428/1428/6874 1071/1071/6875 883/883/6876 
f 883/883/6877 1071/1071/6878 881/881/6879 
f 756/756/6880 1283/1283/6881 828/828/6882 
f 828/828/6883 1283/1283/6884 830/830/6885 
f 830/830/6886 1283/1283/6887 1429/1429/6888 
f 1429/1429/6889 1283/1283/6890 1284/1284/6891 
f 1429/1429/6892 1284/1284/6893 1286/1286/6894 
f 893/893/6895 1425/1425/6896 1185/1185/6897 
f 1185/1185/6898 1425/1425/6899 1426/1426/6900 
f 1185/1185/6901 1426/1426/6902 1187/1187/6903 
f 1187/1187/6904 1426/1426/6905 1427/1427/6906 
f 1187/1187/6907 1427/1427/6908 1189/1189/6909 
f 1189/1189/6910 1427/1427/6911 1428/1428/6912 
f 1189/1189/6913 1428/1428/6914 885/885/6915 
f 885/885/6916 1428/1428/6917 883/883/6918 
f 830/830/6919 1429/1429/6920 832/832/6921 
f 832/832/6922 1429/1429/6923 1430/1430/6924 
f 832/832/6925 1430/1430/6926 834/834/6927 
f 834/834/6928 1430/1430/6929 1431/1431/6930 
f 834/834/6931 1431/1431/6932 836/836/6933 
f 836/836/6934 1431/1431/6935 1432/1432/6936 
f 836/836/6937 1432/1432/6938 838/838/6939 
f 838/838/6940 1432/1432/6941 1433/1433/6942 
f 838/838/6943 1433/1433/6944 840/840/6945 
f 840/840/6946 1433/1433/6947 1434/1434/6948 
f 840/840/6949 1434/1434/6950 842/842/6951 
f 842/842/6952 1434/1434/6953 1435/1435/6954 
f 842/842/6955 1435/1435/6956 844/844/6957 
f 844/844/6958 1435/1435/6959 1436/1436/6960 
f 844/844/6961 1436/1436/6962 846/846/6963 
f 846/846/6964 1436/1436/6965 1437/1437/6966 
f 846/846/6967 1437/1437/6968 848/848/6969 
f 848/848/6970 1437/1437/6971 849/849/6972 
f 1430/1430/6973 1429/1429/6974 1286/1286/6975 
f 889/889/6976 891/891/6977 1190/1190/6978 
f 1190/1190/6979 891/891/6980 893/893/6981 
f 1431/1431/6982 1430/1430/6983 1288/1288/6984 
f 1288/1288/6985 1430/1430/6986 1286/1286/6987 
f 1287/1287/6988 1285/1285/6989 1438/1438/6990 
f 1438/1438/6991 1285/1285/6992 756/756/6993 
f 1438/1438/6994 756/756/6995 1301/1301/6996 
f 1287/1287/6997 1438/1438/6998 1439/1439/6999 
f 1439/1439/7000 1438/1438/7001 1301/1301/7002 
f 1439/1439/7003 1301/1301/7004 1440/1440/7005 
f 1440/1440/7006 1301/1301/7007 1302/1302/7008 
f 1440/1440/7009 1302/1302/7010 1304/1304/7011 
f 1432/1432/7012 1431/1431/7013 1290/1290/7014 
f 1290/1290/7015 1431/1431/7016 1288/1288/7017 
f 893/893/7018 895/895/7019 1441/1441/7020 
f 1441/1441/7021 895/895/7022 897/897/7023 
f 1441/1441/7024 897/897/7025 1442/1442/7026 
f 1442/1442/7027 897/897/7028 899/899/7029 
f 1442/1442/7030 899/899/7031 1443/1443/7032 
f 1443/1443/7033 899/899/7034 901/901/7035 
f 1443/1443/7036 901/901/7037 1444/1444/7038 
f 1444/1444/7039 901/901/7040 903/903/7041 
f 1444/1444/7042 903/903/7043 1445/1445/7044 
f 1445/1445/7045 903/903/7046 905/905/7047 
f 1445/1445/7048 905/905/7049 1446/1446/7050 
f 1446/1446/7051 905/905/7052 907/907/7053 
f 1446/1446/7054 907/907/7055 1447/1447/7056 
f 1447/1447/7057 907/907/7058 909/909/7059 
f 1447/1447/7060 909/909/7061 1448/1448/7062 
f 1448/1448/7063 909/909/7064 911/911/7065 
f 1448/1448/7066 911/911/7067 1449/1449/7068 
f 1449/1449/7069 911/911/7070 913/913/7071 
f 1449/1449/7072 913/913/7073 1450/1450/7074 
f 1450/1450/7075 913/913/7076 915/915/7077 
f 1450/1450/7078 915/915/7079 916/916/7080 
f 1287/1287/7081 1439/1439/7082 1289/1289/7083 
f 1289/1289/7084 1439/1439/7085 1451/1451/7086 
f 1289/1289/7087 1451/1451/7088 1291/1291/7089 
f 1291/1291/7090 1451/1451/7091 1452/1452/7092 
f 1291/1291/7093 1452/1452/7094 1293/1293/7095 
f 1293/1293/7096 1452/1452/7097 1453/1453/7098 
f 1293/1293/7099 1453/1453/7100 1295/1295/7101 
f 1295/1295/7102 1453/1453/7103 1454/1454/7104 
f 1295/1295/7105 1454/1454/7106 1297/1297/7107 
f 1297/1297/7108 1454/1454/7109 1455/1455/7110 
f 1297/1297/7111 1455/1455/7112 1299/1299/7113 
f 1299/1299/7114 1455/1455/7115 855/855/7116 
f 1299/1299/7117 855/855/7118 853/853/7119 
f 1451/1451/7120 1439/1439/7121 1440/1440/7122 
f 1433/1433/7123 1432/1432/7124 1292/1292/7125 
f 1292/1292/7126 1432/1432/7127 1290/1290/7128 
f 893/893/7129 1441/1441/7130 1191/1191/7131 
f 1191/1191/7132 1441/1441/7133 1442/1442/7134 
f 1191/1191/7135 1442/1442/7136 1193/1193/7137 
f 1193/1193/7138 1442/1442/7139 1443/1443/7140 
f 1193/1193/7141 1443/1443/7142 1195/1195/7143 
f 1195/1195/7144 1443/1443/7145 1444/1444/7146 
f 1195/1195/7147 1444/1444/7148 1197/1197/7149 
f 1197/1197/7150 1444/1444/7151 1445/1445/7152 
f 1197/1197/7153 1445/1445/7154 1199/1199/7155 
f 1199/1199/7156 1445/1445/7157 1446/1446/7158 
f 1199/1199/7159 1446/1446/7160 1201/1201/7161 
f 1201/1201/7162 1446/1446/7163 1447/1447/7164 
f 1201/1201/7165 1447/1447/7166 1203/1203/7167 
f 1203/1203/7168 1447/1447/7169 1448/1448/7170 
f 1203/1203/7171 1448/1448/7172 1205/1205/7173 
f 1205/1205/7174 1448/1448/7175 1449/1449/7176 
f 1205/1205/7177 1449/1449/7178 1207/1207/7179 
f 1207/1207/7180 1449/1449/7181 1450/1450/7182 
f 1207/1207/7183 1450/1450/7184 918/918/7185 
f 918/918/7186 1450/1450/7187 916/916/7188 
f 1451/1451/7189 1440/1440/7190 1456/1456/7191 
f 1456/1456/7192 1440/1440/7193 1304/1304/7194 
f 1456/1456/7195 1304/1304/7196 1306/1306/7197 
f 1434/1434/7198 1433/1433/7199 1294/1294/7200 
f 1294/1294/7201 1433/1433/7202 1292/1292/7203 
f 893/893/7204 1208/1208/7205 1457/1457/7206 
f 1457/1457/7207 1208/1208/7208 1209/1209/7209 
f 1457/1457/7210 1209/1209/7211 1458/1458/7212 
f 1458/1458/7213 1209/1209/7214 1210/1210/7215 
f 1458/1458/7216 1210/1210/7217 1459/1459/7218 
f 1459/1459/7219 1210/1210/7220 1211/1211/7221 
f 1459/1459/7222 1211/1211/7223 1460/1460/7224 
f 1460/1460/7225 1211/1211/7226 1212/1212/7227 
f 1460/1460/7228 1212/1212/7229 1461/1461/7230 
f 1461/1461/7231 1212/1212/7232 1213/1213/7233 
f 1461/1461/7234 1213/1213/7235 1462/1462/7236 
f 1462/1462/7237 1213/1213/7238 1214/1214/7239 
f 1462/1462/7240 1214/1214/7241 924/924/7242 
f 924/924/7243 1214/1214/7244 922/922/7245 
f 1451/1451/7246 1456/1456/7247 1452/1452/7248 
f 1452/1452/7249 1456/1456/7250 1463/1463/7251 
f 1452/1452/7252 1463/1463/7253 1453/1453/7254 
f 1453/1453/7255 1463/1463/7256 1464/1464/7257 
f 1453/1453/7258 1464/1464/7259 1454/1454/7260 
f 1454/1454/7261 1464/1464/7262 1465/1465/7263 
f 1454/1454/7264 1465/1465/7265 1455/1455/7266 
f 1455/1455/7267 1465/1465/7268 857/857/7269 
f 1455/1455/7270 857/857/7271 855/855/7272 
f 1463/1463/7273 1456/1456/7274 1306/1306/7275 
f 1435/1435/7276 1434/1434/7277 1296/1296/7278 
f 1296/1296/7279 1434/1434/7280 1294/1294/7281 
f 893/893/7282 1457/1457/7283 1215/1215/7284 
f 1215/1215/7285 1457/1457/7286 1458/1458/7287 
f 1215/1215/7288 1458/1458/7289 1217/1217/7290 
f 1217/1217/7291 1458/1458/7292 1459/1459/7293 
f 1217/1217/7294 1459/1459/7295 1219/1219/7296 
f 1219/1219/7297 1459/1459/7298 1460/1460/7299 
f 1219/1219/7300 1460/1460/7301 1221/1221/7302 
f 1221/1221/7303 1460/1460/7304 1461/1461/7305 
f 1221/1221/7306 1461/1461/7307 1223/1223/7308 
f 1223/1223/7309 1461/1461/7310 1462/1462/7311 
f 1223/1223/7312 1462/1462/7313 926/926/7314 
f 926/926/7315 1462/1462/7316 924/924/7317 
f 1305/1305/7318 1303/1303/7319 1466/1466/7320 
f 1466/1466/7321 1303/1303/7322 756/756/7323 
f 1466/1466/7324 756/756/7325 1311/1311/7326 
f 1305/1305/7327 1466/1466/7328 1467/1467/7329 
f 1467/1467/7330 1466/1466/7331 1311/1311/7332 
f 1467/1467/7333 1311/1311/7334 1468/1468/7335 
f 1468/1468/7336 1311/1311/7337 1312/1312/7338 
f 1468/1468/7339 1312/1312/7340 867/867/7341 
f 1464/1464/7342 1463/1463/7343 1308/1308/7344 
f 1308/1308/7345 1463/1463/7346 1306/1306/7347 
f 1436/1436/7348 1435/1435/7349 1298/1298/7350 
f 1298/1298/7351 1435/1435/7352 1296/1296/7353 
f 1305/1305/7354 1467/1467/7355 1307/1307/7356 
f 1307/1307/7357 1467/1467/7358 1469/1469/7359 
f 1307/1307/7360 1469/1469/7361 1309/1309/7362 
f 1309/1309/7363 1469/1469/7364 863/863/7365 
f 1309/1309/7366 863/863/7367 861/861/7368 
f 1469/1469/7369 1467/1467/7370 1468/1468/7371 
f 1465/1465/7372 1464/1464/7373 1310/1310/7374 
f 1310/1310/7375 1464/1464/7376 1308/1308/7377 
f 1437/1437/7378 1436/1436/7379 1300/1300/7380 
f 1300/1300/7381 1436/1436/7382 1298/1298/7383 
f 867/867/7384 865/865/7385 1468/1468/7386 
f 1468/1468/7387 865/865/7388 1469/1469/7389 
f 865/865/7390 863/863/7391 1469/1469/7392 
f 857/857/7393 1465/1465/7394 859/859/7395 
f 859/859/7396 1465/1465/7397 1310/1310/7398 
f 849/849/7399 1437/1437/7400 851/851/7401 
f 851/851/7402 1437/1437/7403 1300/1300/7404 
f 1352/1352/7405 938/938/7406 937/937/7407 
f 871/871/7408 1176/1176/7409 870/870/7410 
f 870/870/7411 1176/1176/7412 868/868/7413 
f 1176/1176/7414 1174/1174/7415 868/868/7416 
f 868/868/7417 1174/1174/7418 866/866/7419 
f 1174/1174/7420 1172/1172/7421 866/866/7422 
f 866/866/7423 1172/1172/7424 864/864/7425 
f 1172/1172/7426 1170/1170/7427 864/864/7428 
f 864/864/7429 1170/1170/7430 862/862/7431 
f 1170/1170/7432 1168/1168/7433 862/862/7434 
f 862/862/7435 1168/1168/7436 860/860/7437 
f 1168/1168/7438 1166/1166/7439 860/860/7440 
f 860/860/7441 1166/1166/7442 858/858/7443 
f 1166/1166/7444 1164/1164/7445 858/858/7446 
f 858/858/7447 1164/1164/7448 856/856/7449 
f 1164/1164/7450 1162/1162/7451 856/856/7452 
f 856/856/7453 1162/1162/7454 854/854/7455 
f 1158/1158/7456 850/850/7457 852/852/7458 
f 1162/1162/7459 1160/1160/7460 854/854/7461 
f 854/854/7462 1160/1160/7463 852/852/7464 
f 893/893/7465 1235/1235/7466 1470/1470/7467 
f 1470/1470/7468 1235/1235/7469 1236/1236/7470 
f 1470/1470/7471 1236/1236/7472 1471/1471/7473 
f 1471/1471/7474 1236/1236/7475 1237/1237/7476 
f 1471/1471/7477 1237/1237/7478 1472/1472/7479 
f 1472/1472/7480 1237/1237/7481 1238/1238/7482 
f 1472/1472/7483 1238/1238/7484 1473/1473/7485 
f 1473/1473/7486 1238/1238/7487 1239/1239/7488 
f 1473/1473/7489 1239/1239/7490 1055/1055/7491 
f 1055/1055/7492 1239/1239/7493 1057/1057/7494 
f 1160/1160/7495 1158/1158/7496 852/852/7497 
f 893/893/7498 1470/1470/7499 1240/1240/7500 
f 1240/1240/7501 1470/1470/7502 1471/1471/7503 
f 1240/1240/7504 1471/1471/7505 1242/1242/7506 
f 1242/1242/7507 1471/1471/7508 1472/1472/7509 
f 1242/1242/7510 1472/1472/7511 1244/1244/7512 
f 1244/1244/7513 1472/1472/7514 1473/1473/7515 
f 1244/1244/7516 1473/1473/7517 1053/1053/7518 
f 1053/1053/7519 1473/1473/7520 1055/1055/7521 
f 1049/1049/7522 1047/1047/7523 1245/1245/7524 
f 1245/1245/7525 1047/1047/7526 893/893/7527 
f 874/874/7528 999/999/7529 1474/1474/7530 
f 1474/1474/7531 999/999/7532 1000/1000/7533 
f 1474/1474/7534 1000/1000/7535 1002/1002/7536 
f 874/874/7537 1474/1474/7538 876/876/7539 
f 876/876/7540 1474/1474/7541 1475/1475/7542 
f 876/876/7543 1475/1475/7544 878/878/7545 
f 878/878/7546 1475/1475/7547 1476/1476/7548 
f 878/878/7549 1476/1476/7550 880/880/7551 
f 880/880/7552 1476/1476/7553 1477/1477/7554 
f 880/880/7555 1477/1477/7556 882/882/7557 
f 882/882/7558 1477/1477/7559 1478/1478/7560 
f 882/882/7561 1478/1478/7562 884/884/7563 
f 884/884/7564 1478/1478/7565 1479/1479/7566 
f 884/884/7567 1479/1479/7568 886/886/7569 
f 886/886/7570 1479/1479/7571 1480/1480/7572 
f 886/886/7573 1480/1480/7574 888/888/7575 
f 888/888/7576 1480/1480/7577 1481/1481/7578 
f 888/888/7579 1481/1481/7580 890/890/7581 
f 890/890/7582 1481/1481/7583 1482/1482/7584 
f 890/890/7585 1482/1482/7586 892/892/7587 
f 892/892/7588 1482/1482/7589 894/894/7590 
f 1475/1475/7591 1474/1474/7592 1002/1002/7593 
f 877/877/7594 879/879/7595 1424/1424/7596 
f 1424/1424/7597 879/879/7598 1072/1072/7599 
f 1424/1424/7600 1072/1072/7601 1423/1423/7602 
f 1423/1423/7603 1072/1072/7604 1070/1070/7605 
f 1423/1423/7606 1070/1070/7607 1422/1422/7608 
f 1422/1422/7609 1070/1070/7610 1068/1068/7611 
f 1422/1422/7612 1068/1068/7613 1421/1421/7614 
f 1421/1421/7615 1068/1068/7616 1066/1066/7617 
f 1421/1421/7618 1066/1066/7619 1420/1420/7620 
f 1420/1420/7621 1066/1066/7622 1064/1064/7623 
f 1420/1420/7624 1064/1064/7625 1419/1419/7626 
f 1419/1419/7627 1064/1064/7628 1062/1062/7629 
f 1419/1419/7630 1062/1062/7631 1061/1061/7632 
f 1476/1476/7633 1475/1475/7634 1004/1004/7635 
f 1004/1004/7636 1475/1475/7637 1002/1002/7638 
f 1003/1003/7639 1313/1313/7640 1483/1483/7641 
f 1483/1483/7642 1313/1313/7643 1314/1314/7644 
f 1483/1483/7645 1314/1314/7646 1316/1316/7647 
f 1477/1477/7648 1476/1476/7649 1006/1006/7650 
f 1006/1006/7651 1476/1476/7652 1004/1004/7653 
f 1003/1003/7654 1483/1483/7655 1005/1005/7656 
f 1005/1005/7657 1483/1483/7658 1484/1484/7659 
f 1005/1005/7660 1484/1484/7661 1007/1007/7662 
f 1007/1007/7663 1484/1484/7664 1485/1485/7665 
f 1007/1007/7666 1485/1485/7667 1009/1009/7668 
f 1009/1009/7669 1485/1485/7670 1486/1486/7671 
f 1009/1009/7672 1486/1486/7673 1011/1011/7674 
f 1011/1011/7675 1486/1486/7676 1487/1487/7677 
f 1011/1011/7678 1487/1487/7679 1013/1013/7680 
f 1013/1013/7681 1487/1487/7682 1488/1488/7683 
f 1013/1013/7684 1488/1488/7685 1015/1015/7686 
f 1015/1015/7687 1488/1488/7688 900/900/7689 
f 1015/1015/7690 900/900/7691 898/898/7692 
f 1484/1484/7693 1483/1483/7694 1316/1316/7695 
f 1478/1478/7696 1477/1477/7697 1008/1008/7698 
f 1008/1008/7699 1477/1477/7700 1006/1006/7701 
f 1485/1485/7702 1484/1484/7703 1318/1318/7704 
f 1318/1318/7705 1484/1484/7706 1316/1316/7707 
f 1479/1479/7708 1478/1478/7709 1010/1010/7710 
f 1010/1010/7711 1478/1478/7712 1008/1008/7713 
f 1315/1315/7714 1325/1325/7715 1317/1317/7716 
f 1317/1317/7717 1325/1325/7718 1327/1327/7719 
f 1317/1317/7720 1327/1327/7721 1319/1319/7722 
f 1319/1319/7723 1327/1327/7724 1329/1329/7725 
f 1319/1319/7726 1329/1329/7727 1321/1321/7728 
f 1321/1321/7729 1329/1329/7730 1331/1331/7731 
f 1321/1321/7732 1331/1331/7733 1323/1323/7734 
f 1323/1323/7735 1331/1331/7736 906/906/7737 
f 1323/1323/7738 906/906/7739 904/904/7740 
f 1486/1486/7741 1485/1485/7742 1320/1320/7743 
f 1320/1320/7744 1485/1485/7745 1318/1318/7746 
f 1480/1480/7747 1479/1479/7748 1012/1012/7749 
f 1012/1012/7750 1479/1479/7751 1010/1010/7752 
f 1487/1487/7753 1486/1486/7754 1322/1322/7755 
f 1322/1322/7756 1486/1486/7757 1320/1320/7758 
f 1481/1481/7759 1480/1480/7760 1014/1014/7761 
f 1014/1014/7762 1480/1480/7763 1012/1012/7764 
f 1328/1328/7765 1326/1326/7766 1489/1489/7767 
f 1489/1489/7768 1326/1326/7769 757/757/7770 
f 1489/1489/7771 757/757/7772 1332/1332/7773 
f 1332/1332/7774 1333/1333/7775 1489/1489/7776 
f 1489/1489/7777 1333/1333/7778 1328/1328/7779 
f 1333/1333/7780 1330/1330/7781 1328/1328/7782 
f 1488/1488/7783 1487/1487/7784 1324/1324/7785 
f 1324/1324/7786 1487/1487/7787 1322/1322/7788 
f 1482/1482/7789 1481/1481/7790 1016/1016/7791 
f 1016/1016/7792 1481/1481/7793 1014/1014/7794 
f 900/900/7795 1488/1488/7796 902/902/7797 
f 902/902/7798 1488/1488/7799 1324/1324/7800 
f 894/894/7801 1482/1482/7802 896/896/7803 
f 896/896/7804 1482/1482/7805 1016/1016/7806 
f 917/917/7807 1334/1334/7808 919/919/7809 
f 919/919/7810 1334/1334/7811 1336/1336/7812 
f 919/919/7813 1336/1336/7814 921/921/7815 
f 921/921/7816 1336/1336/7817 1338/1338/7818 
f 921/921/7819 1338/1338/7820 923/923/7821 
f 923/923/7822 1338/1338/7823 1340/1340/7824 
f 923/923/7825 1340/1340/7826 925/925/7827 
f 925/925/7828 1340/1340/7829 1342/1342/7830 
f 925/925/7831 1342/1342/7832 927/927/7833 
f 927/927/7834 1342/1342/7835 1344/1344/7836 
f 927/927/7837 1344/1344/7838 929/929/7839 
f 929/929/7840 1344/1344/7841 1346/1346/7842 
f 929/929/7843 1346/1346/7844 931/931/7845 
f 931/931/7846 1346/1346/7847 1348/1348/7848 
f 931/931/7849 1348/1348/7850 933/933/7851 
f 933/933/7852 1348/1348/7853 1350/1350/7854 
f 933/933/7855 1350/1350/7856 935/935/7857 
f 935/935/7858 1350/1350/7859 1352/1352/7860 
f 935/935/7861 1352/1352/7862 937/937/7863 
f 1337/1337/7864 1335/1335/7865 1490/1490/7866 
f 1490/1490/7867 1335/1335/7868 757/757/7869 
f 1490/1490/7870 757/757/7871 1353/1353/7872 
f 1337/1337/7873 1490/1490/7874 1491/1491/7875 
f 1491/1491/7876 1490/1490/7877 1353/1353/7878 
f 1491/1491/7879 1353/1353/7880 1492/1492/7881 
f 1492/1492/7882 1353/1353/7883 1354/1354/7884 
f 1492/1492/7885 1354/1354/7886 1356/1356/7887 
f 1337/1337/7888 1491/1491/7889 1339/1339/7890 
f 1339/1339/7891 1491/1491/7892 1493/1493/7893 
f 1339/1339/7894 1493/1493/7895 1341/1341/7896 
f 1341/1341/7897 1493/1493/7898 1494/1494/7899 
f 1341/1341/7900 1494/1494/7901 1343/1343/7902 
f 1343/1343/7903 1494/1494/7904 1495/1495/7905 
f 1343/1343/7906 1495/1495/7907 1345/1345/7908 
f 1345/1345/7909 1495/1495/7910 1496/1496/7911 
f 1345/1345/7912 1496/1496/7913 1347/1347/7914 
f 1347/1347/7915 1496/1496/7916 1497/1497/7917 
f 1347/1347/7918 1497/1497/7919 1349/1349/7920 
f 1349/1349/7921 1497/1497/7922 1498/1498/7923 
f 1349/1349/7924 1498/1498/7925 1351/1351/7926 
f 1351/1351/7927 1498/1498/7928 942/942/7929 
f 1351/1351/7930 942/942/7931 940/940/7932 
f 1493/1493/7933 1491/1491/7934 1492/1492/7935 
f 1493/1493/7936 1492/1492/7937 1499/1499/7938 
f 1499/1499/7939 1492/1492/7940 1356/1356/7941 
f 1499/1499/7942 1356/1356/7943 1358/1358/7944 
f 1493/1493/7945 1499/1499/7946 1494/1494/7947 
f 1494/1494/7948 1499/1499/7949 1500/1500/7950 
f 1494/1494/7951 1500/1500/7952 1495/1495/7953 
f 1495/1495/7954 1500/1500/7955 1501/1501/7956 
f 1495/1495/7957 1501/1501/7958 1496/1496/7959 
f 1496/1496/7960 1501/1501/7961 1502/1502/7962 
f 1496/1496/7963 1502/1502/7964 1497/1497/7965 
f 1497/1497/7966 1502/1502/7967 1503/1503/7968 
f 1497/1497/7969 1503/1503/7970 1498/1498/7971 
f 1498/1498/7972 1503/1503/7973 944/944/7974 
f 1498/1498/7975 944/944/7976 942/942/7977 
f 1500/1500/7978 1499/1499/7979 1358/1358/7980 
f 930/930/7981 932/932/7982 1226/1226/7983 
f 1226/1226/7984 932/932/7985 1504/1504/7986 
f 1226/1226/7987 1504/1504/7988 1225/1225/7989 
f 1225/1225/7990 1504/1504/7991 1228/1228/7992 
f 1357/1357/7993 1355/1355/7994 1505/1505/7995 
f 1505/1505/7996 1355/1355/7997 757/757/7998 
f 1505/1505/7999 757/757/8000 1365/1365/8001 
f 1357/1357/8002 1505/1505/8003 1506/1506/8004 
f 1506/1506/8005 1505/1505/8006 1365/1365/8007 
f 1506/1506/8008 1365/1365/8009 1507/1507/8010 
f 1507/1507/8011 1365/1365/8012 1366/1366/8013 
f 1507/1507/8014 1366/1366/8015 1368/1368/8016 
f 1501/1501/8017 1500/1500/8018 1360/1360/8019 
f 1360/1360/8020 1500/1500/8021 1358/1358/8022 
f 1227/1227/8023 1228/1228/8024 1504/1504/8025 
f 1227/1227/8026 1504/1504/8027 934/934/8028 
f 934/934/8029 1504/1504/8030 932/932/8031 
f 1357/1357/8032 1506/1506/8033 1359/1359/8034 
f 1359/1359/8035 1506/1506/8036 1508/1508/8037 
f 1359/1359/8038 1508/1508/8039 1361/1361/8040 
f 1361/1361/8041 1508/1508/8042 1509/1509/8043 
f 1361/1361/8044 1509/1509/8045 1363/1363/8046 
f 1363/1363/8047 1509/1509/8048 950/950/8049 
f 1363/1363/8050 950/950/8051 948/948/8052 
f 1508/1508/8053 1506/1506/8054 1507/1507/8055 
f 1502/1502/8056 1501/1501/8057 1362/1362/8058 
f 1362/1362/8059 1501/1501/8060 1360/1360/8061 
f 1508/1508/8062 1507/1507/8063 1510/1510/8064 
f 1510/1510/8065 1507/1507/8066 1368/1368/8067 
f 1510/1510/8068 1368/1368/8069 954/954/8070 
f 1503/1503/8071 1502/1502/8072 1364/1364/8073 
f 1364/1364/8074 1502/1502/8075 1362/1362/8076 
f 958/958/8077 956/956/8078 1367/1367/8079 
f 1508/1508/8080 1510/1510/8081 1509/1509/8082 
f 1509/1509/8083 1510/1510/8084 952/952/8085 
f 1509/1509/8086 952/952/8087 950/950/8088 
f 952/952/8089 1510/1510/8090 954/954/8091 
f 944/944/8092 1503/1503/8093 946/946/8094 
f 946/946/8095 1503/1503/8096 1364/1364/8097 
f 958/958/8098 1367/1367/8099 757/757/8100 
f 957/957/8101 959/959/8102 1511/1511/8103 
f 1511/1511/8104 959/959/8105 960/960/8106 
f 1511/1511/8107 960/960/8108 962/962/8109 
f 955/955/8110 957/957/8111 1512/1512/8112 
f 1512/1512/8113 957/957/8114 1511/1511/8115 
f 1512/1512/8116 1511/1511/8117 1513/1513/8118 
f 1513/1513/8119 1511/1511/8120 962/962/8121 
f 1513/1513/8122 962/962/8123 964/964/8124 
f 955/955/8125 1512/1512/8126 1060/1060/8127 
f 1060/1060/8128 1512/1512/8129 1514/1514/8130 
f 1060/1060/8131 1514/1514/8132 1058/1058/8133 
f 1058/1058/8134 1514/1514/8135 1515/1515/8136 
f 1058/1058/8137 1515/1515/8138 1056/1056/8139 
f 1056/1056/8140 1515/1515/8141 1516/1516/8142 
f 1056/1056/8143 1516/1516/8144 1054/1054/8145 
f 1054/1054/8146 1516/1516/8147 1517/1517/8148 
f 1054/1054/8149 1517/1517/8150 1052/1052/8151 
f 1052/1052/8152 1517/1517/8153 1518/1518/8154 
f 1052/1052/8155 1518/1518/8156 1050/1050/8157 
f 1050/1050/8158 1518/1518/8159 1375/1375/8160 
f 1514/1514/8161 1512/1512/8162 1513/1513/8163 
f 1514/1514/8164 1513/1513/8165 1519/1519/8166 
f 1519/1519/8167 1513/1513/8168 964/964/8169 
f 1519/1519/8170 964/964/8171 966/966/8172 
f 963/963/8173 961/961/8174 1520/1520/8175 
f 1520/1520/8176 961/961/8177 757/757/8178 
f 1520/1520/8179 757/757/8180 1369/1369/8181 
f 963/963/8182 1520/1520/8183 1521/1521/8184 
f 1521/1521/8185 1520/1520/8186 1369/1369/8187 
f 1521/1521/8188 1369/1369/8189 1522/1522/8190 
f 1522/1522/8191 1369/1369/8192 1370/1370/8193 
f 1522/1522/8194 1370/1370/8195 1372/1372/8196 
f 1514/1514/8197 1519/1519/8198 1515/1515/8199 
f 1515/1515/8200 1519/1519/8201 1523/1523/8202 
f 1515/1515/8203 1523/1523/8204 1516/1516/8205 
f 1516/1516/8206 1523/1523/8207 1524/1524/8208 
f 1516/1516/8209 1524/1524/8210 1517/1517/8211 
f 1517/1517/8212 1524/1524/8213 1525/1525/8214 
f 1517/1517/8215 1525/1525/8216 1518/1518/8217 
f 1518/1518/8218 1525/1525/8219 1526/1526/8220 
f 1518/1518/8221 1526/1526/8222 1375/1375/8223 
f 1375/1375/8224 1526/1526/8225 1374/1374/8226 
f 1523/1523/8227 1519/1519/8228 966/966/8229 
f 963/963/8230 1521/1521/8231 965/965/8232 
f 965/965/8233 1521/1521/8234 1527/1527/8235 
f 965/965/8236 1527/1527/8237 967/967/8238 
f 967/967/8239 1527/1527/8240 1528/1528/8241 
f 967/967/8242 1528/1528/8243 969/969/8244 
f 969/969/8245 1528/1528/8246 1028/1028/8247 
f 969/969/8248 1028/1028/8249 971/971/8250 
f 1527/1527/8251 1521/1521/8252 1522/1522/8253 
f 1524/1524/8254 1523/1523/8255 968/968/8256 
f 968/968/8257 1523/1523/8258 966/966/8259 
f 1527/1527/8260 1522/1522/8261 1529/1529/8262 
f 1529/1529/8263 1522/1522/8264 1372/1372/8265 
f 1529/1529/8266 1372/1372/8267 1024/1024/8268 
f 1525/1525/8269 1524/1524/8270 970/970/8271 
f 970/970/8272 1524/1524/8273 968/968/8274 
f 1020/1020/8275 1022/1022/8276 1371/1371/8277 
f 1527/1527/8278 1529/1529/8279 1528/1528/8280 
f 1528/1528/8281 1529/1529/8282 1026/1026/8283 
f 1528/1528/8284 1026/1026/8285 1028/1028/8286 
f 1026/1026/8287 1529/1529/8288 1024/1024/8289 
f 1526/1526/8290 1525/1525/8291 972/972/8292 
f 972/972/8293 1525/1525/8294 970/970/8295 
f 1374/1374/8296 1526/1526/8297 974/974/8298 
f 974/974/8299 1526/1526/8300 972/972/8301 
f 976/976/8302 1374/1374/8303 974/974/8304 
f 1530/1530/8305 1531/1531/8306 1532/1532/8307 
f 1532/1532/8308 1531/1531/8309 1533/1533/8310 
f 1533/1533/8311 1531/1531/8312 760/760/8313 
f 1533/1533/8314 760/760/8315 893/893/8316 
f 2/2/8317 1534/1534/8318 4/4/8319 
f 4/4/8320 1534/1534/8321 1535/1535/8322 
f 1535/1535/8323 1534/1534/8324 1536/1536/8325 
f 1535/1535/8326 1536/1536/8327 1537/1537/8328 
f 1537/1537/8329 1536/1536/8330 1538/1538/8331 
f 1537/1537/8332 1538/1538/8333 1539/1539/8334 
f 1539/1539/8335 1538/1538/8336 1540/1540/8337 
f 1539/1539/8338 1540/1540/8339 1541/1541/8340 
f 1541/1541/8341 1540/1540/8342 1542/1542/8343 
f 1541/1541/8344 1542/1542/8345 1543/1543/8346 
f 1543/1543/8347 1542/1542/8348 1544/1544/8349 
f 1543/1543/8350 1544/1544/8351 1545/1545/8352 
f 1545/1545/8353 1544/1544/8354 1546/1546/8355 
f 1545/1545/8356 1546/1546/8357 1547/1547/8358 
f 1547/1547/8359 1546/1546/8360 1530/1530/8361 
f 1547/1547/8362 1530/1530/8363 1532/1532/8364 
f 3/3/8365 4/4/8366 12/12/8367 
f 12/12/8368 4/4/8369 1535/1535/8370 
f 12/12/8371 1535/1535/8372 1537/1537/8373 
f 1537/1537/8374 1539/1539/8375 12/12/8376 
f 12/12/8377 1539/1539/8378 1541/1541/8379 
f 12/12/8380 1541/1541/8381 24/24/8382 
f 24/24/8383 1541/1541/8384 1543/1543/8385 
f 24/24/8386 1543/1543/8387 26/26/8388 
f 26/26/8389 1543/1543/8390 1545/1545/8391 
f 26/26/8392 1545/1545/8393 40/40/8394 
f 40/40/8395 1545/1545/8396 1547/1547/8397 
f 40/40/8398 1547/1547/8399 38/38/8400 
f 38/38/8401 1547/1547/8402 1533/1533/8403 
f 38/38/8404 1533/1533/8405 36/36/8406 
f 36/36/8407 1533/1533/8408 893/893/8409 
f 36/36/8410 893/893/8411 34/34/8412 
f 34/34/8413 893/893/8414 1044/1044/8415 
f 34/34/8416 1044/1044/8417 64/64/8418 
f 64/64/8419 1044/1044/8420 978/978/8421 
f 64/64/8422 978/978/8423 977/977/8424 
f 1547/1547/8425 1532/1532/8426 1533/1533/8427 
f 977/977/8428 1042/1042/8429 64/64/8430 
f 64/64/8431 1042/1042/8432 1040/1040/8433 
f 64/64/8434 1040/1040/8435 62/62/8436 
f 62/62/8437 1040/1040/8438 1038/1038/8439 
f 62/62/8440 1038/1038/8441 1036/1036/8442 
f 1036/1036/8443 1034/1034/8444 62/62/8445 
f 62/62/8446 1034/1034/8447 1032/1032/8448 
f 62/62/8449 1032/1032/8450 1030/1030/8451 
f 62/62/8452 1030/1030/8453 60/60/8454 
f 60/60/8455 1030/1030/8456 1017/1017/8457 
f 60/60/8458 1017/1017/8459 757/757/8460 
f 755/755/8461 80/80/8462 757/757/8463 
f 757/757/8464 80/80/8465 73/73/8466 
f 757/757/8467 73/73/8468 60/60/8469 
f 60/60/8470 73/73/8471 74/74/8472 
f 60/60/8473 74/74/8474 58/58/8475 
f 58/58/8476 74/74/8477 76/76/8478 
f 58/58/8479 76/76/8480 56/56/8481 
f 56/56/8482 76/76/8483 78/78/8484 
f 56/56/8485 78/78/8486 55/55/8487 
f 55/55/8488 78/78/8489 70/70/8490 
f 753/753/8491 92/92/8492 755/755/8493 
f 755/755/8494 92/92/8495 84/84/8496 
f 755/755/8497 84/84/8498 82/82/8499 
f 751/751/8500 88/88/8501 753/753/8502 
f 753/753/8503 88/88/8504 90/90/8505 
f 753/753/8506 90/90/8507 92/92/8508 
f 749/749/8509 414/414/8510 751/751/8511 
f 751/751/8512 414/414/8513 87/87/8514 
f 751/751/8515 87/87/8516 88/88/8517 
f 749/749/8518 747/747/8519 414/414/8520 
f 414/414/8521 747/747/8522 413/413/8523 
f 413/413/8524 747/747/8525 745/745/8526 
f 413/413/8527 745/745/8528 742/742/8529 
f 742/742/8530 743/743/8531 413/413/8532 
f 413/413/8533 743/743/8534 418/418/8535 
f 418/418/8536 743/743/8537 739/739/8538 
f 418/418/8539 739/739/8540 420/420/8541 
f 420/420/8542 739/739/8543 496/496/8544 
f 420/420/8545 496/496/8546 552/552/8547 
f 552/552/8548 496/496/8549 559/559/8550 
f 559/559/8551 496/496/8552 561/561/8553 
f 561/561/8554 496/496/8555 563/563/8556 
f 563/563/8557 496/496/8558 569/569/8559 
f 563/563/8560 569/569/8561 565/565/8562 
f 565/565/8563 569/569/8564 567/567/8565 
f 565/565/8566 567/567/8567 526/526/8568 
f 526/526/8569 567/567/8570 527/527/8571 
f 416/416/8572 196/196/8573 414/414/8574 
f 414/414/8575 196/196/8576 194/194/8577 
f 414/414/8578 194/194/8579 192/192/8580 
f 405/405/8581 212/212/8582 416/416/8583 
f 416/416/8584 212/212/8585 210/210/8586 
f 416/416/8587 210/210/8588 146/146/8589 
f 406/406/8590 328/328/8591 405/405/8592 
f 405/405/8593 328/328/8594 330/330/8595 
f 405/405/8596 330/330/8597 320/320/8598 
f 408/408/8599 324/324/8600 406/406/8601 
f 406/406/8602 324/324/8603 326/326/8604 
f 406/406/8605 326/326/8606 328/328/8607 
f 410/410/8608 388/388/8609 408/408/8610 
f 408/408/8611 388/388/8612 390/390/8613 
f 408/408/8614 390/390/8615 392/392/8616 
f 402/402/8617 382/382/8618 410/410/8619 
f 410/410/8620 382/382/8621 384/384/8622 
f 410/410/8623 384/384/8624 386/386/8625 
f 382/382/8626 402/402/8627 381/381/8628 
f 381/381/8629 402/402/8630 400/400/8631 
f 381/381/8632 400/400/8633 398/398/8634 
f 386/386/8635 388/388/8636 410/410/8637 
f 392/392/8638 394/394/8639 408/408/8640 
f 408/408/8641 394/394/8642 396/396/8643 
f 408/408/8644 396/396/8645 323/323/8646 
f 323/323/8647 396/396/8648 346/346/8649 
f 346/346/8650 396/396/8651 377/377/8652 
f 346/346/8653 377/377/8654 344/344/8655 
f 344/344/8656 377/377/8657 350/350/8658 
f 344/344/8659 350/350/8660 342/342/8661 
f 342/342/8662 350/350/8663 340/340/8664 
f 340/340/8665 350/350/8666 338/338/8667 
f 338/338/8668 350/350/8669 336/336/8670 
f 336/336/8671 350/350/8672 334/334/8673 
f 334/334/8674 350/350/8675 333/333/8676 
f 333/333/8677 350/350/8678 348/348/8679 
f 377/377/8680 378/378/8681 350/350/8682 
f 350/350/8683 378/378/8684 374/374/8685 
f 350/350/8686 374/374/8687 372/372/8688 
f 350/350/8689 372/372/8690 358/358/8691 
f 358/358/8692 372/372/8693 370/370/8694 
f 358/358/8695 370/370/8696 368/368/8697 
f 358/358/8698 368/368/8699 356/356/8700 
f 356/356/8701 368/368/8702 366/366/8703 
f 356/356/8704 366/366/8705 354/354/8706 
f 354/354/8707 366/366/8708 364/364/8709 
f 354/354/8710 364/364/8711 353/353/8712 
f 353/353/8713 364/364/8714 361/361/8715 
f 353/353/8716 361/361/8717 362/362/8718 
f 323/323/8719 324/324/8720 408/408/8721 
f 320/320/8722 214/214/8723 405/405/8724 
f 405/405/8725 214/214/8726 212/212/8727 
f 146/146/8728 145/145/8729 416/416/8730 
f 416/416/8731 145/145/8732 208/208/8733 
f 416/416/8734 208/208/8735 206/206/8736 
f 206/206/8737 204/204/8738 416/416/8739 
f 416/416/8740 204/204/8741 202/202/8742 
f 416/416/8743 202/202/8744 200/200/8745 
f 200/200/8746 198/198/8747 416/416/8748 
f 416/416/8749 198/198/8750 196/196/8751 
f 192/192/8752 175/175/8753 414/414/8754 
f 414/414/8755 175/175/8756 87/87/8757 
f 82/82/8758 80/80/8759 755/755/8760 
f 64/64/8761 66/66/8762 34/34/8763 
f 34/34/8764 66/66/8765 32/32/8766 
f 32/32/8767 66/66/8768 30/30/8769 
f 30/30/8770 66/66/8771 29/29/8772 
f 29/29/8773 66/66/8774 68/68/8775 
f 29/29/8776 68/68/8777 48/48/8778 
f 48/48/8779 68/68/8780 46/46/8781 
f 46/46/8782 68/68/8783 52/52/8784 
f 46/46/8785 52/52/8786 44/44/8787 
f 44/44/8788 52/52/8789 50/50/8790 
f 44/44/8791 50/50/8792 43/43/8793 
f 22/22/8794 8/8/8795 24/24/8796 
f 24/24/8797 8/8/8798 10/10/8799 
f 24/24/8800 10/10/8801 12/12/8802 
f 20/20/8803 16/16/8804 22/22/8805 
f 22/22/8806 16/16/8807 7/7/8808 
f 22/22/8809 7/7/8810 8/8/8811 
f 18/18/8812 15/15/8813 20/20/8814 
f 20/20/8815 15/15/8816 16/16/8817 
f 1530/1530/8818 1546/1546/8819 1531/1531/8820 
f 1531/1531/8821 1546/1546/8822 37/37/8823 
f 1531/1531/8824 37/37/8825 35/35/8826 
f 37/37/8827 1546/1546/8828 39/39/8829 
f 39/39/8830 1546/1546/8831 1544/1544/8832 
f 39/39/8833 1544/1544/8834 25/25/8835 
f 25/25/8836 1544/1544/8837 1542/1542/8838 
f 25/25/8839 1542/1542/8840 23/23/8841 
f 23/23/8842 1542/1542/8843 1540/1540/8844 
f 23/23/8845 1540/1540/8846 11/11/8847 
f 11/11/8848 1540/1540/8849 1538/1538/8850 
f 11/11/8851 1538/1538/8852 1536/1536/8853 
f 1536/1536/8854 1534/1534/8855 11/11/8856 
f 11/11/8857 1534/1534/8858 2/2/8859 
f 11/11/8860 2/2/8861 1/1/8862 
f 11/11/8863 9/9/8864 23/23/8865 
f 23/23/8866 9/9/8867 6/6/8868 
f 23/23/8869 6/6/8870 21/21/8871 
f 21/21/8872 6/6/8873 5/5/8874 
f 21/21/8875 5/5/8876 14/14/8877 
f 21/21/8878 14/14/8879 19/19/8880 
f 19/19/8881 14/14/8882 13/13/8883 
f 19/19/8884 13/13/8885 17/17/8886 
f 1531/1531/8887 35/35/8888 760/760/8889 
f 760/760/8890 35/35/8891 33/33/8892 
f 760/760/8893 33/33/8894 758/758/8895 
f 758/758/8896 33/33/8897 63/63/8898 
f 758/758/8899 63/63/8900 979/979/8901 
f 979/979/8902 63/63/8903 981/981/8904 
f 981/981/8905 63/63/8906 983/983/8907 
f 983/983/8908 63/63/8909 985/985/8910 
f 985/985/8911 63/63/8912 61/61/8913 
f 985/985/8914 61/61/8915 987/987/8916 
f 987/987/8917 61/61/8918 989/989/8919 
f 989/989/8920 61/61/8921 991/991/8922 
f 991/991/8923 61/61/8924 993/993/8925 
f 993/993/8926 61/61/8927 995/995/8928 
f 995/995/8929 61/61/8930 59/59/8931 
f 995/995/8932 59/59/8933 997/997/8934 
f 997/997/8935 59/59/8936 756/756/8937 
f 756/756/8938 59/59/8939 71/71/8940 
f 756/756/8941 71/71/8942 79/79/8943 
f 63/63/8944 33/33/8945 65/65/8946 
f 65/65/8947 33/33/8948 31/31/8949 
f 65/65/8950 31/31/8951 28/28/8952 
f 28/28/8953 27/27/8954 65/65/8955 
f 65/65/8956 27/27/8957 67/67/8958 
f 67/67/8959 27/27/8960 47/47/8961 
f 67/67/8962 47/47/8963 45/45/8964 
f 67/67/8965 45/45/8966 51/51/8967 
f 51/51/8968 45/45/8969 42/42/8970 
f 51/51/8971 42/42/8972 49/49/8973 
f 49/49/8974 42/42/8975 41/41/8976 
f 71/71/8977 59/59/8978 72/72/8979 
f 72/72/8980 59/59/8981 57/57/8982 
f 72/72/8983 57/57/8984 75/75/8985 
f 75/75/8986 57/57/8987 54/54/8988 
f 75/75/8989 54/54/8990 77/77/8991 
f 77/77/8992 54/54/8993 53/53/8994 
f 77/77/8995 53/53/8996 69/69/8997 
f 756/756/8998 79/79/8999 754/754/9000 
f 754/754/9001 79/79/9002 81/81/9003 
f 754/754/9004 81/81/9005 83/83/9006 
f 83/83/9007 91/91/9008 754/754/9009 
f 754/754/9010 91/91/9011 752/752/9012 
f 752/752/9013 91/91/9014 89/89/9015 
f 752/752/9016 89/89/9017 86/86/9018 
f 752/752/9019 86/86/9020 750/750/9021 
f 750/750/9022 86/86/9023 85/85/9024 
f 750/750/9025 85/85/9026 412/412/9027 
f 412/412/9028 85/85/9029 171/171/9030 
f 412/412/9031 171/171/9032 169/169/9033 
f 169/169/9034 167/167/9035 412/412/9036 
f 412/412/9037 167/167/9038 165/165/9039 
f 412/412/9040 165/165/9041 415/415/9042 
f 415/415/9043 165/165/9044 163/163/9045 
f 415/415/9046 163/163/9047 161/161/9048 
f 161/161/9049 159/159/9050 415/415/9051 
f 415/415/9052 159/159/9053 157/157/9054 
f 415/415/9055 157/157/9056 155/155/9057 
f 155/155/9058 153/153/9059 415/415/9060 
f 415/415/9061 153/153/9062 151/151/9063 
f 415/415/9064 151/151/9065 149/149/9066 
f 149/149/9067 147/147/9068 415/415/9069 
f 415/415/9070 147/147/9071 93/93/9072 
f 415/415/9073 93/93/9074 403/403/9075 
f 403/403/9076 93/93/9077 95/95/9078 
f 403/403/9079 95/95/9080 319/319/9081 
f 319/319/9082 329/329/9083 403/403/9084 
f 403/403/9085 329/329/9086 327/327/9087 
f 403/403/9088 327/327/9089 404/404/9090 
f 404/404/9091 327/327/9092 325/325/9093 
f 404/404/9094 325/325/9095 322/322/9096 
f 404/404/9097 322/322/9098 407/407/9099 
f 407/407/9100 322/322/9101 321/321/9102 
f 407/407/9103 321/321/9104 395/395/9105 
f 395/395/9106 321/321/9107 345/345/9108 
f 395/395/9109 345/345/9110 375/375/9111 
f 375/375/9112 345/345/9113 343/343/9114 
f 375/375/9115 343/343/9116 349/349/9117 
f 349/349/9118 343/343/9119 341/341/9120 
f 349/349/9121 341/341/9122 339/339/9123 
f 339/339/9124 337/337/9125 349/349/9126 
f 349/349/9127 337/337/9128 335/335/9129 
f 349/349/9130 335/335/9131 332/332/9132 
f 332/332/9133 331/331/9134 349/349/9135 
f 349/349/9136 331/331/9137 347/347/9138 
f 357/357/9139 371/371/9140 349/349/9141 
f 349/349/9142 371/371/9143 373/373/9144 
f 349/349/9145 373/373/9146 376/376/9147 
f 355/355/9148 367/367/9149 357/357/9150 
f 357/357/9151 367/367/9152 369/369/9153 
f 357/357/9154 369/369/9155 371/371/9156 
f 367/367/9157 355/355/9158 365/365/9159 
f 365/365/9160 355/355/9161 352/352/9162 
f 365/365/9163 352/352/9164 363/363/9165 
f 363/363/9166 352/352/9167 351/351/9168 
f 363/363/9169 351/351/9170 359/359/9171 
f 359/359/9172 351/351/9173 360/360/9174 
f 376/376/9175 375/375/9176 349/349/9177 
f 395/395/9178 393/393/9179 407/407/9180 
f 407/407/9181 393/393/9182 391/391/9183 
f 407/407/9184 391/391/9185 389/389/9186 
f 389/389/9187 387/387/9188 407/407/9189 
f 407/407/9190 387/387/9191 409/409/9192 
f 409/409/9193 387/387/9194 385/385/9195 
f 409/409/9196 385/385/9197 383/383/9198 
f 383/383/9199 380/380/9200 409/409/9201 
f 409/409/9202 380/380/9203 401/401/9204 
f 401/401/9205 380/380/9206 379/379/9207 
f 401/401/9208 379/379/9209 399/399/9210 
f 399/399/9211 379/379/9212 397/397/9213 
f 411/411/9214 746/746/9215 412/412/9216 
f 412/412/9217 746/746/9218 748/748/9219 
f 412/412/9220 748/748/9221 750/750/9222 
f 417/417/9223 741/741/9224 411/411/9225 
f 411/411/9226 741/741/9227 740/740/9228 
f 411/411/9229 740/740/9230 744/744/9231 
f 741/741/9232 417/417/9233 738/738/9234 
f 738/738/9235 417/417/9236 419/419/9237 
f 738/738/9238 419/419/9239 423/423/9240 
f 423/423/9241 419/419/9242 542/542/9243 
f 423/423/9244 542/542/9245 540/540/9246 
f 540/540/9247 538/538/9248 423/423/9249 
f 423/423/9250 538/538/9251 536/536/9252 
f 423/423/9253 536/536/9254 421/421/9255 
f 421/421/9256 536/536/9257 534/534/9258 
f 421/421/9259 534/534/9260 528/528/9261 
f 528/528/9262 534/534/9263 532/532/9264 
f 528/528/9265 532/532/9266 530/530/9267 
f 744/744/9268 746/746/9269 411/411/9270 
